Country,Crop,Year,Avg_Rainfall_mm,Avg_Temp_C,Pesticides_tonnes,Yield_Hg_Ha,Season,Climate_Zone,Soil_Quality_Index
Brazil,Cotton,2014,1717.59,23.97,8.581,13.77,Kharif,Subtropical,110.00000000000001
China,Maize,2023,1000.68,14.86,37.426,52.98,Kharif,Temperate,110.00000000000001
Brazil,Sugarcane,2005,401.4,31.84,33.961,497.98,Whole Year,Tropical,110.00000000000001
Argentina,Soybean,2016,1344.59,20.0,2.8,35.55,Whole Year,Subtropical,110.00000000000001
Australia,Sugarcane,2014,1513.09,19.65,61.452,930.87,Whole Year,Subtropical,110.00000000000001
Argentina,Maize,2006,706.94,13.3,56.933,74.17,Rabi,Temperate,110.00000000000001
USA,Wheat,2008,428.74,16.62,16.269,40.91,Rabi,Temperate,110.00000000000001
Brazil,Cotton,2007,461.9,30.19,14.233,22.31,Rabi,Tropical,110.00000000000001
USA,Sugarcane,2005,774.29,23.35,2.114,777.66,Whole Year,Subtropical,110.00000000000001
Brazil,Wheat,2009,2010.69,23.96,50.703,15.97,Rabi,Subtropical,110.00000000000001
Brazil,Rice,2007,1920.16,26.95,29.683,47.46,Kharif,Tropical,110.00000000000001
India,Soybean,2012,653.66,28.04,3.168,24.12,Whole Year,Tropical,110.00000000000001
India,Soybean,2007,409.94,28.31,30.041,19.66,Whole Year,Tropical,110.00000000000001
India,Maize,2004,2067.34,25.02,38.886,32.32,Kharif,Subtropical,110.00000000000001
Brazil,Wheat,2000,514.41,18.22,17.885,34.48,Rabi,Subtropical,110.00000000000001
Australia,Maize,2002,1249.99,14.39,44.578,64.45,Kharif,Temperate,110.00000000000001
USA,Potato,2013,1288.83,22.45,28.859,198.41,Whole Year,Subtropical,110.00000000000001
Argentina,Maize,2006,1255.67,23.27,41.731,54.84,Kharif,Subtropical,110.00000000000001
Argentina,Potato,2010,765.51,30.86,35.932,222.66,Whole Year,Tropical,110.00000000000001
Brazil,Wheat,2009,1854.62,24.67,47.93,25.07,Rabi,Subtropical,110.00000000000001
Brazil,Soybean,2010,983.82,14.44,19.596,31.74,Whole Year,Temperate,110.00000000000001
India,Rice,2019,1034.62,18.1,6.998,27.92,Kharif,Subtropical,110.00000000000001
Australia,Cotton,2000,615.76,18.75,58.932,19.6,Rabi,Subtropical,110.00000000000001
India,Soybean,2016,516.81,17.08,10.492,21.66,Whole Year,Temperate,110.00000000000001
China,Rice,2004,912.71,12.74,35.05,27.52,Kharif,Temperate,110.00000000000001
Australia,Potato,2004,1021.13,24.69,42.544,250.85,Whole Year,Subtropical,110.00000000000001
USA,Barley,2005,835.7,25.44,51.409,38.21,Rabi,Subtropical,110.00000000000001
Australia,Barley,2004,1538.15,24.67,33.486,24.14,Rabi,Subtropical,110.00000000000001
India,Rice,2005,1652.46,29.17,13.853,32.27,Kharif,Tropical,110.00000000000001
USA,Maize,2018,1027.6,13.92,63.485,74.58,Kharif,Temperate,110.00000000000001
USA,Barley,2000,1616.24,26.7,14.112,27.87,Rabi,Tropical,110.00000000000001
USA,Maize,2006,1587.97,28.34,37.476,55.54,Kharif,Tropical,110.00000000000001
USA,Rice,2015,2137.75,23.17,59.578,43.23,Kharif,Subtropical,110.00000000000001
India,Maize,2018,1706.72,29.94,37.701,38.19,Kharif,Tropical,110.00000000000001
Brazil,Maize,2016,690.93,29.97,33.354,43.17,Rabi,Tropical,110.00000000000001
Australia,Rice,2002,2152.59,17.68,19.085,32.59,Kharif,Temperate,110.00000000000001
China,Barley,2008,716.67,12.36,28.399,30.65,Rabi,Temperate,110.00000000000001
China,Rice,2000,1376.57,22.18,36.589,40.15,Kharif,Subtropical,110.00000000000001
Australia,Sugarcane,2005,1107.58,29.84,39.446,988.44,Whole Year,Tropical,110.00000000000001
Australia,Rice,2014,1286.53,15.9,45.153,39.55,Kharif,Temperate,110.00000000000001
China,Barley,2016,478.49,31.89,27.022,23.4,Rabi,Tropical,110.00000000000001
Australia,Maize,2008,2115.53,18.62,34.548,40.84,Kharif,Subtropical,110.00000000000001
Brazil,Rice,2019,930.01,19.7,46.813,35.41,Kharif,Subtropical,110.00000000000001
USA,Rice,2009,2085.08,25.92,38.479,41.4,Kharif,Subtropical,110.00000000000001
Australia,Potato,2001,857.49,17.91,20.159,267.43,Whole Year,Temperate,110.00000000000001
India,Maize,2021,1047.08,17.87,34.398,60.97,Kharif,Temperate,110.00000000000001
India,Barley,2012,546.87,12.1,26.686,21.57,Rabi,Temperate,110.00000000000001
Australia,Barley,2013,2002.01,18.76,23.474,22.36,Rabi,Subtropical,110.00000000000001
Australia,Maize,2021,1463.5,12.61,2.334,58.63,Kharif,Temperate,110.00000000000001
Australia,Maize,2004,1340.04,27.4,13.489,58.51,Kharif,Tropical,110.00000000000001
Brazil,Sugarcane,2012,749.88,20.23,38.473,457.88,Whole Year,Subtropical,110.00000000000001
Argentina,Wheat,2009,981.32,27.9,16.25,30.23,Rabi,Tropical,110.00000000000001
USA,Cotton,2020,545.57,20.57,46.474,20.93,Rabi,Subtropical,110.00000000000001
USA,Rice,2014,850.44,22.98,48.235,52.93,Kharif,Subtropical,110.00000000000001
Argentina,Rice,2015,1330.05,25.14,26.14,62.18,Kharif,Subtropical,110.00000000000001
China,Soybean,2015,685.56,14.4,19.658,21.51,Whole Year,Temperate,110.00000000000001
India,Sugarcane,2013,2163.12,15.51,0.729,403.17,Whole Year,Temperate,110.00000000000001
Argentina,Potato,2003,711.76,20.68,23.91,240.2,Whole Year,Subtropical,110.00000000000001
Argentina,Soybean,2001,869.61,12.31,56.006,27.88,Whole Year,Temperate,110.00000000000001
Argentina,Cotton,2003,1508.53,30.88,56.655,25.65,Kharif,Tropical,110.00000000000001
China,Soybean,2023,1618.9,23.47,7.389,29.7,Whole Year,Subtropical,110.00000000000001
China,Cotton,2011,1094.98,31.22,52.058,22.36,Kharif,Tropical,110.00000000000001
Argentina,Soybean,2013,432.8,13.89,40.98,20.08,Whole Year,Temperate,110.00000000000001
Argentina,Wheat,2009,441.89,28.29,16.911,21.06,Rabi,Tropical,110.00000000000001
Argentina,Wheat,2012,2085.97,12.78,25.077,25.22,Rabi,Temperate,110.00000000000001
Brazil,Wheat,2004,1751.11,28.14,54.478,19.44,Rabi,Tropical,110.00000000000001
USA,Rice,2006,1444.98,29.34,37.926,57.27,Kharif,Tropical,110.00000000000001
Argentina,Potato,2002,585.62,30.05,30.315,207.75,Whole Year,Tropical,110.00000000000001
Australia,Cotton,2018,1100.56,12.22,56.586,15.91,Kharif,Temperate,110.00000000000001
Brazil,Sugarcane,2019,1432.19,24.64,24.665,806.14,Whole Year,Subtropical,110.00000000000001
India,Soybean,2020,1754.27,27.83,33.559,12.91,Whole Year,Tropical,110.00000000000001
USA,Wheat,2006,2192.68,13.12,49.75,22.86,Rabi,Temperate,110.00000000000001
China,Wheat,2014,657.39,27.23,35.548,24.78,Rabi,Tropical,110.00000000000001
Australia,Cotton,2007,530.97,28.44,44.14,21.49,Rabi,Tropical,110.00000000000001
Argentina,Sugarcane,2018,1446.35,29.26,52.822,959.12,Whole Year,Tropical,110.00000000000001
India,Cotton,2003,1030.39,26.16,20.471,17.09,Kharif,Tropical,110.00000000000001
China,Wheat,2018,600.16,21.85,0.653,33.01,Rabi,Subtropical,110.00000000000001
USA,Soybean,2007,611.55,24.98,50.358,36.96,Whole Year,Subtropical,110.00000000000001
Australia,Rice,2016,549.2,22.57,27.271,41.78,Rabi,Subtropical,110.00000000000001
Argentina,Barley,2012,477.69,29.82,31.662,36.25,Rabi,Tropical,110.00000000000001
Argentina,Soybean,2002,1651.74,13.51,9.973,15.95,Whole Year,Temperate,110.00000000000001
India,Cotton,2021,1451.77,30.02,1.931,14.46,Kharif,Tropical,110.00000000000001
Australia,Soybean,2023,1516.24,17.55,11.758,27.05,Whole Year,Temperate,110.00000000000001
USA,Soybean,2017,878.69,19.21,17.547,38.93,Whole Year,Subtropical,110.00000000000001
India,Rice,2000,1140.17,24.06,11.516,24.8,Kharif,Subtropical,110.00000000000001
China,Cotton,2005,2109.64,26.51,35.271,13.65,Kharif,Tropical,110.00000000000001
Australia,Wheat,2012,696.7,20.23,48.6,42.24,Rabi,Subtropical,110.00000000000001
India,Maize,2020,1749.24,19.86,35.239,40.23,Kharif,Subtropical,110.00000000000001
India,Wheat,2008,1146.68,17.47,2.396,30.61,Rabi,Temperate,110.00000000000001
India,Cotton,2004,2193.95,23.11,32.682,11.2,Kharif,Subtropical,110.00000000000001
USA,Maize,2016,833.95,16.1,16.972,67.81,Kharif,Temperate,110.00000000000001
Brazil,Sugarcane,2000,1609.06,24.36,19.699,607.17,Whole Year,Subtropical,110.00000000000001
USA,Wheat,2001,1257.18,28.63,20.775,33.39,Rabi,Tropical,110.00000000000001
Brazil,Cotton,2016,641.23,12.58,41.533,17.59,Rabi,Temperate,110.00000000000001
USA,Maize,2018,2025.67,24.35,66.181,56.94,Kharif,Subtropical,110.00000000000001
USA,Sugarcane,2014,1187.45,30.08,23.507,995.63,Whole Year,Tropical,110.00000000000001
Brazil,Sugarcane,2022,1342.48,25.95,43.806,937.55,Whole Year,Subtropical,110.00000000000001
India,Wheat,2016,864.84,21.18,41.651,30.63,Rabi,Subtropical,110.00000000000001
Argentina,Sugarcane,2010,1443.37,18.83,32.236,775.46,Whole Year,Subtropical,110.00000000000001
China,Sugarcane,2015,1553.57,15.64,19.876,821.62,Whole Year,Temperate,110.00000000000001
China,Maize,2017,1483.48,16.48,47.253,51.64,Kharif,Temperate,110.00000000000001
USA,Cotton,2021,559.66,14.41,31.103,18.2,Rabi,Temperate,110.00000000000001
USA,Rice,2013,994.18,18.43,6.23,40.95,Kharif,Subtropical,110.00000000000001
Australia,Potato,2023,1972.44,30.42,3.817,116.71,Whole Year,Tropical,110.00000000000001
India,Barley,2016,1475.1,31.73,22.805,21.74,Rabi,Tropical,110.00000000000001
Australia,Wheat,2022,1356.28,26.41,3.896,25.26,Rabi,Tropical,110.00000000000001
China,Potato,2002,2011.37,22.23,30.597,108.84,Whole Year,Subtropical,110.00000000000001
USA,Sugarcane,2002,1114.89,14.1,49.775,537.01,Whole Year,Temperate,110.00000000000001
India,Rice,2006,560.57,22.71,9.912,20.5,Rabi,Subtropical,110.00000000000001
India,Soybean,2009,1820.51,21.97,3.694,15.97,Whole Year,Subtropical,110.00000000000001
USA,Potato,2007,1455.76,23.29,25.567,204.51,Whole Year,Subtropical,110.00000000000001
Brazil,Wheat,2001,839.84,21.96,18.169,39.68,Rabi,Subtropical,110.00000000000001
Argentina,Sugarcane,2020,675.15,16.92,9.641,436.77,Whole Year,Temperate,110.00000000000001
Australia,Sugarcane,2023,2014.18,13.6,32.782,583.29,Whole Year,Temperate,110.00000000000001
Brazil,Barley,2005,1116.14,31.39,47.603,31.55,Rabi,Tropical,110.00000000000001
India,Sugarcane,2023,1701.21,28.42,30.534,752.19,Whole Year,Tropical,110.00000000000001
USA,Maize,2012,1785.09,15.74,21.848,47.48,Kharif,Temperate,110.00000000000001
India,Soybean,2016,1353.71,26.14,32.631,16.3,Whole Year,Tropical,110.00000000000001
Australia,Maize,2003,977.16,23.88,23.077,70.87,Kharif,Subtropical,110.00000000000001
Argentina,Potato,2009,2181.93,18.45,48.592,112.44,Whole Year,Subtropical,110.00000000000001
Argentina,Rice,2016,610.05,21.46,36.366,41.07,Rabi,Subtropical,110.00000000000001
India,Cotton,2011,1135.33,30.66,42.115,16.21,Kharif,Tropical,110.00000000000001
China,Maize,2000,1734.02,23.49,48.405,39.33,Kharif,Subtropical,110.00000000000001
India,Cotton,2013,1839.17,28.5,7.922,11.26,Kharif,Tropical,110.00000000000001
Australia,Wheat,2003,969.15,23.77,42.686,36.82,Rabi,Subtropical,110.00000000000001
Australia,Barley,2018,1523.38,22.8,27.422,36.7,Rabi,Subtropical,110.00000000000001
India,Rice,2014,1091.0,22.87,38.525,36.11,Kharif,Subtropical,110.00000000000001
China,Sugarcane,2005,999.07,26.61,39.889,634.53,Whole Year,Tropical,110.00000000000001
Argentina,Rice,2019,1734.63,23.46,59.862,64.71,Kharif,Subtropical,110.00000000000001
Argentina,Cotton,2022,657.63,16.09,42.844,21.73,Rabi,Temperate,110.00000000000001
USA,Rice,2021,1878.26,14.21,57.136,36.7,Kharif,Temperate,110.00000000000001
Argentina,Barley,2004,1275.44,20.18,46.313,29.38,Rabi,Subtropical,110.00000000000001
China,Maize,2003,1376.9,17.04,19.878,42.73,Kharif,Temperate,110.00000000000001
USA,Barley,2005,809.23,20.47,19.435,49.27,Rabi,Subtropical,110.00000000000001
USA,Cotton,2007,1310.6,24.23,1.222,28.24,Kharif,Subtropical,110.00000000000001
Brazil,Soybean,2003,2053.75,27.8,1.266,15.11,Whole Year,Tropical,110.00000000000001
India,Soybean,2008,1163.44,26.73,39.711,25.68,Whole Year,Tropical,110.00000000000001
India,Sugarcane,2004,2172.71,28.78,5.298,578.29,Whole Year,Tropical,110.00000000000001
Australia,Potato,2018,1464.3,19.98,3.423,189.72,Whole Year,Subtropical,110.00000000000001
Brazil,Rice,2020,1486.7,14.29,22.798,46.88,Kharif,Temperate,110.00000000000001
Australia,Wheat,2006,1024.52,26.75,28.264,28.73,Rabi,Tropical,110.00000000000001
Brazil,Maize,2018,846.81,23.55,9.103,53.86,Kharif,Subtropical,110.00000000000001
India,Rice,2010,1538.08,12.26,28.2,22.16,Kharif,Temperate,110.00000000000001
Brazil,Rice,2016,1403.15,29.21,29.429,47.06,Kharif,Tropical,110.00000000000001
India,Barley,2012,1115.17,20.54,33.991,28.0,Rabi,Subtropical,110.00000000000001
Australia,Cotton,2016,465.79,21.44,35.303,18.26,Rabi,Subtropical,110.00000000000001
Australia,Maize,2014,1349.77,22.69,30.068,69.76,Kharif,Subtropical,110.00000000000001
China,Potato,2003,727.47,29.24,54.402,186.33,Whole Year,Tropical,110.00000000000001
USA,Maize,2013,1347.84,28.01,66.078,82.18,Kharif,Tropical,110.00000000000001
Argentina,Barley,2000,1393.1,17.08,11.767,34.0,Rabi,Temperate,110.00000000000001
Australia,Rice,2014,1425.0,29.75,34.795,70.03,Kharif,Tropical,110.00000000000001
China,Barley,2023,1700.08,29.11,47.738,24.85,Rabi,Tropical,110.00000000000001
Argentina,Sugarcane,2020,1131.51,18.48,5.216,732.88,Whole Year,Subtropical,110.00000000000001
India,Potato,2020,447.76,15.63,24.779,135.08,Whole Year,Temperate,110.00000000000001
USA,Rice,2014,1524.57,18.72,55.695,54.51,Kharif,Subtropical,110.00000000000001
Brazil,Soybean,2004,1021.35,27.48,19.952,31.2,Whole Year,Tropical,110.00000000000001
China,Soybean,2021,1803.57,14.28,32.532,25.12,Whole Year,Temperate,110.00000000000001
India,Wheat,2018,1322.42,26.83,29.701,20.59,Rabi,Tropical,110.00000000000001
India,Sugarcane,2021,1902.87,31.69,22.342,500.41,Whole Year,Tropical,110.00000000000001
Argentina,Maize,2005,2045.74,14.36,34.591,30.57,Kharif,Temperate,110.00000000000001
India,Cotton,2005,1893.54,16.13,0.467,6.75,Kharif,Temperate,110.00000000000001
India,Potato,2005,1717.93,17.01,26.907,108.05,Whole Year,Temperate,110.00000000000001
USA,Cotton,2016,1153.79,19.66,35.027,20.04,Kharif,Subtropical,110.00000000000001
Brazil,Sugarcane,2010,731.87,13.81,42.404,345.36,Whole Year,Temperate,110.00000000000001
China,Barley,2010,1040.21,26.38,17.084,34.94,Rabi,Tropical,110.00000000000001
USA,Potato,2014,2117.36,14.7,32.653,117.52,Whole Year,Temperate,110.00000000000001
Brazil,Maize,2002,1914.75,28.93,52.538,29.8,Kharif,Tropical,110.00000000000001
India,Wheat,2001,591.88,13.5,30.948,22.93,Rabi,Temperate,110.00000000000001
China,Barley,2009,1227.43,13.52,4.472,25.29,Rabi,Temperate,110.00000000000001
China,Sugarcane,2005,1462.42,19.22,5.266,844.43,Whole Year,Subtropical,110.00000000000001
Argentina,Rice,2009,1643.01,22.43,5.202,58.48,Kharif,Subtropical,110.00000000000001
China,Barley,2020,1766.26,26.48,36.641,32.55,Rabi,Tropical,110.00000000000001
USA,Rice,2011,798.18,31.75,63.724,38.44,Rabi,Tropical,110.00000000000001
USA,Barley,2006,2198.84,23.12,31.942,21.13,Rabi,Subtropical,110.00000000000001
Argentina,Potato,2008,746.68,14.31,25.306,230.33,Whole Year,Temperate,110.00000000000001
Australia,Soybean,2006,1219.26,22.45,40.284,36.1,Whole Year,Subtropical,110.00000000000001
China,Soybean,2012,538.52,25.93,19.543,30.63,Whole Year,Subtropical,110.00000000000001
Brazil,Potato,2014,1847.16,22.77,36.391,177.39,Whole Year,Subtropical,110.00000000000001
India,Barley,2012,1508.55,16.66,1.037,28.33,Rabi,Temperate,110.00000000000001
Australia,Maize,2022,733.85,19.68,58.287,67.43,Rabi,Subtropical,110.00000000000001
Australia,Soybean,2016,1123.48,21.6,39.219,44.72,Whole Year,Subtropical,110.00000000000001
India,Wheat,2006,1340.53,26.65,0.142,18.11,Rabi,Tropical,110.00000000000001
Australia,Wheat,2003,1688.0,23.78,17.329,30.17,Rabi,Subtropical,110.00000000000001
India,Potato,2016,1104.93,14.49,40.648,176.46,Whole Year,Temperate,110.00000000000001
Argentina,Maize,2005,2168.19,29.68,36.048,38.31,Kharif,Tropical,110.00000000000001
USA,Rice,2006,2184.1,16.63,63.634,41.24,Kharif,Temperate,110.00000000000001
Argentina,Maize,2012,616.61,12.94,23.045,42.51,Rabi,Temperate,110.00000000000001
USA,Maize,2023,1030.23,13.16,65.414,94.93,Kharif,Temperate,110.00000000000001
China,Soybean,2016,713.01,19.92,43.599,37.41,Whole Year,Subtropical,110.00000000000001
China,Barley,2002,803.99,16.48,30.876,42.64,Rabi,Temperate,110.00000000000001
Australia,Cotton,2001,1223.38,19.82,17.06,19.79,Kharif,Subtropical,110.00000000000001
China,Rice,2001,1951.83,28.19,37.676,47.72,Kharif,Tropical,110.00000000000001
China,Wheat,2023,854.77,12.1,40.004,31.07,Rabi,Temperate,110.00000000000001
USA,Sugarcane,2004,796.33,25.67,5.139,841.79,Whole Year,Subtropical,110.00000000000001
Argentina,Barley,2018,1884.43,18.96,40.681,32.35,Rabi,Subtropical,110.00000000000001
Argentina,Rice,2005,1338.27,29.36,14.717,43.59,Kharif,Tropical,110.00000000000001
India,Cotton,2010,829.64,30.6,4.498,20.4,Kharif,Tropical,110.00000000000001
Brazil,Potato,2004,1985.57,29.44,1.609,119.04,Whole Year,Tropical,110.00000000000001
USA,Barley,2010,811.53,30.17,0.076,35.21,Rabi,Tropical,110.00000000000001
Argentina,Cotton,2011,411.49,17.74,37.016,23.29,Rabi,Temperate,110.00000000000001
India,Barley,2001,1541.21,22.8,33.143,17.07,Rabi,Subtropical,110.00000000000001
Australia,Potato,2009,1178.03,28.8,24.509,171.77,Whole Year,Tropical,110.00000000000001
Argentina,Cotton,2021,2087.01,25.76,4.07,13.91,Kharif,Subtropical,110.00000000000001
India,Soybean,2021,1675.43,21.47,2.462,14.46,Whole Year,Subtropical,110.00000000000001
USA,Wheat,2013,2152.28,31.38,50.601,14.57,Rabi,Tropical,110.00000000000001
Argentina,Soybean,2006,518.13,28.43,22.31,29.55,Whole Year,Tropical,110.00000000000001
China,Wheat,2022,1202.62,17.47,57.335,41.33,Rabi,Temperate,110.00000000000001
Argentina,Rice,2006,1348.64,28.52,17.902,64.14,Kharif,Tropical,110.00000000000001
Australia,Soybean,2021,636.4,29.36,60.202,25.35,Whole Year,Tropical,110.00000000000001
Argentina,Cotton,2014,1155.51,24.77,23.856,22.78,Kharif,Subtropical,110.00000000000001
China,Maize,2000,977.34,26.49,42.886,54.02,Kharif,Tropical,110.00000000000001
India,Rice,2023,1063.35,29.29,20.111,46.89,Kharif,Tropical,110.00000000000001
Australia,Rice,2016,564.1,15.07,28.356,29.21,Rabi,Temperate,110.00000000000001
China,Cotton,2011,458.55,30.42,35.457,26.62,Rabi,Tropical,110.00000000000001
India,Sugarcane,2013,1476.99,24.15,10.52,665.6,Whole Year,Subtropical,110.00000000000001
India,Soybean,2021,1447.55,17.38,33.896,18.18,Whole Year,Temperate,110.00000000000001
Argentina,Rice,2007,1236.28,25.61,23.733,62.86,Kharif,Subtropical,110.00000000000001
Australia,Barley,2010,1650.97,29.2,48.741,20.55,Rabi,Tropical,110.00000000000001
Australia,Maize,2023,662.66,14.06,35.682,51.48,Rabi,Temperate,110.00000000000001
Australia,Sugarcane,2019,1022.83,27.52,58.827,778.55,Whole Year,Tropical,110.00000000000001
India,Rice,2008,1031.13,12.66,3.34,19.5,Kharif,Temperate,110.00000000000001
USA,Sugarcane,2006,761.55,25.86,55.447,620.98,Whole Year,Subtropical,110.00000000000001
Brazil,Rice,2007,1545.57,26.13,1.737,59.85,Kharif,Tropical,110.00000000000001
India,Wheat,2011,1967.74,26.28,34.073,13.42,Rabi,Tropical,110.00000000000001
China,Potato,2006,1589.48,23.06,34.355,205.45,Whole Year,Subtropical,110.00000000000001
China,Potato,2008,695.2,20.77,41.678,245.39,Whole Year,Subtropical,110.00000000000001
Brazil,Cotton,2012,1508.34,18.58,25.86,18.33,Kharif,Subtropical,110.00000000000001
Argentina,Potato,2020,1585.67,21.96,33.322,236.58,Whole Year,Subtropical,110.00000000000001
Australia,Cotton,2023,2154.63,25.01,12.471,16.93,Kharif,Subtropical,110.00000000000001
Argentina,Sugarcane,2014,863.83,21.25,52.096,780.68,Whole Year,Subtropical,110.00000000000001
Argentina,Barley,2019,1531.78,26.71,46.063,31.62,Rabi,Tropical,110.00000000000001
USA,Rice,2018,1441.62,20.77,48.955,62.0,Kharif,Subtropical,110.00000000000001
USA,Potato,2001,1827.32,25.1,66.969,160.34,Whole Year,Subtropical,110.00000000000001
Argentina,Soybean,2002,1521.34,24.63,43.987,20.93,Whole Year,Subtropical,110.00000000000001
Brazil,Barley,2022,1538.57,19.46,28.194,33.26,Rabi,Subtropical,110.00000000000001
Australia,Cotton,2008,845.02,29.41,27.832,29.74,Kharif,Tropical,110.00000000000001
India,Soybean,2001,571.47,25.04,13.266,18.21,Whole Year,Subtropical,110.00000000000001
China,Cotton,2004,985.34,27.47,7.525,31.31,Kharif,Tropical,110.00000000000001
China,Wheat,2002,1195.64,18.62,25.805,37.48,Rabi,Subtropical,110.00000000000001
India,Rice,2004,847.69,24.34,30.038,23.75,Kharif,Subtropical,110.00000000000001
Brazil,Soybean,2010,1725.52,25.28,26.105,24.63,Whole Year,Subtropical,110.00000000000001
Brazil,Barley,2014,1962.89,16.12,6.156,21.07,Rabi,Temperate,110.00000000000001
USA,Rice,2004,2085.89,12.79,8.242,29.63,Kharif,Temperate,110.00000000000001
Argentina,Maize,2004,585.96,23.69,41.292,62.95,Rabi,Subtropical,110.00000000000001
USA,Barley,2010,431.28,18.46,65.684,49.62,Rabi,Subtropical,110.00000000000001
China,Wheat,2022,1600.36,14.79,1.723,26.02,Rabi,Temperate,110.00000000000001
USA,Wheat,2022,692.29,15.77,49.331,40.91,Rabi,Temperate,110.00000000000001
Australia,Cotton,2014,718.87,25.85,52.382,37.11,Rabi,Subtropical,110.00000000000001
USA,Sugarcane,2017,839.47,28.62,58.361,1083.0,Whole Year,Tropical,110.00000000000001
China,Barley,2013,2053.62,24.01,54.1,26.86,Rabi,Subtropical,110.00000000000001
Argentina,Rice,2001,2198.94,12.96,58.63,26.75,Kharif,Temperate,110.00000000000001
Argentina,Rice,2020,1420.63,26.77,52.711,63.34,Kharif,Tropical,110.00000000000001
Australia,Soybean,2005,1188.71,30.03,54.868,25.64,Whole Year,Tropical,110.00000000000001
Argentina,Maize,2000,616.38,22.89,0.346,55.09,Rabi,Subtropical,110.00000000000001
Brazil,Wheat,2006,1414.19,19.61,30.167,31.7,Rabi,Subtropical,110.00000000000001
India,Maize,2011,426.4,23.74,7.159,45.35,Rabi,Subtropical,110.00000000000001
USA,Sugarcane,2008,1083.61,29.27,35.038,935.75,Whole Year,Tropical,110.00000000000001
Argentina,Cotton,2011,668.19,22.53,14.764,23.06,Rabi,Subtropical,110.00000000000001
China,Barley,2022,1863.37,26.36,54.943,19.87,Rabi,Tropical,110.00000000000001
China,Potato,2015,1565.45,29.96,14.0,185.42,Whole Year,Tropical,110.00000000000001
Brazil,Cotton,2012,1032.92,14.03,26.723,15.31,Kharif,Temperate,110.00000000000001
Brazil,Sugarcane,2014,1358.07,23.62,4.929,864.91,Whole Year,Subtropical,110.00000000000001
USA,Rice,2012,1144.39,14.44,12.228,42.42,Kharif,Temperate,110.00000000000001
USA,Potato,2012,732.25,17.91,53.555,230.84,Whole Year,Temperate,110.00000000000001
Brazil,Soybean,2003,556.67,28.31,20.543,23.54,Whole Year,Tropical,110.00000000000001
China,Cotton,2022,1548.37,22.3,34.128,23.52,Kharif,Subtropical,110.00000000000001
USA,Barley,2009,2020.04,19.07,15.989,32.27,Rabi,Subtropical,110.00000000000001
USA,Barley,2018,1932.11,25.43,54.643,33.29,Rabi,Subtropical,110.00000000000001
USA,Rice,2022,1455.9,15.36,49.739,63.76,Kharif,Temperate,110.00000000000001
Argentina,Rice,2021,442.55,24.84,36.426,37.42,Rabi,Subtropical,110.00000000000001
USA,Rice,2013,1537.63,13.17,9.57,37.76,Kharif,Temperate,110.00000000000001
Argentina,Wheat,2002,1196.89,20.92,43.471,26.78,Rabi,Subtropical,110.00000000000001
Brazil,Sugarcane,2018,1485.79,18.74,49.804,921.67,Whole Year,Subtropical,110.00000000000001
Brazil,Barley,2004,2009.54,15.84,17.785,18.85,Rabi,Temperate,110.00000000000001
India,Potato,2003,1196.34,28.64,28.458,104.92,Whole Year,Tropical,110.00000000000001
Argentina,Barley,2005,1467.06,25.6,13.85,27.69,Rabi,Subtropical,110.00000000000001
Australia,Sugarcane,2001,2189.45,25.24,34.861,772.51,Whole Year,Subtropical,110.00000000000001
Australia,Soybean,2007,1444.86,13.78,60.104,27.19,Whole Year,Temperate,110.00000000000001
India,Potato,2015,1137.06,20.45,34.927,131.84,Whole Year,Subtropical,110.00000000000001
Brazil,Barley,2019,1254.8,19.65,6.591,45.88,Rabi,Subtropical,110.00000000000001
Australia,Cotton,2019,2068.6,22.8,52.627,16.78,Kharif,Subtropical,110.00000000000001
Australia,Sugarcane,2017,1818.22,29.29,38.03,988.25,Whole Year,Tropical,110.00000000000001
Brazil,Wheat,2013,611.77,16.55,18.792,32.62,Rabi,Temperate,110.00000000000001
USA,Maize,2008,1317.5,28.51,18.88,74.31,Kharif,Tropical,110.00000000000001
USA,Potato,2005,2054.91,21.94,66.971,201.88,Whole Year,Subtropical,110.00000000000001
USA,Soybean,2014,1114.92,22.79,42.387,43.66,Whole Year,Subtropical,110.00000000000001
USA,Sugarcane,2013,1850.67,27.8,20.566,794.72,Whole Year,Tropical,110.00000000000001
Argentina,Maize,2001,676.82,16.47,57.439,65.27,Rabi,Temperate,110.00000000000001
USA,Rice,2001,638.54,29.24,62.286,44.66,Rabi,Tropical,110.00000000000001
Australia,Barley,2021,1892.8,18.35,59.55,40.79,Rabi,Subtropical,110.00000000000001
Argentina,Cotton,2001,522.71,12.52,8.11,17.4,Rabi,Temperate,110.00000000000001
Brazil,Soybean,2012,2085.61,29.52,15.276,16.96,Whole Year,Tropical,110.00000000000001
Argentina,Maize,2001,1570.36,15.04,3.681,48.81,Kharif,Temperate,110.00000000000001
USA,Rice,2001,1272.28,27.09,41.816,53.98,Kharif,Tropical,110.00000000000001
China,Rice,2002,534.33,27.65,15.26,27.86,Rabi,Tropical,110.00000000000001
Brazil,Rice,2003,1539.74,16.58,12.796,31.64,Kharif,Temperate,110.00000000000001
Argentina,Soybean,2003,1348.67,20.52,7.843,31.9,Whole Year,Subtropical,110.00000000000001
Australia,Barley,2002,1061.97,20.28,51.721,49.44,Rabi,Subtropical,110.00000000000001
Australia,Cotton,2022,1149.08,21.63,1.2,21.6,Kharif,Subtropical,110.00000000000001
USA,Potato,2023,1363.56,16.3,0.818,189.95,Whole Year,Temperate,110.00000000000001
Argentina,Cotton,2017,516.31,12.85,22.285,14.7,Rabi,Temperate,110.00000000000001
China,Potato,2020,1919.84,13.96,28.074,108.66,Whole Year,Temperate,110.00000000000001
Brazil,Barley,2017,1256.83,19.52,21.696,37.26,Rabi,Subtropical,110.00000000000001
Argentina,Wheat,2012,639.66,14.04,39.522,45.6,Rabi,Temperate,110.00000000000001
USA,Soybean,2015,858.41,28.82,2.594,40.25,Whole Year,Tropical,110.00000000000001
Argentina,Soybean,2010,1291.81,19.73,27.007,25.65,Whole Year,Subtropical,110.00000000000001
India,Soybean,2022,1333.13,15.0,31.341,19.97,Whole Year,Temperate,110.00000000000001
Argentina,Barley,2012,468.44,26.92,39.542,37.43,Rabi,Tropical,110.00000000000001
China,Barley,2016,2121.7,26.75,20.312,17.12,Rabi,Tropical,110.00000000000001
China,Soybean,2014,2096.17,27.68,20.403,15.53,Whole Year,Tropical,110.00000000000001
Argentina,Sugarcane,2021,1775.87,17.3,1.257,543.64,Whole Year,Temperate,110.00000000000001
Brazil,Rice,2007,1784.6,24.49,21.007,37.93,Kharif,Subtropical,110.00000000000001
India,Soybean,2003,1794.34,24.88,22.538,11.41,Whole Year,Subtropical,110.00000000000001
USA,Wheat,2020,625.42,21.49,7.692,41.21,Rabi,Subtropical,110.00000000000001
Brazil,Wheat,2010,478.72,14.22,32.919,24.7,Rabi,Temperate,110.00000000000001
China,Sugarcane,2017,2097.54,16.81,6.986,463.82,Whole Year,Temperate,110.00000000000001
Australia,Rice,2023,2186.35,25.43,19.808,56.45,Kharif,Subtropical,110.00000000000001
Brazil,Rice,2014,854.03,27.1,25.33,49.69,Kharif,Tropical,110.00000000000001
Australia,Potato,2022,1581.09,15.55,34.064,235.81,Whole Year,Temperate,110.00000000000001
Australia,Soybean,2012,696.67,14.63,45.374,35.77,Whole Year,Temperate,110.00000000000001
China,Potato,2023,1016.29,20.27,43.596,301.29,Whole Year,Subtropical,110.00000000000001
China,Potato,2021,1417.04,25.78,50.216,226.18,Whole Year,Subtropical,110.00000000000001
Argentina,Potato,2007,1230.8,12.19,14.801,186.79,Whole Year,Temperate,110.00000000000001
India,Soybean,2007,749.12,29.6,27.946,17.87,Whole Year,Tropical,110.00000000000001
Argentina,Barley,2013,1508.77,15.76,21.323,39.83,Rabi,Temperate,110.00000000000001
Brazil,Soybean,2021,1926.49,28.8,45.797,14.29,Whole Year,Tropical,110.00000000000001
India,Wheat,2020,1062.29,18.54,6.328,26.69,Rabi,Subtropical,110.00000000000001
China,Cotton,2003,1093.68,24.87,44.873,21.04,Kharif,Subtropical,110.00000000000001
USA,Cotton,2005,1142.72,25.91,0.217,28.03,Kharif,Subtropical,110.00000000000001
Brazil,Soybean,2012,567.38,23.76,26.454,30.81,Whole Year,Subtropical,110.00000000000001
Argentina,Barley,2022,1665.3,13.06,29.196,33.83,Rabi,Temperate,110.00000000000001
China,Potato,2018,1296.86,13.54,3.367,157.39,Whole Year,Temperate,110.00000000000001
Australia,Wheat,2005,777.72,28.5,32.519,29.55,Rabi,Tropical,110.00000000000001
Australia,Potato,2016,1181.23,13.77,13.788,210.35,Whole Year,Temperate,110.00000000000001
China,Potato,2010,1720.51,17.99,9.975,160.36,Whole Year,Temperate,110.00000000000001
Brazil,Barley,2014,613.01,20.2,46.189,37.63,Rabi,Subtropical,110.00000000000001
India,Wheat,2015,765.29,23.31,41.635,22.98,Rabi,Subtropical,110.00000000000001
China,Rice,2021,891.53,22.36,17.177,50.0,Kharif,Subtropical,110.00000000000001
USA,Maize,2013,805.97,19.54,31.167,83.35,Kharif,Subtropical,110.00000000000001
Argentina,Wheat,2004,1670.83,24.62,2.991,27.7,Rabi,Subtropical,110.00000000000001
China,Rice,2023,1713.11,27.31,9.137,59.45,Kharif,Tropical,110.00000000000001
Brazil,Rice,2019,1582.52,31.13,3.793,39.94,Kharif,Tropical,110.00000000000001
Australia,Sugarcane,2006,844.56,30.13,15.597,631.85,Whole Year,Tropical,110.00000000000001
Australia,Potato,2009,1920.62,17.36,9.774,164.76,Whole Year,Temperate,110.00000000000001
China,Soybean,2017,2031.59,14.78,30.614,16.28,Whole Year,Temperate,110.00000000000001
Australia,Potato,2014,439.28,25.28,60.212,240.57,Whole Year,Subtropical,110.00000000000001
Argentina,Wheat,2011,1817.88,24.49,29.669,29.5,Rabi,Subtropical,110.00000000000001
Argentina,Maize,2022,756.58,23.31,27.836,98.67,Rabi,Subtropical,110.00000000000001
Brazil,Rice,2008,439.66,26.4,22.989,24.46,Rabi,Tropical,110.00000000000001
Australia,Potato,2000,1342.1,14.3,53.759,204.24,Whole Year,Temperate,110.00000000000001
India,Potato,2021,1387.91,24.26,9.611,176.66,Whole Year,Subtropical,110.00000000000001
USA,Cotton,2004,2102.26,29.0,45.159,16.94,Kharif,Tropical,110.00000000000001
China,Cotton,2006,1381.78,13.25,29.469,16.73,Kharif,Temperate,110.00000000000001
USA,Maize,2018,1815.3,16.03,17.457,41.96,Kharif,Temperate,110.00000000000001
Brazil,Sugarcane,2019,1334.89,16.1,48.281,831.39,Whole Year,Temperate,110.00000000000001
Brazil,Sugarcane,2008,1408.33,27.01,30.689,911.38,Whole Year,Tropical,110.00000000000001
Australia,Maize,2007,908.38,19.81,49.897,75.94,Kharif,Subtropical,110.00000000000001
India,Maize,2017,568.13,20.82,8.313,40.58,Rabi,Subtropical,110.00000000000001
Brazil,Soybean,2008,1439.67,24.69,43.885,24.31,Whole Year,Subtropical,110.00000000000001
Australia,Barley,2017,684.32,25.92,49.579,37.19,Rabi,Subtropical,110.00000000000001
China,Cotton,2002,2014.94,15.38,29.155,10.97,Kharif,Temperate,110.00000000000001
Argentina,Barley,2015,673.79,20.81,36.918,34.4,Rabi,Subtropical,110.00000000000001
India,Soybean,2010,1309.37,31.34,17.755,20.61,Whole Year,Tropical,110.00000000000001
Argentina,Sugarcane,2012,981.42,31.94,58.787,871.43,Whole Year,Tropical,110.00000000000001
China,Cotton,2002,1349.32,26.39,51.19,18.02,Kharif,Tropical,110.00000000000001
Argentina,Maize,2008,1874.31,22.82,42.615,44.44,Kharif,Subtropical,110.00000000000001
China,Wheat,2014,1573.0,18.28,14.624,35.69,Rabi,Subtropical,110.00000000000001
Brazil,Soybean,2015,1681.63,28.52,5.535,16.88,Whole Year,Tropical,110.00000000000001
Brazil,Wheat,2008,1731.41,15.83,33.758,24.81,Rabi,Temperate,110.00000000000001
Australia,Rice,2004,1851.15,28.87,15.873,38.85,Kharif,Tropical,110.00000000000001
Argentina,Barley,2001,985.19,25.73,4.178,27.92,Rabi,Subtropical,110.00000000000001
India,Soybean,2000,1906.67,17.59,27.322,14.29,Whole Year,Temperate,110.00000000000001
India,Potato,2005,1048.68,13.37,32.434,131.16,Whole Year,Temperate,110.00000000000001
Brazil,Sugarcane,2003,1968.17,27.32,43.365,809.83,Whole Year,Tropical,110.00000000000001
USA,Maize,2000,1973.61,12.0,11.413,32.57,Kharif,Temperate,110.00000000000001
Australia,Sugarcane,2013,1956.21,22.93,23.775,969.5,Whole Year,Subtropical,110.00000000000001
Australia,Maize,2019,432.4,20.43,1.698,80.78,Rabi,Subtropical,110.00000000000001
Australia,Barley,2018,2151.0,28.52,43.707,23.93,Rabi,Tropical,110.00000000000001
Argentina,Potato,2013,1708.01,18.1,49.764,158.02,Whole Year,Subtropical,110.00000000000001
Brazil,Sugarcane,2023,1666.63,22.81,5.309,700.26,Whole Year,Subtropical,110.00000000000001
India,Barley,2019,942.28,23.97,12.633,26.61,Rabi,Subtropical,110.00000000000001
Australia,Rice,2003,516.08,29.54,54.829,34.95,Rabi,Tropical,110.00000000000001
Australia,Rice,2023,733.59,13.58,14.969,35.15,Rabi,Temperate,110.00000000000001
Australia,Soybean,2002,882.0,27.78,35.834,34.25,Whole Year,Tropical,110.00000000000001
Brazil,Cotton,2002,1279.07,26.75,28.888,16.6,Kharif,Tropical,110.00000000000001
China,Rice,2001,1982.16,23.44,29.753,38.68,Kharif,Subtropical,110.00000000000001
Brazil,Sugarcane,2011,1235.98,14.75,18.745,467.85,Whole Year,Temperate,110.00000000000001
Australia,Barley,2020,1536.35,23.83,43.915,31.15,Rabi,Subtropical,110.00000000000001
Brazil,Soybean,2003,1092.12,21.75,35.872,37.25,Whole Year,Subtropical,110.00000000000001
USA,Maize,2022,2170.91,17.38,27.471,52.04,Kharif,Temperate,110.00000000000001
USA,Rice,2011,1487.33,30.15,16.123,63.76,Kharif,Tropical,110.00000000000001
India,Cotton,2012,1267.67,15.92,25.958,11.57,Kharif,Temperate,110.00000000000001
India,Cotton,2005,1937.44,12.99,35.416,9.07,Kharif,Temperate,110.00000000000001
India,Wheat,2006,1844.65,23.44,21.788,14.49,Rabi,Subtropical,110.00000000000001
Australia,Rice,2008,1870.03,17.69,51.138,43.36,Kharif,Temperate,110.00000000000001
China,Potato,2022,1973.6,21.87,40.38,205.81,Whole Year,Subtropical,110.00000000000001
Argentina,Potato,2013,697.37,19.8,43.792,296.45,Whole Year,Subtropical,110.00000000000001
Argentina,Cotton,2012,1494.23,18.19,49.427,22.96,Kharif,Subtropical,110.00000000000001
USA,Cotton,2007,1953.18,12.04,48.436,14.25,Kharif,Temperate,110.00000000000001
India,Potato,2019,1635.86,14.29,16.313,110.73,Whole Year,Temperate,110.00000000000001
USA,Cotton,2018,1473.38,22.99,60.772,25.12,Kharif,Subtropical,110.00000000000001
China,Potato,2008,2095.11,25.37,39.024,116.53,Whole Year,Subtropical,110.00000000000001
China,Cotton,2009,1303.88,14.78,6.655,12.8,Kharif,Temperate,110.00000000000001
China,Soybean,2005,617.01,30.05,3.821,23.48,Whole Year,Tropical,110.00000000000001
USA,Rice,2008,1159.66,17.9,32.805,46.91,Kharif,Temperate,110.00000000000001
USA,Cotton,2020,1854.44,16.32,31.496,18.84,Kharif,Temperate,110.00000000000001
Australia,Soybean,2020,1646.49,20.6,42.06,26.0,Whole Year,Subtropical,110.00000000000001
Argentina,Sugarcane,2011,1837.08,28.45,51.454,1142.38,Whole Year,Tropical,110.00000000000001
China,Barley,2021,1670.05,25.77,21.537,23.02,Rabi,Subtropical,110.00000000000001
Argentina,Potato,2003,480.6,27.24,56.799,182.06,Whole Year,Tropical,110.00000000000001
USA,Soybean,2017,1546.42,18.81,4.841,27.3,Whole Year,Subtropical,110.00000000000001
India,Rice,2005,1924.85,22.62,35.773,32.38,Kharif,Subtropical,110.00000000000001
Australia,Rice,2003,701.25,31.44,14.28,45.96,Rabi,Tropical,110.00000000000001
China,Maize,2012,1091.57,12.78,1.78,49.25,Kharif,Temperate,110.00000000000001
USA,Maize,2017,963.77,14.94,32.93,62.97,Kharif,Temperate,110.00000000000001
USA,Cotton,2004,2120.65,18.28,59.967,14.36,Kharif,Subtropical,110.00000000000001
Brazil,Rice,2016,558.76,24.14,8.337,24.58,Rabi,Subtropical,110.00000000000001
Australia,Soybean,2004,677.46,23.07,33.857,37.88,Whole Year,Subtropical,110.00000000000001
China,Potato,2018,1041.13,28.54,40.768,187.13,Whole Year,Tropical,110.00000000000001
Argentina,Sugarcane,2011,823.07,28.61,32.69,633.26,Whole Year,Tropical,110.00000000000001
Argentina,Maize,2012,1527.22,21.78,24.107,75.13,Kharif,Subtropical,110.00000000000001
Brazil,Wheat,2007,986.48,27.85,25.38,32.08,Rabi,Tropical,110.00000000000001
Brazil,Cotton,2016,1679.59,30.14,7.28,18.95,Kharif,Tropical,110.00000000000001
USA,Maize,2021,1360.1,29.4,8.819,71.19,Kharif,Tropical,110.00000000000001
Brazil,Cotton,2016,1625.36,21.34,1.895,20.04,Kharif,Subtropical,110.00000000000001
China,Maize,2015,568.61,27.09,28.286,54.57,Rabi,Tropical,110.00000000000001
Brazil,Sugarcane,2010,765.8,27.24,21.26,653.79,Whole Year,Tropical,110.00000000000001
India,Maize,2017,1706.29,29.89,19.379,31.03,Kharif,Tropical,110.00000000000001
Brazil,Potato,2012,1257.67,31.92,3.271,114.78,Whole Year,Tropical,110.00000000000001
India,Rice,2000,2007.56,13.25,37.547,20.5,Kharif,Temperate,110.00000000000001
Argentina,Potato,2013,797.34,26.68,45.756,296.08,Whole Year,Tropical,110.00000000000001
Australia,Maize,2002,1646.56,14.69,18.712,41.07,Kharif,Temperate,110.00000000000001
USA,Rice,2023,1719.49,22.57,53.554,80.07,Kharif,Subtropical,110.00000000000001
USA,Barley,2016,561.66,12.05,2.981,36.39,Rabi,Temperate,110.00000000000001
Argentina,Rice,2014,657.13,27.07,46.135,46.8,Rabi,Tropical,110.00000000000001
India,Soybean,2002,1504.49,13.77,20.724,11.65,Whole Year,Temperate,110.00000000000001
Brazil,Sugarcane,2005,951.05,22.98,34.765,661.02,Whole Year,Subtropical,110.00000000000001
USA,Cotton,2018,1340.64,17.99,5.188,21.26,Kharif,Temperate,110.00000000000001
USA,Soybean,2015,1260.87,14.9,47.932,34.86,Whole Year,Temperate,110.00000000000001
Brazil,Wheat,2006,1122.35,17.85,8.378,30.19,Rabi,Temperate,110.00000000000001
Australia,Cotton,2006,1257.59,16.52,40.03,24.01,Kharif,Temperate,110.00000000000001
Argentina,Maize,2020,1149.02,27.19,11.271,72.19,Kharif,Tropical,110.00000000000001
Australia,Wheat,2009,1878.58,23.09,39.818,25.37,Rabi,Subtropical,110.00000000000001
USA,Soybean,2013,1880.56,28.08,37.294,22.9,Whole Year,Tropical,110.00000000000001
Argentina,Maize,2022,1697.18,20.03,9.517,64.63,Kharif,Subtropical,110.00000000000001
USA,Potato,2010,888.78,20.05,6.936,231.31,Whole Year,Subtropical,110.00000000000001
Argentina,Wheat,2017,897.11,26.14,3.761,40.98,Rabi,Tropical,110.00000000000001
India,Sugarcane,2004,2092.81,13.65,39.563,411.52,Whole Year,Temperate,110.00000000000001
China,Maize,2008,1916.88,18.27,45.364,50.83,Kharif,Subtropical,110.00000000000001
Argentina,Maize,2016,1079.16,30.73,40.508,50.71,Kharif,Tropical,110.00000000000001
USA,Cotton,2000,2074.31,28.88,45.62,14.06,Kharif,Tropical,110.00000000000001
Argentina,Cotton,2010,1599.49,31.32,45.662,25.71,Kharif,Tropical,110.00000000000001
India,Sugarcane,2008,589.66,27.64,27.376,353.48,Whole Year,Tropical,110.00000000000001
Argentina,Sugarcane,2015,1093.22,29.32,28.558,704.39,Whole Year,Tropical,110.00000000000001
Australia,Maize,2011,405.19,29.18,11.626,54.81,Rabi,Tropical,110.00000000000001
Brazil,Potato,2001,781.59,25.15,25.975,240.51,Whole Year,Subtropical,110.00000000000001
India,Soybean,2012,1757.24,12.72,16.776,16.07,Whole Year,Temperate,110.00000000000001
Brazil,Wheat,2002,968.13,24.9,21.732,33.59,Rabi,Subtropical,110.00000000000001
Australia,Rice,2003,553.61,12.86,41.679,28.54,Rabi,Temperate,110.00000000000001
Australia,Wheat,2020,881.67,28.71,0.918,31.76,Rabi,Tropical,110.00000000000001
USA,Sugarcane,2016,623.86,20.27,33.268,617.29,Whole Year,Subtropical,110.00000000000001
India,Soybean,2021,880.02,26.5,37.3,19.89,Whole Year,Tropical,110.00000000000001
USA,Sugarcane,2000,961.35,27.48,52.172,895.72,Whole Year,Tropical,110.00000000000001
USA,Soybean,2021,430.51,27.4,54.483,27.53,Whole Year,Tropical,110.00000000000001
Australia,Potato,2020,1015.25,26.78,13.954,263.2,Whole Year,Tropical,110.00000000000001
Brazil,Barley,2015,939.64,24.93,53.581,46.69,Rabi,Subtropical,110.00000000000001
India,Barley,2010,1893.57,24.12,12.374,14.43,Rabi,Subtropical,110.00000000000001
China,Soybean,2007,518.25,16.56,14.18,24.66,Whole Year,Temperate,110.00000000000001
Brazil,Potato,2011,504.12,31.16,51.85,195.49,Whole Year,Tropical,110.00000000000001
Brazil,Wheat,2010,2132.98,13.51,20.112,15.5,Rabi,Temperate,110.00000000000001
Brazil,Potato,2009,2012.94,28.94,17.333,97.69,Whole Year,Tropical,110.00000000000001
Argentina,Cotton,2007,1544.72,19.76,40.448,15.92,Kharif,Subtropical,110.00000000000001
India,Potato,2019,1007.21,26.5,22.9,133.81,Whole Year,Tropical,110.00000000000001
Australia,Wheat,2016,2075.09,21.95,14.391,17.24,Rabi,Subtropical,110.00000000000001
India,Wheat,2005,1353.39,16.84,21.276,25.81,Rabi,Temperate,110.00000000000001
Argentina,Sugarcane,2005,2071.59,27.22,32.812,643.5,Whole Year,Tropical,110.00000000000001
Australia,Maize,2005,1201.97,16.18,3.124,66.91,Kharif,Temperate,110.00000000000001
China,Cotton,2017,1936.81,16.84,55.236,11.71,Kharif,Temperate,110.00000000000001
China,Soybean,2015,1132.01,31.06,30.046,22.55,Whole Year,Tropical,110.00000000000001
Argentina,Rice,2017,1468.41,13.46,37.341,52.3,Kharif,Temperate,110.00000000000001
Brazil,Soybean,2018,1717.82,19.1,38.407,22.02,Whole Year,Subtropical,110.00000000000001
USA,Wheat,2022,1107.03,29.08,52.184,34.46,Rabi,Tropical,110.00000000000001
Australia,Rice,2010,1599.88,15.25,35.318,49.12,Kharif,Temperate,110.00000000000001
Australia,Soybean,2008,1903.73,27.69,23.562,20.03,Whole Year,Tropical,110.00000000000001
China,Cotton,2023,1854.54,15.56,29.594,15.81,Kharif,Temperate,110.00000000000001
Australia,Cotton,2002,2010.36,12.01,56.336,8.79,Kharif,Temperate,110.00000000000001
China,Wheat,2018,1290.42,22.25,27.689,36.24,Rabi,Subtropical,110.00000000000001
Brazil,Cotton,2002,503.87,20.89,15.155,18.73,Rabi,Subtropical,110.00000000000001
Argentina,Soybean,2019,1432.91,20.31,50.836,38.08,Whole Year,Subtropical,110.00000000000001
USA,Cotton,2019,583.25,22.12,14.908,20.34,Rabi,Subtropical,110.00000000000001
USA,Rice,2016,666.72,25.59,15.18,43.03,Rabi,Subtropical,110.00000000000001
China,Barley,2018,1169.5,18.53,48.28,37.34,Rabi,Subtropical,110.00000000000001
USA,Barley,2004,1155.01,27.61,32.153,35.9,Rabi,Tropical,110.00000000000001
Brazil,Cotton,2007,735.04,18.63,47.027,17.44,Rabi,Subtropical,110.00000000000001
India,Maize,2003,931.44,29.59,19.55,33.79,Kharif,Tropical,110.00000000000001
China,Barley,2003,1648.51,27.42,37.642,19.94,Rabi,Tropical,110.00000000000001
India,Rice,2022,481.73,17.8,39.568,20.65,Rabi,Temperate,110.00000000000001
Argentina,Sugarcane,2008,400.02,20.33,31.351,363.34,Whole Year,Subtropical,110.00000000000001
USA,Barley,2006,766.44,12.2,29.53,51.27,Rabi,Temperate,110.00000000000001
Australia,Potato,2003,2140.32,16.49,41.44,134.14,Whole Year,Temperate,110.00000000000001
Argentina,Cotton,2022,1497.34,29.92,49.082,22.13,Kharif,Tropical,110.00000000000001
China,Sugarcane,2015,2023.49,28.13,56.629,979.39,Whole Year,Tropical,110.00000000000001
Argentina,Sugarcane,2020,669.28,19.61,24.868,659.47,Whole Year,Subtropical,110.00000000000001
China,Wheat,2008,883.92,24.57,27.707,32.36,Rabi,Subtropical,110.00000000000001
Brazil,Potato,2020,1408.17,27.61,38.967,156.36,Whole Year,Tropical,110.00000000000001
India,Rice,2023,686.25,15.6,4.175,24.53,Rabi,Temperate,110.00000000000001
USA,Potato,2016,455.54,13.04,9.597,166.2,Whole Year,Temperate,110.00000000000001
Brazil,Soybean,2020,1941.77,26.02,39.988,20.5,Whole Year,Tropical,110.00000000000001
India,Rice,2002,1268.5,22.13,16.458,37.7,Kharif,Subtropical,110.00000000000001
India,Maize,2010,1910.2,12.23,29.907,31.83,Kharif,Temperate,110.00000000000001
Argentina,Potato,2003,1406.17,22.02,42.372,214.85,Whole Year,Subtropical,110.00000000000001
China,Cotton,2000,955.9,21.65,6.813,26.04,Kharif,Subtropical,110.00000000000001
Australia,Maize,2018,1113.8,14.63,54.081,58.21,Kharif,Temperate,110.00000000000001
Brazil,Soybean,2022,969.79,28.33,27.583,24.0,Whole Year,Tropical,110.00000000000001
Australia,Barley,2022,1429.14,28.66,56.63,25.68,Rabi,Tropical,110.00000000000001
Brazil,Rice,2016,435.63,19.81,10.529,25.02,Rabi,Subtropical,110.00000000000001
Australia,Rice,2004,1718.86,20.09,4.272,49.04,Kharif,Subtropical,110.00000000000001
Australia,Wheat,2015,1000.23,25.55,4.507,30.08,Rabi,Subtropical,110.00000000000001
Brazil,Rice,2012,1812.75,26.67,6.391,53.17,Kharif,Tropical,110.00000000000001
Australia,Cotton,2023,2182.65,18.51,58.83,17.19,Kharif,Subtropical,110.00000000000001
USA,Sugarcane,2009,722.86,31.41,7.648,663.64,Whole Year,Tropical,110.00000000000001
Argentina,Wheat,2019,1160.91,18.93,23.857,36.17,Rabi,Subtropical,110.00000000000001
USA,Wheat,2002,883.36,17.75,44.331,59.4,Rabi,Temperate,110.00000000000001
China,Potato,2006,709.8,30.51,3.929,166.61,Whole Year,Tropical,110.00000000000001
Brazil,Soybean,2018,1522.57,24.97,14.707,18.55,Whole Year,Subtropical,110.00000000000001
China,Sugarcane,2014,1414.59,21.01,38.643,873.43,Whole Year,Subtropical,110.00000000000001
China,Soybean,2001,1958.97,30.93,6.09,11.77,Whole Year,Tropical,110.00000000000001
China,Sugarcane,2018,1989.39,16.05,33.786,664.23,Whole Year,Temperate,110.00000000000001
India,Cotton,2000,427.71,23.66,10.757,13.54,Rabi,Subtropical,110.00000000000001
India,Wheat,2003,1706.31,24.34,31.425,14.68,Rabi,Subtropical,110.00000000000001
Australia,Rice,2009,414.98,20.67,5.789,31.79,Rabi,Subtropical,110.00000000000001
India,Soybean,2014,865.68,20.69,30.747,19.78,Whole Year,Subtropical,110.00000000000001
Brazil,Rice,2010,1547.84,16.84,39.273,33.04,Kharif,Temperate,110.00000000000001
India,Cotton,2022,490.03,30.23,1.254,16.16,Rabi,Tropical,110.00000000000001
Australia,Cotton,2010,845.61,13.25,28.684,21.94,Kharif,Temperate,110.00000000000001
USA,Rice,2010,1470.65,19.44,22.48,64.2,Kharif,Subtropical,110.00000000000001
China,Soybean,2012,1816.19,19.95,29.533,19.26,Whole Year,Subtropical,110.00000000000001
China,Sugarcane,2007,523.23,19.42,52.944,514.48,Whole Year,Subtropical,110.00000000000001
India,Potato,2016,1957.35,30.31,36.543,71.61,Whole Year,Tropical,110.00000000000001
China,Cotton,2001,1534.44,16.97,40.564,14.63,Kharif,Temperate,110.00000000000001
Brazil,Wheat,2010,2085.31,13.28,45.361,17.59,Rabi,Temperate,110.00000000000001
China,Wheat,2012,941.88,22.05,3.23,35.77,Rabi,Subtropical,110.00000000000001
Brazil,Soybean,2014,905.87,26.26,0.632,28.14,Whole Year,Tropical,110.00000000000001
Australia,Sugarcane,2020,688.83,13.41,11.603,519.65,Whole Year,Temperate,110.00000000000001
China,Cotton,2014,1633.24,14.21,16.628,12.28,Kharif,Temperate,110.00000000000001
Brazil,Maize,2023,1396.08,17.1,40.839,46.16,Kharif,Temperate,110.00000000000001
India,Cotton,2022,788.91,28.19,33.42,24.16,Rabi,Tropical,110.00000000000001
India,Wheat,2006,817.21,18.37,38.401,23.61,Rabi,Subtropical,110.00000000000001
Argentina,Maize,2006,748.95,29.18,40.616,72.42,Rabi,Tropical,110.00000000000001
China,Sugarcane,2021,932.7,21.18,23.638,760.2,Whole Year,Subtropical,110.00000000000001
Brazil,Potato,2015,611.59,15.31,0.11,196.37,Whole Year,Temperate,110.00000000000001
Australia,Soybean,2017,934.22,22.83,21.577,37.36,Whole Year,Subtropical,110.00000000000001
USA,Maize,2013,618.69,24.69,39.295,63.59,Rabi,Subtropical,110.00000000000001
USA,Soybean,2010,841.63,13.15,26.395,27.68,Whole Year,Temperate,110.00000000000001
Australia,Soybean,2023,1509.34,23.14,25.986,30.16,Whole Year,Subtropical,110.00000000000001
China,Maize,2009,1141.36,27.07,11.711,53.05,Kharif,Tropical,110.00000000000001
Argentina,Sugarcane,2000,1536.55,22.65,6.924,822.8,Whole Year,Subtropical,110.00000000000001
Argentina,Cotton,2006,657.12,25.84,12.375,23.05,Rabi,Subtropical,110.00000000000001
India,Maize,2006,1791.38,31.03,33.001,29.42,Kharif,Tropical,110.00000000000001
China,Rice,2002,1409.22,24.57,39.596,44.63,Kharif,Subtropical,110.00000000000001
India,Sugarcane,2008,1364.18,28.72,34.909,802.4,Whole Year,Tropical,110.00000000000001
China,Soybean,2018,913.92,22.63,29.357,43.3,Whole Year,Subtropical,110.00000000000001
India,Cotton,2014,1239.36,13.51,16.483,13.75,Kharif,Temperate,110.00000000000001
China,Barley,2015,774.32,12.84,27.557,33.52,Rabi,Temperate,110.00000000000001
Brazil,Potato,2019,1566.97,13.48,20.651,172.74,Whole Year,Temperate,110.00000000000001
Brazil,Barley,2009,978.09,16.4,19.279,37.67,Rabi,Temperate,110.00000000000001
China,Potato,2003,1235.63,26.45,37.762,213.52,Whole Year,Tropical,110.00000000000001
China,Sugarcane,2010,1896.46,28.85,21.461,861.7,Whole Year,Tropical,110.00000000000001
USA,Cotton,2023,1387.15,13.33,51.74,21.09,Kharif,Temperate,110.00000000000001
Argentina,Barley,2012,1030.37,25.55,45.51,29.86,Rabi,Subtropical,110.00000000000001
China,Barley,2011,1736.06,15.4,11.211,33.48,Rabi,Temperate,110.00000000000001
Argentina,Wheat,2016,864.82,24.11,25.99,43.82,Rabi,Subtropical,110.00000000000001
USA,Cotton,2020,1538.3,15.13,31.99,20.83,Kharif,Temperate,110.00000000000001
Australia,Barley,2007,1459.31,15.71,37.486,43.66,Rabi,Temperate,110.00000000000001
Australia,Soybean,2009,1312.71,15.76,4.811,28.33,Whole Year,Temperate,110.00000000000001
Brazil,Maize,2022,1587.12,27.92,14.957,52.71,Kharif,Tropical,110.00000000000001
China,Sugarcane,2002,1545.47,18.49,15.497,575.95,Whole Year,Subtropical,110.00000000000001
USA,Sugarcane,2012,1578.48,28.48,4.262,1221.96,Whole Year,Tropical,110.00000000000001
Brazil,Barley,2022,2169.95,27.73,42.551,21.3,Rabi,Tropical,110.00000000000001
India,Soybean,2007,456.07,17.19,1.431,20.93,Whole Year,Temperate,110.00000000000001
China,Potato,2004,1534.07,29.16,45.067,152.17,Whole Year,Tropical,110.00000000000001
Australia,Maize,2023,985.52,30.02,62.26,89.06,Kharif,Tropical,110.00000000000001
USA,Barley,2010,1862.88,26.14,65.29,33.82,Rabi,Tropical,110.00000000000001
Brazil,Maize,2009,410.29,21.32,31.414,52.59,Rabi,Subtropical,110.00000000000001
Argentina,Rice,2002,440.37,19.21,47.024,28.47,Rabi,Subtropical,110.00000000000001
Brazil,Barley,2020,817.63,12.29,42.039,43.44,Rabi,Temperate,110.00000000000001
Brazil,Barley,2022,1906.82,24.39,30.987,26.01,Rabi,Subtropical,110.00000000000001
Argentina,Cotton,2009,1103.07,13.39,38.299,20.19,Kharif,Temperate,110.00000000000001
USA,Wheat,2010,1441.91,23.39,58.618,34.06,Rabi,Subtropical,110.00000000000001
USA,Potato,2004,1539.53,21.39,29.907,213.33,Whole Year,Subtropical,110.00000000000001
Australia,Rice,2009,1687.18,23.86,3.334,49.29,Kharif,Subtropical,110.00000000000001
USA,Maize,2022,1954.55,14.2,62.441,52.81,Kharif,Temperate,110.00000000000001
India,Maize,2008,525.64,23.09,31.781,54.09,Rabi,Subtropical,110.00000000000001
India,Potato,2007,1669.25,21.1,28.38,148.26,Whole Year,Subtropical,110.00000000000001
Australia,Wheat,2019,1633.71,12.5,10.715,28.16,Rabi,Temperate,110.00000000000001
Australia,Soybean,2005,1364.68,21.77,25.118,24.97,Whole Year,Subtropical,110.00000000000001
Argentina,Rice,2005,1556.64,13.57,44.434,31.09,Kharif,Temperate,110.00000000000001
China,Sugarcane,2019,457.14,20.47,4.863,501.19,Whole Year,Subtropical,110.00000000000001
Brazil,Potato,2015,1643.22,23.94,27.587,212.62,Whole Year,Subtropical,110.00000000000001
China,Cotton,2022,915.74,28.05,57.341,25.83,Kharif,Tropical,110.00000000000001
USA,Rice,2014,1485.47,24.38,63.502,80.54,Kharif,Subtropical,110.00000000000001
Australia,Soybean,2006,1183.71,19.92,41.832,39.27,Whole Year,Subtropical,110.00000000000001
Argentina,Maize,2013,1094.08,13.42,12.648,49.66,Kharif,Temperate,110.00000000000001
Brazil,Wheat,2005,2096.29,13.5,24.115,18.23,Rabi,Temperate,110.00000000000001
Argentina,Sugarcane,2007,605.98,12.17,9.334,322.32,Whole Year,Temperate,110.00000000000001
Argentina,Sugarcane,2023,633.42,17.13,21.319,580.5,Whole Year,Temperate,110.00000000000001
Brazil,Cotton,2021,2016.83,27.54,4.206,19.42,Kharif,Tropical,110.00000000000001
Australia,Wheat,2022,1672.02,24.34,9.749,27.72,Rabi,Subtropical,110.00000000000001
USA,Barley,2013,961.04,12.06,11.761,52.98,Rabi,Temperate,110.00000000000001
India,Potato,2009,1880.29,13.14,17.791,86.0,Whole Year,Temperate,110.00000000000001
Argentina,Rice,2015,1385.03,31.84,39.852,48.74,Kharif,Tropical,110.00000000000001
Argentina,Rice,2008,2092.75,12.32,31.366,28.32,Kharif,Temperate,110.00000000000001
India,Potato,2011,1269.73,28.76,15.36,156.43,Whole Year,Tropical,110.00000000000001
USA,Barley,2022,1657.36,20.32,34.685,47.64,Rabi,Subtropical,110.00000000000001
Argentina,Rice,2016,715.88,23.35,34.759,39.95,Rabi,Subtropical,110.00000000000001
Australia,Soybean,2006,2078.18,26.83,17.463,14.0,Whole Year,Tropical,110.00000000000001
Brazil,Cotton,2002,793.68,15.66,45.414,16.18,Rabi,Temperate,110.00000000000001
Argentina,Sugarcane,2007,1405.78,19.42,47.139,703.88,Whole Year,Subtropical,110.00000000000001
USA,Maize,2011,1402.21,28.9,53.725,53.52,Kharif,Tropical,110.00000000000001
India,Potato,2008,854.76,22.4,22.183,188.98,Whole Year,Subtropical,110.00000000000001
Brazil,Cotton,2012,1967.2,27.85,34.503,18.51,Kharif,Tropical,110.00000000000001
Australia,Soybean,2000,1397.81,15.99,18.372,20.87,Whole Year,Temperate,110.00000000000001
China,Cotton,2022,924.63,16.15,13.693,25.82,Kharif,Temperate,110.00000000000001
Argentina,Rice,2015,1507.46,27.21,30.775,70.15,Kharif,Tropical,110.00000000000001
Argentina,Barley,2017,1116.16,28.55,10.243,25.18,Rabi,Tropical,110.00000000000001
Argentina,Barley,2022,1563.88,16.53,40.202,37.85,Rabi,Temperate,110.00000000000001
Brazil,Potato,2020,490.44,12.7,30.314,166.47,Whole Year,Temperate,110.00000000000001
Australia,Potato,2000,1832.81,27.07,13.469,126.6,Whole Year,Tropical,110.00000000000001
Brazil,Rice,2012,600.87,24.17,15.458,27.3,Rabi,Subtropical,110.00000000000001
India,Maize,2007,759.71,13.11,24.16,43.6,Rabi,Temperate,110.00000000000001
India,Barley,2020,1418.41,30.58,16.461,15.29,Rabi,Tropical,110.00000000000001
Argentina,Cotton,2018,1344.52,27.5,14.066,23.42,Kharif,Tropical,110.00000000000001
India,Cotton,2018,928.8,12.83,27.077,14.7,Kharif,Temperate,110.00000000000001
Australia,Maize,2023,971.59,28.96,59.198,94.27,Kharif,Tropical,110.00000000000001
Brazil,Sugarcane,2016,906.91,31.27,0.566,723.29,Whole Year,Tropical,110.00000000000001
India,Soybean,2022,1184.16,27.89,11.82,17.25,Whole Year,Tropical,110.00000000000001
China,Soybean,2000,560.18,31.83,31.108,27.09,Whole Year,Tropical,110.00000000000001
USA,Soybean,2005,511.26,13.85,10.988,27.44,Whole Year,Temperate,110.00000000000001
Australia,Cotton,2001,740.91,12.1,3.756,18.98,Rabi,Temperate,110.00000000000001
Brazil,Barley,2007,1440.2,30.09,44.957,27.92,Rabi,Tropical,110.00000000000001
India,Potato,2002,782.41,25.27,17.476,146.29,Whole Year,Subtropical,110.00000000000001
USA,Soybean,2011,2036.52,18.28,46.646,19.4,Whole Year,Subtropical,110.00000000000001
India,Wheat,2002,1015.79,20.6,35.315,21.72,Rabi,Subtropical,110.00000000000001
Australia,Cotton,2000,610.46,25.64,59.369,21.51,Rabi,Subtropical,110.00000000000001
Australia,Rice,2020,1450.49,19.8,22.196,41.47,Kharif,Subtropical,110.00000000000001
Brazil,Potato,2022,1585.59,30.63,45.154,165.1,Whole Year,Tropical,110.00000000000001
China,Barley,2017,1409.04,30.85,4.757,21.93,Rabi,Tropical,110.00000000000001
Argentina,Wheat,2012,536.19,19.23,5.53,36.84,Rabi,Subtropical,110.00000000000001
Argentina,Rice,2015,1810.3,25.99,37.017,64.96,Kharif,Subtropical,110.00000000000001
Brazil,Soybean,2006,710.54,23.36,16.3,35.26,Whole Year,Subtropical,110.00000000000001
Australia,Soybean,2008,457.2,27.64,15.004,21.65,Whole Year,Tropical,110.00000000000001
Brazil,Rice,2011,1342.46,16.37,54.419,42.17,Kharif,Temperate,110.00000000000001
India,Potato,2009,1046.58,28.47,34.88,150.71,Whole Year,Tropical,110.00000000000001
Argentina,Barley,2007,684.95,13.04,33.439,31.86,Rabi,Temperate,110.00000000000001
Australia,Rice,2015,1267.84,28.82,13.827,54.47,Kharif,Tropical,110.00000000000001
Argentina,Potato,2021,1771.39,27.63,16.545,135.76,Whole Year,Tropical,110.00000000000001
Brazil,Sugarcane,2004,2080.75,25.68,29.236,506.29,Whole Year,Subtropical,110.00000000000001
Argentina,Wheat,2019,849.59,25.08,37.154,35.71,Rabi,Subtropical,110.00000000000001
India,Sugarcane,2013,523.21,20.35,4.945,370.93,Whole Year,Subtropical,110.00000000000001
China,Potato,2011,1648.0,24.96,13.31,178.41,Whole Year,Subtropical,110.00000000000001
USA,Barley,2011,1866.41,24.24,25.208,24.83,Rabi,Subtropical,110.00000000000001
India,Maize,2003,1143.71,25.52,27.972,34.91,Kharif,Subtropical,110.00000000000001
Australia,Soybean,2007,682.26,28.55,2.62,26.28,Whole Year,Tropical,110.00000000000001
Brazil,Barley,2012,1678.21,13.91,17.473,33.61,Rabi,Temperate,110.00000000000001
India,Potato,2012,1905.7,13.0,19.746,83.0,Whole Year,Temperate,110.00000000000001
Argentina,Rice,2015,1125.78,27.05,31.878,59.01,Kharif,Tropical,110.00000000000001
Argentina,Potato,2001,1884.05,14.93,49.976,135.12,Whole Year,Temperate,110.00000000000001
USA,Cotton,2013,593.71,27.36,33.782,29.69,Rabi,Tropical,110.00000000000001
USA,Barley,2008,955.24,23.46,21.952,34.47,Rabi,Subtropical,110.00000000000001
China,Wheat,2010,1683.12,25.93,18.65,19.85,Rabi,Subtropical,110.00000000000001
China,Cotton,2021,1876.77,20.81,7.613,14.16,Kharif,Subtropical,110.00000000000001
China,Cotton,2009,446.39,24.07,37.922,23.98,Rabi,Subtropical,110.00000000000001
India,Maize,2008,756.57,13.31,37.703,40.66,Rabi,Temperate,110.00000000000001
Brazil,Barley,2022,1150.95,15.2,9.402,37.19,Rabi,Temperate,110.00000000000001
India,Wheat,2013,1703.62,25.81,14.473,19.58,Rabi,Subtropical,110.00000000000001
India,Sugarcane,2002,1484.41,15.26,9.937,342.5,Whole Year,Temperate,110.00000000000001
Argentina,Sugarcane,2012,948.28,17.29,16.794,521.34,Whole Year,Temperate,110.00000000000001
India,Wheat,2017,491.12,12.79,24.393,22.57,Rabi,Temperate,110.00000000000001
Argentina,Maize,2015,420.34,27.75,18.386,43.45,Rabi,Tropical,110.00000000000001
Brazil,Soybean,2012,1419.19,12.13,3.404,19.94,Whole Year,Temperate,110.00000000000001
Australia,Potato,2007,567.75,20.21,10.209,188.23,Whole Year,Subtropical,110.00000000000001
India,Barley,2003,1871.15,30.61,4.053,12.57,Rabi,Tropical,110.00000000000001
Argentina,Potato,2011,917.19,17.59,19.92,255.43,Whole Year,Temperate,110.00000000000001
Brazil,Soybean,2004,1709.55,21.69,38.159,23.12,Whole Year,Subtropical,110.00000000000001
Argentina,Wheat,2020,1849.78,27.2,9.234,17.94,Rabi,Tropical,110.00000000000001
Australia,Potato,2003,1133.89,14.51,10.706,219.72,Whole Year,Temperate,110.00000000000001
Australia,Cotton,2018,1654.89,15.87,40.094,14.81,Kharif,Temperate,110.00000000000001
Australia,Soybean,2019,961.44,14.44,6.946,33.61,Whole Year,Temperate,110.00000000000001
Brazil,Potato,2014,1886.92,25.46,45.339,139.25,Whole Year,Subtropical,110.00000000000001
Brazil,Potato,2010,1048.85,25.43,14.885,163.36,Whole Year,Subtropical,110.00000000000001
USA,Rice,2009,1308.31,14.35,11.412,37.72,Kharif,Temperate,110.00000000000001
China,Rice,2020,1958.98,17.79,26.892,41.28,Kharif,Temperate,110.00000000000001
Brazil,Wheat,2001,1513.79,25.31,27.539,25.08,Rabi,Subtropical,110.00000000000001
Argentina,Potato,2010,902.09,14.58,5.973,219.53,Whole Year,Temperate,110.00000000000001
USA,Soybean,2016,2001.84,31.84,19.85,15.56,Whole Year,Tropical,110.00000000000001
USA,Potato,2001,1484.45,22.23,4.118,182.55,Whole Year,Subtropical,110.00000000000001
USA,Maize,2010,1924.4,18.49,45.663,53.12,Kharif,Subtropical,110.00000000000001
USA,Rice,2015,409.73,12.03,25.522,20.15,Rabi,Temperate,110.00000000000001
Argentina,Wheat,2009,820.0,24.51,44.825,31.89,Rabi,Subtropical,110.00000000000001
Argentina,Sugarcane,2015,782.2,14.44,42.083,423.49,Whole Year,Temperate,110.00000000000001
USA,Barley,2001,1140.47,14.53,1.879,41.92,Rabi,Temperate,110.00000000000001
India,Wheat,2015,450.13,24.63,18.122,22.31,Rabi,Subtropical,110.00000000000001
Australia,Maize,2001,1594.88,31.31,3.151,48.78,Kharif,Tropical,110.00000000000001
Brazil,Soybean,2006,1300.5,13.39,4.943,21.81,Whole Year,Temperate,110.00000000000001
Australia,Wheat,2011,671.24,29.03,61.966,36.82,Rabi,Tropical,110.00000000000001
Argentina,Soybean,2023,1825.94,25.53,40.778,29.68,Whole Year,Subtropical,110.00000000000001
China,Potato,2012,889.52,16.36,38.055,245.62,Whole Year,Temperate,110.00000000000001
Australia,Potato,2013,1711.8,18.47,41.566,188.08,Whole Year,Subtropical,110.00000000000001
Australia,Barley,2014,569.95,28.63,57.4,38.11,Rabi,Tropical,110.00000000000001
Argentina,Maize,2019,1560.83,17.77,17.927,65.88,Kharif,Temperate,110.00000000000001
Argentina,Potato,2002,1041.87,17.09,0.774,201.08,Whole Year,Temperate,110.00000000000001
Argentina,Maize,2019,1418.34,22.29,5.103,65.46,Kharif,Subtropical,110.00000000000001
Australia,Wheat,2012,2179.9,16.51,24.369,22.17,Rabi,Temperate,110.00000000000001
Brazil,Potato,2010,1893.5,31.54,22.26,89.09,Whole Year,Tropical,110.00000000000001
China,Soybean,2013,1234.87,18.4,27.397,26.24,Whole Year,Subtropical,110.00000000000001
USA,Cotton,2019,1627.95,18.3,8.992,20.03,Kharif,Subtropical,110.00000000000001
China,Cotton,2011,1648.16,26.01,43.325,24.1,Kharif,Tropical,110.00000000000001
Australia,Maize,2005,566.5,27.61,42.106,70.4,Rabi,Tropical,110.00000000000001
Brazil,Soybean,2014,1510.79,29.0,10.794,17.19,Whole Year,Tropical,110.00000000000001
USA,Wheat,2015,908.07,17.96,18.755,57.29,Rabi,Temperate,110.00000000000001
China,Barley,2006,2155.85,21.48,3.835,15.05,Rabi,Subtropical,110.00000000000001
USA,Maize,2010,474.84,21.96,46.528,68.58,Rabi,Subtropical,110.00000000000001
Australia,Rice,2009,677.06,31.54,34.048,32.72,Rabi,Tropical,110.00000000000001
China,Potato,2003,741.89,26.03,31.997,194.12,Whole Year,Tropical,110.00000000000001
Argentina,Cotton,2013,1718.3,30.48,58.511,24.59,Kharif,Tropical,110.00000000000001
Australia,Rice,2019,1616.19,19.92,47.266,53.87,Kharif,Subtropical,110.00000000000001
China,Soybean,2021,1390.85,27.8,18.284,27.1,Whole Year,Tropical,110.00000000000001
India,Wheat,2021,1240.11,13.53,7.057,19.37,Rabi,Temperate,110.00000000000001
Brazil,Rice,2002,1213.13,19.09,22.039,29.49,Kharif,Subtropical,110.00000000000001
India,Maize,2005,1097.09,25.19,18.786,48.87,Kharif,Subtropical,110.00000000000001
Australia,Barley,2022,1146.93,26.61,8.46,31.54,Rabi,Tropical,110.00000000000001
USA,Wheat,2006,1345.47,14.22,58.601,34.72,Rabi,Temperate,110.00000000000001
Brazil,Cotton,2001,468.56,24.4,38.401,17.26,Rabi,Subtropical,110.00000000000001
Australia,Wheat,2008,577.47,14.33,15.891,31.43,Rabi,Temperate,110.00000000000001
Brazil,Maize,2010,1418.53,30.16,21.797,41.17,Kharif,Tropical,110.00000000000001
China,Potato,2003,1505.92,22.47,18.35,177.1,Whole Year,Subtropical,110.00000000000001
India,Soybean,2021,1258.31,24.6,35.218,26.67,Whole Year,Subtropical,110.00000000000001
Argentina,Potato,2006,1621.28,18.46,59.265,166.7,Whole Year,Subtropical,110.00000000000001
Australia,Sugarcane,2011,472.51,20.11,32.268,542.18,Whole Year,Subtropical,110.00000000000001
Argentina,Sugarcane,2009,1266.3,28.19,57.032,756.83,Whole Year,Tropical,110.00000000000001
India,Sugarcane,2020,423.23,16.53,24.093,294.77,Whole Year,Temperate,110.00000000000001
USA,Soybean,2006,1085.71,13.09,40.464,36.36,Whole Year,Temperate,110.00000000000001
Brazil,Sugarcane,2004,2029.97,28.71,10.829,656.97,Whole Year,Tropical,110.00000000000001
China,Wheat,2003,1035.59,28.0,31.895,33.57,Rabi,Tropical,110.00000000000001
Australia,Wheat,2022,1477.41,20.28,59.872,40.02,Rabi,Subtropical,110.00000000000001
Brazil,Barley,2018,1526.17,23.43,10.166,22.81,Rabi,Subtropical,110.00000000000001
Argentina,Wheat,2020,1342.12,16.54,39.991,30.7,Rabi,Temperate,110.00000000000001
Argentina,Maize,2014,657.33,26.85,14.65,66.79,Rabi,Tropical,110.00000000000001
Brazil,Potato,2005,1321.07,21.67,21.053,226.48,Whole Year,Subtropical,110.00000000000001
Brazil,Potato,2003,413.2,12.52,30.431,146.69,Whole Year,Temperate,110.00000000000001
China,Barley,2008,1404.17,31.2,2.8,18.43,Rabi,Tropical,110.00000000000001
Australia,Wheat,2008,2024.97,22.5,28.2,20.35,Rabi,Subtropical,110.00000000000001
Australia,Barley,2023,1212.82,30.74,61.502,40.92,Rabi,Tropical,110.00000000000001
Australia,Barley,2013,842.53,19.16,61.844,57.78,Rabi,Subtropical,110.00000000000001
China,Rice,2017,2070.49,13.82,16.439,33.12,Kharif,Temperate,110.00000000000001
India,Soybean,2018,996.06,27.32,17.581,24.6,Whole Year,Tropical,110.00000000000001
Brazil,Rice,2003,718.75,13.97,52.62,26.87,Rabi,Temperate,110.00000000000001
Australia,Cotton,2012,705.11,13.02,38.596,16.27,Rabi,Temperate,110.00000000000001
USA,Potato,2012,1255.16,30.45,4.91,175.96,Whole Year,Tropical,110.00000000000001
India,Potato,2010,1918.76,18.5,29.21,127.81,Whole Year,Subtropical,110.00000000000001
Argentina,Soybean,2023,1118.8,20.19,58.693,32.21,Whole Year,Subtropical,110.00000000000001
Australia,Maize,2017,1858.84,17.45,45.723,46.94,Kharif,Temperate,110.00000000000001
Brazil,Maize,2019,1959.56,13.19,38.063,29.66,Kharif,Temperate,110.00000000000001
China,Barley,2015,1616.37,24.37,32.692,22.8,Rabi,Subtropical,110.00000000000001
Brazil,Barley,2002,1112.8,14.66,8.731,41.04,Rabi,Temperate,110.00000000000001
Argentina,Wheat,2007,629.63,20.18,21.263,32.46,Rabi,Subtropical,110.00000000000001
China,Maize,2022,1460.24,30.77,20.117,43.51,Kharif,Tropical,110.00000000000001
Argentina,Rice,2006,1396.25,23.41,12.606,55.53,Kharif,Subtropical,110.00000000000001
China,Wheat,2006,1804.38,23.28,15.017,24.33,Rabi,Subtropical,110.00000000000001
Argentina,Rice,2020,1723.05,24.2,29.291,45.25,Kharif,Subtropical,110.00000000000001
Argentina,Sugarcane,2020,509.67,25.88,10.965,557.9,Whole Year,Subtropical,110.00000000000001
India,Sugarcane,2010,914.13,26.69,1.018,532.89,Whole Year,Tropical,110.00000000000001
China,Potato,2020,1248.97,13.83,35.977,199.02,Whole Year,Temperate,110.00000000000001
Argentina,Barley,2012,856.5,24.84,16.532,38.94,Rabi,Subtropical,110.00000000000001
Australia,Maize,2001,2003.19,23.94,50.635,42.23,Kharif,Subtropical,110.00000000000001
Australia,Maize,2008,1429.82,15.62,16.8,45.21,Kharif,Temperate,110.00000000000001
USA,Wheat,2012,1458.38,20.53,41.541,30.07,Rabi,Subtropical,110.00000000000001
USA,Wheat,2019,1442.16,12.29,24.325,37.3,Rabi,Temperate,110.00000000000001
Brazil,Potato,2007,1603.98,27.97,51.301,118.71,Whole Year,Tropical,110.00000000000001
China,Rice,2019,1672.63,25.25,46.444,68.82,Kharif,Subtropical,110.00000000000001
Argentina,Cotton,2003,2194.51,26.4,17.233,16.11,Kharif,Tropical,110.00000000000001
Australia,Barley,2008,647.73,12.02,56.451,30.96,Rabi,Temperate,110.00000000000001
Brazil,Barley,2012,1614.81,16.78,41.692,36.45,Rabi,Temperate,110.00000000000001
USA,Sugarcane,2023,2077.06,24.41,54.253,754.73,Whole Year,Subtropical,110.00000000000001
Argentina,Sugarcane,2018,1995.32,15.03,9.113,521.65,Whole Year,Temperate,110.00000000000001
India,Cotton,2001,2137.38,20.56,26.861,9.21,Kharif,Subtropical,110.00000000000001
China,Wheat,2002,1169.44,24.9,42.85,26.47,Rabi,Subtropical,110.00000000000001
China,Soybean,2018,1342.13,30.43,46.694,29.96,Whole Year,Tropical,110.00000000000001
India,Soybean,2022,1777.35,14.86,27.953,16.49,Whole Year,Temperate,110.00000000000001
Australia,Maize,2016,512.38,21.72,6.813,61.02,Rabi,Subtropical,110.00000000000001
Brazil,Barley,2019,1274.16,22.92,50.941,44.21,Rabi,Subtropical,110.00000000000001
USA,Wheat,2003,664.05,25.81,63.789,40.8,Rabi,Subtropical,110.00000000000001
India,Potato,2016,1604.84,16.63,10.352,107.66,Whole Year,Temperate,110.00000000000001
Brazil,Maize,2010,1950.55,14.75,52.381,33.82,Kharif,Temperate,110.00000000000001
Australia,Maize,2007,1968.25,17.79,48.951,50.71,Kharif,Temperate,110.00000000000001
Argentina,Rice,2007,1619.9,17.05,52.383,37.2,Kharif,Temperate,110.00000000000001
China,Rice,2015,1928.38,19.67,9.676,45.5,Kharif,Subtropical,110.00000000000001
Argentina,Rice,2017,1123.23,23.56,18.472,47.9,Kharif,Subtropical,110.00000000000001
Argentina,Barley,2002,1676.9,14.11,50.331,32.45,Rabi,Temperate,110.00000000000001
Argentina,Cotton,2016,947.64,14.78,36.721,19.29,Kharif,Temperate,110.00000000000001
USA,Potato,2014,2130.55,25.58,42.618,132.57,Whole Year,Subtropical,110.00000000000001
China,Sugarcane,2014,1954.27,14.65,56.211,620.91,Whole Year,Temperate,110.00000000000001
Australia,Soybean,2016,798.73,13.12,15.977,29.96,Whole Year,Temperate,110.00000000000001
Argentina,Wheat,2017,1193.2,29.6,30.331,29.53,Rabi,Tropical,110.00000000000001
Australia,Sugarcane,2007,1114.16,21.48,28.204,888.62,Whole Year,Subtropical,110.00000000000001
Australia,Cotton,2019,1159.95,27.7,12.232,33.68,Kharif,Tropical,110.00000000000001
USA,Barley,2016,647.25,17.54,3.109,58.0,Rabi,Temperate,110.00000000000001
USA,Sugarcane,2005,960.83,28.91,17.523,632.5,Whole Year,Tropical,110.00000000000001
China,Rice,2004,767.64,20.37,12.629,23.65,Rabi,Subtropical,110.00000000000001
Brazil,Sugarcane,2021,1736.13,15.36,6.62,475.49,Whole Year,Temperate,110.00000000000001
USA,Potato,2000,817.31,26.11,20.77,209.27,Whole Year,Tropical,110.00000000000001
China,Maize,2000,1693.69,14.21,2.046,45.96,Kharif,Temperate,110.00000000000001
USA,Potato,2017,741.78,12.78,26.447,264.55,Whole Year,Temperate,110.00000000000001
Argentina,Rice,2004,1635.73,28.3,52.647,67.27,Kharif,Tropical,110.00000000000001
Australia,Maize,2001,1229.32,31.78,30.202,64.12,Kharif,Tropical,110.00000000000001
Australia,Sugarcane,2000,1995.7,19.97,53.933,602.38,Whole Year,Subtropical,110.00000000000001
USA,Sugarcane,2008,412.57,20.07,15.846,588.25,Whole Year,Subtropical,110.00000000000001
Brazil,Barley,2005,2185.4,31.03,7.536,14.01,Rabi,Tropical,110.00000000000001
China,Sugarcane,2022,803.06,19.27,25.222,752.98,Whole Year,Subtropical,110.00000000000001
Australia,Cotton,2018,994.28,14.14,59.588,17.73,Kharif,Temperate,110.00000000000001
USA,Rice,2005,976.72,15.29,52.863,31.3,Kharif,Temperate,110.00000000000001
China,Rice,2011,437.36,27.22,2.458,37.76,Rabi,Tropical,110.00000000000001
Australia,Cotton,2000,2119.81,16.94,53.728,9.64,Kharif,Temperate,110.00000000000001
Argentina,Sugarcane,2007,782.11,14.31,50.185,502.17,Whole Year,Temperate,110.00000000000001
India,Rice,2022,2165.43,24.12,21.408,37.34,Kharif,Subtropical,110.00000000000001
Argentina,Soybean,2013,1380.2,15.2,41.475,22.07,Whole Year,Temperate,110.00000000000001
Argentina,Rice,2004,1893.68,25.09,24.672,50.0,Kharif,Subtropical,110.00000000000001
Argentina,Wheat,2005,1827.63,16.41,11.158,30.38,Rabi,Temperate,110.00000000000001
Argentina,Potato,2014,2116.54,19.05,2.586,104.54,Whole Year,Subtropical,110.00000000000001
China,Rice,2004,654.16,27.27,6.249,43.71,Rabi,Tropical,110.00000000000001
Australia,Cotton,2002,1529.8,15.84,9.126,18.14,Kharif,Temperate,110.00000000000001
China,Wheat,2017,2063.33,28.41,32.307,19.4,Rabi,Tropical,110.00000000000001
Australia,Potato,2009,667.31,23.93,50.899,239.26,Whole Year,Subtropical,110.00000000000001
India,Rice,2009,2141.94,25.16,23.987,36.5,Kharif,Subtropical,110.00000000000001
India,Barley,2014,1766.76,26.25,8.209,17.25,Rabi,Tropical,110.00000000000001
USA,Wheat,2003,1331.13,20.26,13.456,34.14,Rabi,Subtropical,110.00000000000001
USA,Rice,2010,500.33,24.2,16.254,34.98,Rabi,Subtropical,110.00000000000001
Argentina,Barley,2007,772.7,22.88,13.896,44.91,Rabi,Subtropical,110.00000000000001
India,Soybean,2023,953.82,30.52,6.872,26.24,Whole Year,Tropical,110.00000000000001
USA,Maize,2020,1384.02,29.69,37.395,65.81,Kharif,Tropical,110.00000000000001
USA,Wheat,2015,942.63,23.99,13.585,49.97,Rabi,Subtropical,110.00000000000001
Argentina,Potato,2003,2113.71,26.76,35.846,140.89,Whole Year,Tropical,110.00000000000001
India,Cotton,2014,1298.56,16.33,37.087,10.74,Kharif,Temperate,110.00000000000001
USA,Rice,2013,2130.79,20.9,33.011,41.33,Kharif,Subtropical,110.00000000000001
USA,Maize,2016,938.62,20.62,21.073,98.32,Kharif,Subtropical,110.00000000000001
India,Potato,2002,2174.38,27.83,25.559,70.38,Whole Year,Tropical,110.00000000000001
Brazil,Barley,2023,1921.07,19.9,2.819,24.6,Rabi,Subtropical,110.00000000000001
USA,Barley,2006,1042.57,24.69,12.583,45.1,Rabi,Subtropical,110.00000000000001
China,Wheat,2013,925.44,26.97,27.75,28.62,Rabi,Tropical,110.00000000000001
Brazil,Soybean,2010,1503.67,28.11,16.482,26.42,Whole Year,Tropical,110.00000000000001
India,Cotton,2013,853.91,20.93,5.247,14.42,Kharif,Subtropical,110.00000000000001
Brazil,Barley,2001,439.75,19.16,18.351,30.35,Rabi,Subtropical,110.00000000000001
Brazil,Wheat,2019,1942.54,30.77,27.08,18.91,Rabi,Tropical,110.00000000000001
Brazil,Sugarcane,2015,956.94,30.73,28.362,720.63,Whole Year,Tropical,110.00000000000001
Brazil,Sugarcane,2017,990.12,28.31,32.852,758.38,Whole Year,Tropical,110.00000000000001
China,Sugarcane,2019,1965.37,13.76,44.666,679.59,Whole Year,Temperate,110.00000000000001
China,Potato,2002,697.9,26.13,30.782,215.92,Whole Year,Tropical,110.00000000000001
Argentina,Sugarcane,2016,1332.54,26.96,50.192,1144.43,Whole Year,Tropical,110.00000000000001
USA,Barley,2002,951.28,17.3,46.993,43.7,Rabi,Temperate,110.00000000000001
Australia,Wheat,2008,1878.95,14.03,49.493,30.29,Rabi,Temperate,110.00000000000001
India,Soybean,2006,1481.05,15.33,16.139,16.94,Whole Year,Temperate,110.00000000000001
Brazil,Wheat,2004,623.39,14.43,39.662,27.23,Rabi,Temperate,110.00000000000001
Argentina,Maize,2010,1522.08,24.05,29.387,58.33,Kharif,Subtropical,110.00000000000001
China,Soybean,2020,1710.42,28.26,14.805,24.21,Whole Year,Tropical,110.00000000000001
USA,Soybean,2013,1940.8,27.0,54.345,19.11,Whole Year,Tropical,110.00000000000001
Australia,Potato,2019,2060.76,22.05,20.493,176.67,Whole Year,Subtropical,110.00000000000001
Australia,Cotton,2011,968.79,29.04,2.558,22.1,Kharif,Tropical,110.00000000000001
China,Wheat,2005,1273.03,13.71,55.917,33.43,Rabi,Temperate,110.00000000000001
Argentina,Rice,2006,1270.3,20.58,4.494,34.0,Kharif,Subtropical,110.00000000000001
Brazil,Barley,2009,750.92,22.1,42.281,30.08,Rabi,Subtropical,110.00000000000001
USA,Rice,2010,1825.48,20.05,28.684,46.13,Kharif,Subtropical,110.00000000000001
India,Cotton,2001,872.34,20.43,1.697,14.79,Kharif,Subtropical,110.00000000000001
USA,Cotton,2021,1576.82,19.0,41.662,25.82,Kharif,Subtropical,110.00000000000001
Argentina,Wheat,2022,1779.87,31.33,58.204,26.44,Rabi,Tropical,110.00000000000001
Argentina,Barley,2003,1926.73,25.7,17.403,18.17,Rabi,Subtropical,110.00000000000001
China,Sugarcane,2015,972.47,30.49,3.233,715.27,Whole Year,Tropical,110.00000000000001
India,Barley,2004,696.28,13.28,13.489,22.11,Rabi,Temperate,110.00000000000001
China,Wheat,2011,2031.22,26.87,30.638,21.68,Rabi,Tropical,110.00000000000001
Brazil,Wheat,2004,1109.36,29.02,19.022,19.39,Rabi,Tropical,110.00000000000001
Australia,Soybean,2008,1131.55,29.6,40.543,34.87,Whole Year,Tropical,110.00000000000001
Argentina,Rice,2020,969.19,28.9,28.579,56.06,Kharif,Tropical,110.00000000000001
Brazil,Barley,2002,941.74,15.68,41.605,39.48,Rabi,Temperate,110.00000000000001
China,Soybean,2004,2191.92,21.01,14.52,15.73,Whole Year,Subtropical,110.00000000000001
Argentina,Potato,2015,1015.36,31.72,50.317,245.95,Whole Year,Tropical,110.00000000000001
USA,Rice,2011,1202.49,28.33,59.754,52.66,Kharif,Tropical,110.00000000000001
Brazil,Cotton,2021,1542.2,24.42,6.641,24.08,Kharif,Subtropical,110.00000000000001
USA,Cotton,2006,2094.4,25.53,24.53,19.73,Kharif,Subtropical,110.00000000000001
Brazil,Cotton,2000,787.28,24.55,50.802,29.72,Rabi,Subtropical,110.00000000000001
China,Rice,2014,1729.38,13.28,22.265,31.08,Kharif,Temperate,110.00000000000001
Brazil,Sugarcane,2003,2053.34,12.94,18.635,408.9,Whole Year,Temperate,110.00000000000001
USA,Soybean,2004,1182.16,29.39,12.194,34.31,Whole Year,Tropical,110.00000000000001
India,Potato,2001,1761.15,19.88,25.849,107.35,Whole Year,Subtropical,110.00000000000001
Brazil,Wheat,2015,505.22,18.0,26.087,29.49,Rabi,Subtropical,110.00000000000001
USA,Rice,2015,2117.1,29.31,38.962,59.13,Kharif,Tropical,110.00000000000001
USA,Rice,2005,1832.19,13.55,19.056,38.22,Kharif,Temperate,110.00000000000001
USA,Rice,2023,635.91,27.95,34.287,57.42,Rabi,Tropical,110.00000000000001
China,Maize,2001,1942.3,21.34,20.684,41.28,Kharif,Subtropical,110.00000000000001
Argentina,Potato,2003,2089.98,17.9,28.528,136.23,Whole Year,Temperate,110.00000000000001
India,Sugarcane,2017,1953.33,21.61,2.922,514.3,Whole Year,Subtropical,110.00000000000001
Brazil,Potato,2011,767.19,28.53,30.673,154.75,Whole Year,Tropical,110.00000000000001
Brazil,Barley,2004,1123.05,22.06,46.17,39.01,Rabi,Subtropical,110.00000000000001
Argentina,Wheat,2013,632.33,17.96,46.803,41.64,Rabi,Temperate,110.00000000000001
India,Soybean,2020,998.91,30.8,14.579,25.72,Whole Year,Tropical,110.00000000000001
USA,Rice,2012,494.47,21.0,17.196,31.72,Rabi,Subtropical,110.00000000000001
China,Cotton,2007,624.37,31.23,36.565,27.02,Rabi,Tropical,110.00000000000001
India,Rice,2016,1794.07,14.69,19.878,28.08,Kharif,Temperate,110.00000000000001
Australia,Maize,2018,1810.3,12.21,47.618,53.34,Kharif,Temperate,110.00000000000001
Argentina,Maize,2016,2176.04,17.02,30.579,44.55,Kharif,Temperate,110.00000000000001
USA,Maize,2020,2101.67,13.14,62.842,32.95,Kharif,Temperate,110.00000000000001
Australia,Sugarcane,2004,657.07,23.6,17.659,530.04,Whole Year,Subtropical,110.00000000000001
India,Rice,2012,498.94,23.57,3.509,18.65,Rabi,Subtropical,110.00000000000001
Argentina,Sugarcane,2012,865.83,18.33,5.218,509.84,Whole Year,Subtropical,110.00000000000001
Australia,Maize,2020,1427.54,30.19,0.386,61.02,Kharif,Tropical,110.00000000000001
China,Barley,2006,1426.33,24.2,54.186,36.55,Rabi,Subtropical,110.00000000000001
China,Potato,2001,1209.9,25.86,42.157,246.77,Whole Year,Subtropical,110.00000000000001
Argentina,Sugarcane,2006,1359.98,20.11,10.15,907.93,Whole Year,Subtropical,110.00000000000001
Argentina,Sugarcane,2011,1921.02,13.18,16.3,427.81,Whole Year,Temperate,110.00000000000001
Argentina,Wheat,2009,2182.51,24.23,22.258,20.84,Rabi,Subtropical,110.00000000000001
China,Potato,2016,2012.31,12.58,13.78,85.08,Whole Year,Temperate,110.00000000000001
Brazil,Cotton,2002,1437.68,18.84,44.549,14.37,Kharif,Subtropical,110.00000000000001
India,Cotton,2000,824.79,14.87,7.88,10.45,Kharif,Temperate,110.00000000000001
Australia,Wheat,2015,2140.54,23.42,53.964,18.15,Rabi,Subtropical,110.00000000000001
Argentina,Wheat,2011,1210.2,30.52,39.6,26.1,Rabi,Tropical,110.00000000000001
Brazil,Sugarcane,2008,1960.71,16.88,53.17,719.86,Whole Year,Temperate,110.00000000000001
Argentina,Sugarcane,2003,1907.41,18.46,53.341,552.79,Whole Year,Subtropical,110.00000000000001
Australia,Sugarcane,2022,615.16,16.61,6.651,601.18,Whole Year,Temperate,110.00000000000001
India,Rice,2006,968.14,21.82,13.631,23.35,Kharif,Subtropical,110.00000000000001
Australia,Soybean,2011,1325.35,27.59,32.656,30.36,Whole Year,Tropical,110.00000000000001
India,Soybean,2006,1626.31,26.32,25.811,12.87,Whole Year,Tropical,110.00000000000001
USA,Sugarcane,2017,1473.06,26.79,14.24,1337.9,Whole Year,Tropical,110.00000000000001
Australia,Sugarcane,2017,1151.3,18.19,58.614,863.39,Whole Year,Subtropical,110.00000000000001
China,Maize,2011,1270.39,16.4,14.604,65.51,Kharif,Temperate,110.00000000000001
USA,Potato,2023,829.75,16.27,27.752,305.86,Whole Year,Temperate,110.00000000000001
China,Cotton,2018,650.78,29.32,50.116,27.19,Rabi,Tropical,110.00000000000001
Brazil,Rice,2004,522.47,18.34,14.674,24.53,Rabi,Subtropical,110.00000000000001
Argentina,Soybean,2013,1920.76,19.19,41.234,19.68,Whole Year,Subtropical,110.00000000000001
China,Rice,2008,2187.3,27.55,12.986,34.16,Kharif,Tropical,110.00000000000001
China,Wheat,2021,947.37,28.23,16.9,31.83,Rabi,Tropical,110.00000000000001
Argentina,Soybean,2006,2177.26,16.5,39.739,16.98,Whole Year,Temperate,110.00000000000001
USA,Rice,2007,1176.18,23.39,0.14,43.51,Kharif,Subtropical,110.00000000000001
USA,Maize,2006,713.48,22.94,48.226,80.8,Rabi,Subtropical,110.00000000000001
China,Cotton,2006,933.6,30.59,7.165,26.8,Kharif,Tropical,110.00000000000001
USA,Wheat,2015,1235.17,14.67,62.623,52.58,Rabi,Temperate,110.00000000000001
Argentina,Potato,2013,1796.58,28.16,46.066,126.15,Whole Year,Tropical,110.00000000000001
Brazil,Rice,2007,1439.24,24.93,25.21,50.77,Kharif,Subtropical,110.00000000000001
USA,Sugarcane,2021,546.6,20.7,19.754,641.89,Whole Year,Subtropical,110.00000000000001
USA,Maize,2015,2198.29,16.41,6.967,40.0,Kharif,Temperate,110.00000000000001
USA,Soybean,2001,1350.74,21.35,7.203,32.41,Whole Year,Subtropical,110.00000000000001
Argentina,Potato,2012,1736.14,24.86,18.945,176.07,Whole Year,Subtropical,110.00000000000001
USA,Barley,2006,644.19,17.2,25.991,56.67,Rabi,Temperate,110.00000000000001
USA,Cotton,2014,1217.07,22.14,38.622,32.82,Kharif,Subtropical,110.00000000000001
Australia,Cotton,2018,1186.16,21.28,49.319,27.38,Kharif,Subtropical,110.00000000000001
China,Rice,2005,1654.04,26.51,48.092,67.38,Kharif,Tropical,110.00000000000001
Australia,Wheat,2003,1879.31,24.93,40.459,18.47,Rabi,Subtropical,110.00000000000001
Brazil,Potato,2000,2041.27,20.78,2.197,105.83,Whole Year,Subtropical,110.00000000000001
USA,Sugarcane,2011,1466.85,28.5,57.937,1206.51,Whole Year,Tropical,110.00000000000001
Australia,Cotton,2009,895.31,19.96,58.217,24.75,Kharif,Subtropical,110.00000000000001
India,Maize,2009,1591.26,28.34,31.856,38.21,Kharif,Tropical,110.00000000000001
Brazil,Wheat,2007,1017.49,25.34,5.639,22.17,Rabi,Subtropical,110.00000000000001
China,Soybean,2014,2003.5,20.98,26.41,15.8,Whole Year,Subtropical,110.00000000000001
Australia,Maize,2005,1301.87,23.46,8.577,75.91,Kharif,Subtropical,110.00000000000001
India,Cotton,2006,746.49,14.04,38.723,15.24,Rabi,Temperate,110.00000000000001
Brazil,Barley,2013,1188.48,18.85,30.056,31.48,Rabi,Subtropical,110.00000000000001
USA,Wheat,2021,735.86,15.76,12.437,35.73,Rabi,Temperate,110.00000000000001
India,Barley,2015,1345.8,14.19,8.621,31.61,Rabi,Temperate,110.00000000000001
India,Rice,2023,2139.81,20.81,11.067,33.22,Kharif,Subtropical,110.00000000000001
Argentina,Cotton,2009,770.59,19.05,7.567,17.3,Rabi,Subtropical,110.00000000000001
India,Rice,2020,1515.55,13.55,21.796,27.37,Kharif,Temperate,110.00000000000001
Argentina,Maize,2005,1441.76,24.37,46.888,65.66,Kharif,Subtropical,110.00000000000001
USA,Soybean,2021,1745.54,29.02,19.314,26.06,Whole Year,Tropical,110.00000000000001
India,Maize,2000,459.42,31.08,8.922,36.73,Rabi,Tropical,110.00000000000001
China,Barley,2021,1518.21,12.96,27.806,25.05,Rabi,Temperate,110.00000000000001
USA,Maize,2023,1301.12,30.24,9.896,67.96,Kharif,Tropical,110.00000000000001
Australia,Potato,2015,1433.07,19.02,52.043,223.88,Whole Year,Subtropical,110.00000000000001
Brazil,Maize,2004,1129.85,31.68,16.074,42.3,Kharif,Tropical,110.00000000000001
USA,Wheat,2022,1899.46,21.16,17.48,34.87,Rabi,Subtropical,110.00000000000001
India,Cotton,2015,1581.81,30.14,7.172,18.11,Kharif,Tropical,110.00000000000001
USA,Cotton,2003,742.41,22.42,31.662,20.78,Rabi,Subtropical,110.00000000000001
Australia,Sugarcane,2003,658.96,14.09,26.434,508.5,Whole Year,Temperate,110.00000000000001
China,Sugarcane,2023,1558.17,15.94,5.613,588.88,Whole Year,Temperate,110.00000000000001
Brazil,Soybean,2020,696.88,14.49,20.124,23.35,Whole Year,Temperate,110.00000000000001
Brazil,Barley,2011,1531.72,17.32,2.145,30.25,Rabi,Temperate,110.00000000000001
Brazil,Potato,2018,1898.3,31.83,8.999,124.57,Whole Year,Tropical,110.00000000000001
Australia,Sugarcane,2000,2174.08,25.73,15.226,770.6,Whole Year,Subtropical,110.00000000000001
China,Rice,2018,1942.77,28.34,25.78,51.14,Kharif,Tropical,110.00000000000001
Australia,Potato,2011,958.67,27.24,58.511,314.8,Whole Year,Tropical,110.00000000000001
India,Cotton,2012,830.8,24.48,20.148,22.68,Kharif,Subtropical,110.00000000000001
Australia,Rice,2017,1697.9,17.14,44.962,36.44,Kharif,Temperate,110.00000000000001
Argentina,Soybean,2017,1223.94,13.91,53.889,35.32,Whole Year,Temperate,110.00000000000001
China,Maize,2017,1472.88,14.15,0.972,56.69,Kharif,Temperate,110.00000000000001
Brazil,Wheat,2015,2198.83,16.23,14.584,21.12,Rabi,Temperate,110.00000000000001
Brazil,Soybean,2004,551.13,27.4,34.66,30.84,Whole Year,Tropical,110.00000000000001
Argentina,Rice,2009,694.71,17.99,6.009,26.45,Rabi,Temperate,110.00000000000001
China,Wheat,2008,1016.01,31.63,36.207,25.72,Rabi,Tropical,110.00000000000001
Argentina,Potato,2011,647.92,13.09,1.112,146.62,Whole Year,Temperate,110.00000000000001
Brazil,Barley,2011,1815.71,16.87,16.824,26.66,Rabi,Temperate,110.00000000000001
USA,Soybean,2009,1717.37,15.48,24.382,24.96,Whole Year,Temperate,110.00000000000001
Australia,Sugarcane,2022,939.77,12.69,39.683,684.51,Whole Year,Temperate,110.00000000000001
Australia,Maize,2016,1995.87,20.22,37.769,51.15,Kharif,Subtropical,110.00000000000001
USA,Wheat,2020,1528.19,12.58,43.451,31.95,Rabi,Temperate,110.00000000000001
Australia,Wheat,2010,1724.86,18.4,31.628,25.7,Rabi,Subtropical,110.00000000000001
India,Maize,2019,1691.27,25.29,14.594,28.05,Kharif,Subtropical,110.00000000000001
China,Potato,2007,1537.82,20.71,30.196,156.0,Whole Year,Subtropical,110.00000000000001
Argentina,Potato,2008,661.93,29.56,16.151,235.9,Whole Year,Tropical,110.00000000000001
USA,Barley,2011,1033.1,20.8,4.678,47.58,Rabi,Subtropical,110.00000000000001
Argentina,Sugarcane,2014,1960.62,25.39,26.885,809.4,Whole Year,Subtropical,110.00000000000001
USA,Cotton,2015,1663.75,22.15,29.802,17.28,Kharif,Subtropical,110.00000000000001
USA,Rice,2005,1841.47,21.02,48.512,52.67,Kharif,Subtropical,110.00000000000001
Brazil,Wheat,2016,1235.09,16.92,50.316,34.56,Rabi,Temperate,110.00000000000001
Australia,Wheat,2006,2082.81,24.74,56.167,20.49,Rabi,Subtropical,110.00000000000001
USA,Rice,2012,1225.67,15.63,20.412,33.37,Kharif,Temperate,110.00000000000001
Brazil,Wheat,2012,2080.44,30.65,6.888,13.33,Rabi,Tropical,110.00000000000001
USA,Barley,2005,1045.76,24.62,48.256,41.75,Rabi,Subtropical,110.00000000000001
India,Soybean,2011,1566.45,16.91,30.496,19.58,Whole Year,Temperate,110.00000000000001
China,Soybean,2017,580.82,22.18,1.419,29.31,Whole Year,Subtropical,110.00000000000001
China,Sugarcane,2003,2192.79,28.01,48.624,764.29,Whole Year,Tropical,110.00000000000001
Brazil,Potato,2009,2065.12,19.32,5.7,127.95,Whole Year,Subtropical,110.00000000000001
China,Wheat,2023,412.77,25.61,47.463,26.17,Rabi,Subtropical,110.00000000000001
China,Wheat,2013,1735.64,12.63,6.992,25.41,Rabi,Temperate,110.00000000000001
USA,Rice,2005,1785.52,28.22,27.024,72.7,Kharif,Tropical,110.00000000000001
Australia,Potato,2011,1270.98,29.95,56.735,164.0,Whole Year,Tropical,110.00000000000001
Brazil,Maize,2011,1864.68,16.34,29.811,48.53,Kharif,Temperate,110.00000000000001
Argentina,Rice,2020,2114.07,13.0,8.995,30.76,Kharif,Temperate,110.00000000000001
India,Potato,2013,430.54,31.21,1.895,94.44,Whole Year,Tropical,110.00000000000001
USA,Barley,2008,425.87,12.99,40.457,36.14,Rabi,Temperate,110.00000000000001
Brazil,Cotton,2020,1227.21,21.98,3.972,22.86,Kharif,Subtropical,110.00000000000001
USA,Rice,2005,982.2,28.38,36.215,63.84,Kharif,Tropical,110.00000000000001
China,Soybean,2015,682.97,31.25,29.806,20.63,Whole Year,Tropical,110.00000000000001
Australia,Potato,2012,456.42,14.39,38.894,237.65,Whole Year,Temperate,110.00000000000001
Argentina,Barley,2007,1756.26,14.65,32.815,29.58,Rabi,Temperate,110.00000000000001
USA,Soybean,2011,934.41,12.01,65.009,41.24,Whole Year,Temperate,110.00000000000001
Australia,Barley,2015,1974.58,14.58,45.0,22.75,Rabi,Temperate,110.00000000000001
Argentina,Soybean,2017,1654.16,13.93,16.45,19.44,Whole Year,Temperate,110.00000000000001
USA,Barley,2017,628.24,29.33,40.066,30.69,Rabi,Tropical,110.00000000000001
China,Barley,2017,1215.88,29.06,33.426,24.72,Rabi,Tropical,110.00000000000001
Argentina,Rice,2022,1324.33,31.01,32.141,55.87,Kharif,Tropical,110.00000000000001
China,Cotton,2006,1013.74,28.11,19.47,20.58,Kharif,Tropical,110.00000000000001
USA,Rice,2000,2082.17,26.52,61.95,62.41,Kharif,Tropical,110.00000000000001
Argentina,Wheat,2019,1403.39,31.57,46.39,20.93,Rabi,Tropical,110.00000000000001
USA,Cotton,2016,463.29,18.46,36.727,23.58,Rabi,Subtropical,110.00000000000001
Brazil,Maize,2016,1610.25,18.58,15.296,41.19,Kharif,Subtropical,110.00000000000001
Australia,Barley,2019,1715.82,13.53,41.502,28.92,Rabi,Temperate,110.00000000000001
Brazil,Sugarcane,2006,1009.72,23.27,11.274,706.46,Whole Year,Subtropical,110.00000000000001
Argentina,Wheat,2013,1629.99,15.67,49.255,30.62,Rabi,Temperate,110.00000000000001
China,Potato,2009,881.55,22.38,13.476,198.31,Whole Year,Subtropical,110.00000000000001
Argentina,Potato,2021,1722.57,18.43,2.079,136.6,Whole Year,Subtropical,110.00000000000001
Argentina,Wheat,2008,1586.02,31.78,15.903,21.94,Rabi,Tropical,110.00000000000001
China,Sugarcane,2020,598.13,19.67,48.137,670.89,Whole Year,Subtropical,110.00000000000001
Brazil,Sugarcane,2022,607.28,23.76,36.683,517.71,Whole Year,Subtropical,110.00000000000001
Argentina,Wheat,2010,539.47,12.36,6.14,29.57,Rabi,Temperate,110.00000000000001
USA,Sugarcane,2022,1929.04,22.66,31.814,1144.5,Whole Year,Subtropical,110.00000000000001
Argentina,Maize,2004,1761.77,13.9,1.648,35.88,Kharif,Temperate,110.00000000000001
India,Maize,2010,1443.59,22.8,2.139,32.08,Kharif,Subtropical,110.00000000000001
Brazil,Maize,2006,765.17,26.91,54.759,68.31,Rabi,Tropical,110.00000000000001
Argentina,Soybean,2019,942.12,16.98,22.338,29.73,Whole Year,Temperate,110.00000000000001
Australia,Barley,2008,768.5,23.33,40.596,37.95,Rabi,Subtropical,110.00000000000001
China,Rice,2016,1905.59,22.24,30.303,46.42,Kharif,Subtropical,110.00000000000001
Brazil,Soybean,2012,996.98,26.46,27.926,29.73,Whole Year,Tropical,110.00000000000001
Australia,Soybean,2013,439.57,28.05,49.252,26.04,Whole Year,Tropical,110.00000000000001
Australia,Maize,2017,566.53,14.02,12.438,73.63,Rabi,Temperate,110.00000000000001
China,Sugarcane,2021,654.24,30.41,5.384,779.26,Whole Year,Tropical,110.00000000000001
Brazil,Potato,2022,2009.21,22.43,14.447,163.04,Whole Year,Subtropical,110.00000000000001
USA,Soybean,2017,968.0,27.78,46.021,45.9,Whole Year,Tropical,110.00000000000001
Argentina,Barley,2003,1031.28,27.46,48.19,28.82,Rabi,Tropical,110.00000000000001
USA,Rice,2004,1837.22,26.14,12.851,49.83,Kharif,Tropical,110.00000000000001
Brazil,Potato,2013,717.59,31.12,3.872,158.72,Whole Year,Tropical,110.00000000000001
India,Potato,2005,2040.42,23.08,7.416,87.27,Whole Year,Subtropical,110.00000000000001
Brazil,Maize,2015,1037.48,20.39,21.488,73.95,Kharif,Subtropical,110.00000000000001
Australia,Wheat,2009,1712.58,22.01,25.947,23.15,Rabi,Subtropical,110.00000000000001
Argentina,Wheat,2019,564.57,23.14,53.512,33.82,Rabi,Subtropical,110.00000000000001
China,Barley,2009,1120.59,23.0,35.626,40.56,Rabi,Subtropical,110.00000000000001
Australia,Rice,2015,616.87,29.03,9.788,50.32,Rabi,Tropical,110.00000000000001
China,Barley,2001,491.54,29.27,19.604,30.68,Rabi,Tropical,110.00000000000001
China,Sugarcane,2001,2071.07,13.31,31.591,478.83,Whole Year,Temperate,110.00000000000001
Argentina,Sugarcane,2000,1918.62,15.9,49.612,605.83,Whole Year,Temperate,110.00000000000001
China,Rice,2010,1091.1,20.89,8.143,31.43,Kharif,Subtropical,110.00000000000001
India,Wheat,2001,945.3,26.89,40.988,25.6,Rabi,Tropical,110.00000000000001
Australia,Soybean,2017,1986.25,19.0,5.204,22.6,Whole Year,Subtropical,110.00000000000001
Australia,Sugarcane,2010,1665.76,12.43,39.449,527.72,Whole Year,Temperate,110.00000000000001
Australia,Cotton,2007,1053.16,24.02,53.038,33.21,Kharif,Subtropical,110.00000000000001
Australia,Soybean,2021,884.99,17.55,58.338,44.36,Whole Year,Temperate,110.00000000000001
Argentina,Wheat,2020,551.87,25.7,42.465,31.85,Rabi,Subtropical,110.00000000000001
Brazil,Rice,2014,546.65,15.87,52.291,25.6,Rabi,Temperate,110.00000000000001
Brazil,Wheat,2016,467.62,26.34,29.595,28.03,Rabi,Tropical,110.00000000000001
USA,Sugarcane,2006,626.27,20.29,51.465,754.75,Whole Year,Subtropical,110.00000000000001
Brazil,Barley,2002,1561.43,25.02,45.348,25.32,Rabi,Subtropical,110.00000000000001
Australia,Cotton,2010,1656.16,17.37,62.459,14.73,Kharif,Temperate,110.00000000000001
China,Potato,2006,2057.39,31.37,31.082,101.99,Whole Year,Tropical,110.00000000000001
Argentina,Cotton,2022,776.3,28.97,54.361,33.39,Rabi,Tropical,110.00000000000001
Argentina,Wheat,2014,695.69,22.07,49.812,42.85,Rabi,Subtropical,110.00000000000001
India,Potato,2007,1491.5,25.55,22.345,142.59,Whole Year,Subtropical,110.00000000000001
Argentina,Potato,2004,2142.16,29.8,36.032,108.23,Whole Year,Tropical,110.00000000000001
India,Maize,2002,2005.71,26.66,21.605,32.41,Kharif,Tropical,110.00000000000001
Argentina,Potato,2017,1168.22,24.97,43.636,259.91,Whole Year,Subtropical,110.00000000000001
India,Wheat,2011,900.2,21.96,14.005,26.77,Rabi,Subtropical,110.00000000000001
USA,Cotton,2016,1387.8,27.93,39.357,36.37,Kharif,Tropical,110.00000000000001
China,Barley,2023,442.47,20.27,17.207,43.05,Rabi,Subtropical,110.00000000000001
Brazil,Soybean,2011,741.13,14.51,17.105,30.6,Whole Year,Temperate,110.00000000000001
India,Potato,2017,1835.21,17.39,37.716,93.41,Whole Year,Temperate,110.00000000000001
USA,Sugarcane,2023,1184.93,15.14,63.961,934.49,Whole Year,Temperate,110.00000000000001
Australia,Wheat,2019,1698.61,30.83,55.102,24.42,Rabi,Tropical,110.00000000000001
Brazil,Sugarcane,2019,1394.87,14.29,6.938,617.86,Whole Year,Temperate,110.00000000000001
Australia,Sugarcane,2007,1701.11,12.65,37.205,625.2,Whole Year,Temperate,110.00000000000001
China,Sugarcane,2007,1175.78,17.76,34.725,496.66,Whole Year,Temperate,110.00000000000001
USA,Rice,2021,976.54,30.13,12.909,57.99,Kharif,Tropical,110.00000000000001
China,Maize,2005,1633.36,31.64,39.739,48.74,Kharif,Tropical,110.00000000000001
China,Wheat,2002,1860.64,13.11,30.942,17.09,Rabi,Temperate,110.00000000000001
China,Rice,2003,1707.35,16.39,25.822,42.17,Kharif,Temperate,110.00000000000001
India,Sugarcane,2014,2064.39,22.34,4.975,483.82,Whole Year,Subtropical,110.00000000000001
Argentina,Barley,2018,1533.77,19.2,24.349,45.6,Rabi,Subtropical,110.00000000000001
USA,Soybean,2015,1906.11,15.27,18.694,16.63,Whole Year,Temperate,110.00000000000001
Australia,Potato,2000,1099.61,20.87,55.707,237.32,Whole Year,Subtropical,110.00000000000001
USA,Rice,2006,544.11,21.49,0.673,26.13,Rabi,Subtropical,110.00000000000001
Brazil,Soybean,2012,1938.13,25.66,2.878,19.88,Whole Year,Subtropical,110.00000000000001
Brazil,Wheat,2006,563.58,29.09,34.681,28.17,Rabi,Tropical,110.00000000000001
India,Maize,2001,806.2,16.24,33.683,37.44,Kharif,Temperate,110.00000000000001
Argentina,Cotton,2016,1713.59,26.71,4.801,18.29,Kharif,Tropical,110.00000000000001
Argentina,Wheat,2008,2022.94,30.52,0.546,12.19,Rabi,Tropical,110.00000000000001
China,Sugarcane,2010,1998.89,21.2,34.901,568.04,Whole Year,Subtropical,110.00000000000001
India,Rice,2004,1005.51,22.38,41.619,33.0,Kharif,Subtropical,110.00000000000001
India,Maize,2005,659.99,20.84,14.199,47.11,Rabi,Subtropical,110.00000000000001
Brazil,Rice,2019,865.67,12.52,15.687,27.84,Kharif,Temperate,110.00000000000001
Australia,Cotton,2003,2119.32,16.8,20.22,9.19,Kharif,Temperate,110.00000000000001
Australia,Cotton,2003,1041.15,25.94,35.007,25.85,Kharif,Subtropical,110.00000000000001
India,Wheat,2022,1389.58,21.05,7.2,25.85,Rabi,Subtropical,110.00000000000001
Australia,Barley,2013,2056.07,17.41,23.156,28.0,Rabi,Temperate,110.00000000000001
India,Maize,2000,2042.68,29.48,21.327,22.21,Kharif,Tropical,110.00000000000001
India,Maize,2012,488.47,15.82,33.597,40.42,Rabi,Temperate,110.00000000000001
China,Potato,2018,1937.92,26.98,15.658,110.39,Whole Year,Tropical,110.00000000000001
Brazil,Soybean,2010,1446.86,22.67,32.802,24.87,Whole Year,Subtropical,110.00000000000001
China,Rice,2001,610.15,14.58,30.869,29.3,Rabi,Temperate,110.00000000000001
China,Potato,2022,556.15,24.11,3.283,235.99,Whole Year,Subtropical,110.00000000000001
USA,Sugarcane,2008,759.41,19.43,33.865,718.9,Whole Year,Subtropical,110.00000000000001
Australia,Cotton,2005,1273.13,22.82,51.148,19.97,Kharif,Subtropical,110.00000000000001
Brazil,Sugarcane,2010,1022.18,26.87,24.096,860.43,Whole Year,Tropical,110.00000000000001
India,Cotton,2017,2106.15,13.39,19.398,7.72,Kharif,Temperate,110.00000000000001
Argentina,Rice,2009,1209.65,27.13,47.648,55.86,Kharif,Tropical,110.00000000000001
China,Barley,2010,1139.08,29.97,51.535,33.98,Rabi,Tropical,110.00000000000001
USA,Wheat,2006,756.41,20.76,27.59,40.96,Rabi,Subtropical,110.00000000000001
Brazil,Wheat,2010,852.15,18.41,7.424,33.76,Rabi,Subtropical,110.00000000000001
USA,Barley,2000,1855.04,19.76,53.728,28.59,Rabi,Subtropical,110.00000000000001
Brazil,Potato,2011,1740.0,15.04,7.167,120.23,Whole Year,Temperate,110.00000000000001
Australia,Soybean,2004,474.96,28.61,35.708,27.7,Whole Year,Tropical,110.00000000000001
Argentina,Barley,2021,1399.53,22.55,39.326,33.11,Rabi,Subtropical,110.00000000000001
China,Maize,2010,1330.61,22.59,23.051,55.84,Kharif,Subtropical,110.00000000000001
Argentina,Maize,2002,530.93,27.8,13.067,57.92,Rabi,Tropical,110.00000000000001
Australia,Barley,2009,1733.59,25.24,22.221,31.2,Rabi,Subtropical,110.00000000000001
USA,Rice,2023,1741.72,19.58,20.437,52.82,Kharif,Subtropical,110.00000000000001
India,Rice,2008,880.9,16.89,9.661,20.83,Kharif,Temperate,110.00000000000001
India,Rice,2021,792.89,14.61,0.535,17.65,Rabi,Temperate,110.00000000000001
Australia,Potato,2006,1243.48,23.83,55.428,285.99,Whole Year,Subtropical,110.00000000000001
Australia,Cotton,2016,1435.13,27.73,1.081,24.89,Kharif,Tropical,110.00000000000001
USA,Sugarcane,2014,1227.34,16.47,63.008,762.26,Whole Year,Temperate,110.00000000000001
Brazil,Cotton,2003,1675.84,15.56,48.869,12.83,Kharif,Temperate,110.00000000000001
India,Wheat,2018,1821.95,24.79,36.272,19.9,Rabi,Subtropical,110.00000000000001
USA,Cotton,2008,533.33,31.86,27.533,23.27,Rabi,Tropical,110.00000000000001
Australia,Barley,2008,1457.23,15.48,60.181,32.67,Rabi,Temperate,110.00000000000001
Australia,Potato,2001,2198.57,17.74,17.528,95.08,Whole Year,Temperate,110.00000000000001
Australia,Cotton,2001,1827.11,30.12,60.943,16.49,Kharif,Tropical,110.00000000000001
USA,Soybean,2015,1320.41,28.13,3.366,30.49,Whole Year,Tropical,110.00000000000001
China,Barley,2005,1726.23,21.07,56.884,22.98,Rabi,Subtropical,110.00000000000001
USA,Rice,2006,1394.18,23.98,18.523,54.51,Kharif,Subtropical,110.00000000000001
India,Wheat,2013,1931.04,23.01,35.1,15.14,Rabi,Subtropical,110.00000000000001
India,Cotton,2000,1639.04,17.2,10.823,12.33,Kharif,Temperate,110.00000000000001
Argentina,Maize,2016,1348.27,13.14,6.633,43.84,Kharif,Temperate,110.00000000000001
China,Cotton,2016,1731.05,20.53,19.188,14.75,Kharif,Subtropical,110.00000000000001
Argentina,Sugarcane,2016,1599.75,28.15,30.521,812.43,Whole Year,Tropical,110.00000000000001
Brazil,Sugarcane,2002,1677.61,21.64,28.618,868.55,Whole Year,Subtropical,110.00000000000001
Australia,Sugarcane,2005,821.38,13.2,32.35,392.85,Whole Year,Temperate,110.00000000000001
India,Cotton,2007,2076.78,13.78,21.74,8.59,Kharif,Temperate,110.00000000000001
Australia,Cotton,2017,1102.52,14.12,41.903,18.53,Kharif,Temperate,110.00000000000001
Brazil,Cotton,2017,700.51,14.42,4.697,20.37,Rabi,Temperate,110.00000000000001
China,Potato,2009,957.76,22.15,23.072,291.39,Whole Year,Subtropical,110.00000000000001
India,Maize,2018,434.92,18.54,26.688,39.71,Rabi,Subtropical,110.00000000000001
China,Barley,2006,529.43,30.18,55.072,22.43,Rabi,Tropical,110.00000000000001
India,Soybean,2022,1687.25,18.3,13.022,14.31,Whole Year,Subtropical,110.00000000000001
Argentina,Maize,2008,549.25,24.4,20.413,74.09,Rabi,Subtropical,110.00000000000001
India,Barley,2001,725.15,21.71,29.927,20.8,Rabi,Subtropical,110.00000000000001
India,Rice,2009,979.04,21.31,40.086,36.16,Kharif,Subtropical,110.00000000000001
Australia,Soybean,2012,1915.57,21.66,41.21,24.15,Whole Year,Subtropical,110.00000000000001
Argentina,Wheat,2019,1090.42,21.83,53.774,48.34,Rabi,Subtropical,110.00000000000001
USA,Wheat,2017,1159.19,16.59,13.471,33.73,Rabi,Temperate,110.00000000000001
China,Maize,2011,494.22,16.62,46.11,68.99,Rabi,Temperate,110.00000000000001
Australia,Sugarcane,2020,525.44,13.16,57.938,513.4,Whole Year,Temperate,110.00000000000001
Australia,Maize,2019,1082.86,30.22,38.459,64.46,Kharif,Tropical,110.00000000000001
Brazil,Barley,2015,709.9,29.01,48.282,33.16,Rabi,Tropical,110.00000000000001
Argentina,Rice,2003,1568.48,25.96,38.288,50.91,Kharif,Subtropical,110.00000000000001
Argentina,Potato,2018,496.23,20.91,2.961,227.61,Whole Year,Subtropical,110.00000000000001
USA,Wheat,2021,950.17,23.86,36.294,34.63,Rabi,Subtropical,110.00000000000001
India,Rice,2023,645.71,16.57,37.506,17.7,Rabi,Temperate,110.00000000000001
USA,Rice,2010,1204.19,12.14,55.309,36.96,Kharif,Temperate,110.00000000000001
China,Cotton,2016,1664.73,31.12,30.552,18.67,Kharif,Tropical,110.00000000000001
China,Soybean,2014,1967.21,20.44,39.75,25.11,Whole Year,Subtropical,110.00000000000001
Argentina,Sugarcane,2014,1247.47,15.98,36.101,535.4,Whole Year,Temperate,110.00000000000001
India,Sugarcane,2011,1184.88,26.97,35.187,729.72,Whole Year,Tropical,110.00000000000001
India,Maize,2001,1315.65,26.42,14.989,34.9,Kharif,Tropical,110.00000000000001
India,Potato,2004,1173.01,21.41,6.688,116.86,Whole Year,Subtropical,110.00000000000001
Brazil,Cotton,2014,1027.77,25.88,8.78,29.61,Kharif,Subtropical,110.00000000000001
India,Wheat,2002,1670.37,28.42,10.045,15.66,Rabi,Tropical,110.00000000000001
China,Rice,2004,1780.18,19.01,21.667,39.41,Kharif,Subtropical,110.00000000000001
Argentina,Potato,2011,1616.61,16.97,0.93,132.65,Whole Year,Temperate,110.00000000000001
USA,Wheat,2022,1307.67,29.31,16.291,25.05,Rabi,Tropical,110.00000000000001
China,Barley,2019,810.7,26.8,17.81,42.96,Rabi,Tropical,110.00000000000001
Argentina,Barley,2022,1288.01,12.8,59.059,39.24,Rabi,Temperate,110.00000000000001
Brazil,Maize,2008,911.72,23.72,32.272,67.99,Kharif,Subtropical,110.00000000000001
Brazil,Sugarcane,2017,2194.25,15.07,47.463,452.58,Whole Year,Temperate,110.00000000000001
Argentina,Rice,2010,1562.88,15.01,55.959,41.21,Kharif,Temperate,110.00000000000001
Brazil,Barley,2016,1831.52,14.71,24.616,30.92,Rabi,Temperate,110.00000000000001
India,Maize,2018,1270.83,21.81,5.089,55.74,Kharif,Subtropical,110.00000000000001
Australia,Sugarcane,2000,1127.16,21.2,0.948,591.93,Whole Year,Subtropical,110.00000000000001
Australia,Cotton,2023,1210.09,18.76,24.256,20.26,Kharif,Subtropical,110.00000000000001
USA,Maize,2022,1057.09,20.65,42.064,72.54,Kharif,Subtropical,110.00000000000001
USA,Cotton,2000,504.9,30.42,59.023,27.92,Rabi,Tropical,110.00000000000001
Brazil,Potato,2012,1271.53,24.96,1.01,200.11,Whole Year,Subtropical,110.00000000000001
China,Sugarcane,2014,468.36,31.89,27.714,613.34,Whole Year,Tropical,110.00000000000001
India,Rice,2011,957.28,18.4,35.63,29.05,Kharif,Subtropical,110.00000000000001
India,Sugarcane,2007,978.78,31.96,42.337,448.88,Whole Year,Tropical,110.00000000000001
USA,Rice,2009,1350.49,31.39,48.869,53.83,Kharif,Tropical,110.00000000000001
China,Wheat,2010,744.3,22.34,52.215,43.28,Rabi,Subtropical,110.00000000000001
India,Potato,2009,1661.82,14.27,32.847,107.4,Whole Year,Temperate,110.00000000000001
Australia,Barley,2018,1138.04,21.64,4.404,37.0,Rabi,Subtropical,110.00000000000001
Australia,Wheat,2010,1754.2,30.23,34.633,21.74,Rabi,Tropical,110.00000000000001
Australia,Wheat,2010,1960.34,24.53,41.816,18.7,Rabi,Subtropical,110.00000000000001
China,Maize,2000,1248.99,23.43,2.668,59.16,Kharif,Subtropical,110.00000000000001
Australia,Sugarcane,2012,538.86,18.12,40.977,456.65,Whole Year,Subtropical,110.00000000000001
Argentina,Sugarcane,2001,886.63,28.46,31.099,715.52,Whole Year,Tropical,110.00000000000001
Brazil,Rice,2004,1726.71,13.4,47.55,33.0,Kharif,Temperate,110.00000000000001
China,Rice,2020,1947.55,21.17,15.089,36.93,Kharif,Subtropical,110.00000000000001
Argentina,Maize,2011,1023.28,28.15,21.383,51.37,Kharif,Tropical,110.00000000000001
Argentina,Soybean,2013,1786.79,16.21,30.086,18.4,Whole Year,Temperate,110.00000000000001
Brazil,Cotton,2003,810.58,30.44,32.591,22.81,Kharif,Tropical,110.00000000000001
India,Sugarcane,2007,1407.8,21.73,21.46,482.84,Whole Year,Subtropical,110.00000000000001
China,Potato,2003,635.94,27.32,53.616,247.07,Whole Year,Tropical,110.00000000000001
USA,Potato,2009,548.93,30.3,19.801,200.81,Whole Year,Tropical,110.00000000000001
China,Potato,2019,1830.39,21.13,9.819,143.63,Whole Year,Subtropical,110.00000000000001
Australia,Sugarcane,2008,1500.98,23.31,44.669,1192.8,Whole Year,Subtropical,110.00000000000001
China,Potato,2014,840.49,14.63,17.381,248.15,Whole Year,Temperate,110.00000000000001
Argentina,Rice,2009,598.03,30.95,25.401,27.51,Rabi,Tropical,110.00000000000001
Argentina,Potato,2009,1378.98,18.77,28.406,210.95,Whole Year,Subtropical,110.00000000000001
Australia,Wheat,2014,2142.6,27.59,1.403,17.92,Rabi,Tropical,110.00000000000001
China,Cotton,2005,500.8,21.6,30.784,16.69,Rabi,Subtropical,110.00000000000001
Brazil,Cotton,2000,1899.78,30.59,34.563,13.98,Kharif,Tropical,110.00000000000001
India,Soybean,2023,478.99,26.41,18.89,18.49,Whole Year,Tropical,110.00000000000001
Australia,Rice,2021,1135.83,18.54,46.554,37.78,Kharif,Subtropical,110.00000000000001
China,Wheat,2019,1272.75,19.1,18.441,45.21,Rabi,Subtropical,110.00000000000001
USA,Barley,2006,453.53,13.43,44.541,38.67,Rabi,Temperate,110.00000000000001
Argentina,Rice,2000,1490.82,23.41,3.215,39.38,Kharif,Subtropical,110.00000000000001
India,Cotton,2008,1307.33,22.9,12.049,18.32,Kharif,Subtropical,110.00000000000001
India,Soybean,2004,2131.36,22.95,2.731,12.66,Whole Year,Subtropical,110.00000000000001
USA,Wheat,2002,685.34,21.75,24.578,41.29,Rabi,Subtropical,110.00000000000001
India,Soybean,2013,894.47,29.76,1.725,24.7,Whole Year,Tropical,110.00000000000001
China,Maize,2017,1820.72,12.62,55.595,42.29,Kharif,Temperate,110.00000000000001
China,Potato,2019,519.53,31.79,2.259,179.25,Whole Year,Tropical,110.00000000000001
India,Barley,2023,1961.75,16.65,25.827,19.83,Rabi,Temperate,110.00000000000001
Australia,Maize,2021,786.22,26.76,11.821,76.0,Rabi,Tropical,110.00000000000001
India,Maize,2012,501.24,13.61,42.193,45.31,Rabi,Temperate,110.00000000000001
Brazil,Maize,2019,1577.62,22.67,51.922,56.43,Kharif,Subtropical,110.00000000000001
Australia,Potato,2016,1322.64,17.36,28.434,213.14,Whole Year,Temperate,110.00000000000001
China,Barley,2018,1402.03,24.92,0.777,25.35,Rabi,Subtropical,110.00000000000001
Argentina,Wheat,2003,1621.82,15.52,43.003,32.05,Rabi,Temperate,110.00000000000001
Brazil,Rice,2011,1373.1,28.99,26.407,49.78,Kharif,Tropical,110.00000000000001
Argentina,Rice,2012,1326.41,14.11,41.644,40.08,Kharif,Temperate,110.00000000000001
China,Sugarcane,2009,937.01,17.26,9.407,499.56,Whole Year,Temperate,110.00000000000001
Argentina,Maize,2006,560.6,20.62,10.487,77.67,Rabi,Subtropical,110.00000000000001
USA,Wheat,2017,985.75,13.89,65.871,44.24,Rabi,Temperate,110.00000000000001
Argentina,Barley,2013,1365.84,17.56,3.696,31.31,Rabi,Temperate,110.00000000000001
China,Wheat,2005,1641.35,18.03,35.994,24.2,Rabi,Subtropical,110.00000000000001
Australia,Sugarcane,2004,1453.14,22.26,30.981,802.92,Whole Year,Subtropical,110.00000000000001
India,Rice,2006,1163.53,20.93,10.801,34.1,Kharif,Subtropical,110.00000000000001
Argentina,Soybean,2017,1955.12,17.98,11.579,15.91,Whole Year,Temperate,110.00000000000001
Argentina,Soybean,2020,667.27,23.09,31.629,39.97,Whole Year,Subtropical,110.00000000000001
USA,Potato,2009,1598.41,17.72,31.057,165.73,Whole Year,Temperate,110.00000000000001
China,Soybean,2000,2014.14,16.21,13.083,13.53,Whole Year,Temperate,110.00000000000001
Argentina,Cotton,2003,1211.27,27.07,57.338,30.03,Kharif,Tropical,110.00000000000001
Argentina,Rice,2022,702.78,28.67,11.707,52.36,Rabi,Tropical,110.00000000000001
USA,Maize,2005,1487.21,29.43,67.426,62.48,Kharif,Tropical,110.00000000000001
India,Soybean,2021,862.77,21.59,15.609,32.77,Whole Year,Subtropical,110.00000000000001
Australia,Soybean,2015,1403.37,29.37,52.152,32.47,Whole Year,Tropical,110.00000000000001
India,Rice,2004,469.05,29.42,21.792,22.39,Rabi,Tropical,110.00000000000001
Argentina,Soybean,2009,652.3,22.88,0.48,24.43,Whole Year,Subtropical,110.00000000000001
Brazil,Wheat,2016,1191.04,21.93,22.201,36.38,Rabi,Subtropical,110.00000000000001
India,Barley,2004,2124.09,29.68,39.667,14.38,Rabi,Tropical,110.00000000000001
Argentina,Cotton,2022,1425.07,29.22,4.7,18.91,Kharif,Tropical,110.00000000000001
Argentina,Rice,2007,1128.75,22.13,58.291,42.15,Kharif,Subtropical,110.00000000000001
Australia,Wheat,2000,1147.0,18.54,37.918,47.31,Rabi,Subtropical,110.00000000000001
Brazil,Barley,2020,1288.93,31.23,42.33,27.74,Rabi,Tropical,110.00000000000001
Brazil,Wheat,2011,1747.05,27.68,17.853,22.27,Rabi,Tropical,110.00000000000001
USA,Maize,2015,1711.51,19.1,41.356,63.2,Kharif,Subtropical,110.00000000000001
India,Cotton,2001,867.01,13.69,5.069,10.43,Kharif,Temperate,110.00000000000001
China,Rice,2020,1820.27,19.02,23.268,40.67,Kharif,Subtropical,110.00000000000001
India,Rice,2001,1789.21,20.36,31.807,36.64,Kharif,Subtropical,110.00000000000001
India,Soybean,2005,2095.27,24.07,4.474,12.38,Whole Year,Subtropical,110.00000000000001
Brazil,Barley,2007,1355.25,17.1,37.16,36.28,Rabi,Temperate,110.00000000000001
Brazil,Sugarcane,2023,451.43,24.62,19.227,487.69,Whole Year,Subtropical,110.00000000000001
Argentina,Soybean,2010,2055.77,13.1,49.238,12.63,Whole Year,Temperate,110.00000000000001
China,Soybean,2019,1520.17,26.13,17.137,24.04,Whole Year,Tropical,110.00000000000001
Brazil,Maize,2010,2049.96,26.11,36.948,34.54,Kharif,Tropical,110.00000000000001
India,Rice,2008,1670.19,21.78,16.275,28.7,Kharif,Subtropical,110.00000000000001
Argentina,Maize,2000,533.52,15.84,50.4,62.94,Rabi,Temperate,110.00000000000001
USA,Rice,2017,1996.5,28.21,25.266,50.63,Kharif,Tropical,110.00000000000001
USA,Cotton,2022,1602.44,15.53,39.165,22.81,Kharif,Temperate,110.00000000000001
USA,Cotton,2006,738.23,24.5,22.71,24.02,Rabi,Subtropical,110.00000000000001
China,Cotton,2015,2023.45,19.94,14.104,12.57,Kharif,Subtropical,110.00000000000001
Brazil,Rice,2004,2148.2,20.76,47.357,35.8,Kharif,Subtropical,110.00000000000001
India,Maize,2002,1025.12,25.62,15.847,37.02,Kharif,Subtropical,110.00000000000001
USA,Wheat,2006,1438.39,12.82,35.594,40.18,Rabi,Temperate,110.00000000000001
Argentina,Sugarcane,2002,478.92,18.53,37.399,351.35,Whole Year,Subtropical,110.00000000000001
Australia,Wheat,2012,998.84,20.77,16.418,33.96,Rabi,Subtropical,110.00000000000001
India,Potato,2021,760.28,18.39,25.152,138.94,Whole Year,Subtropical,110.00000000000001
Argentina,Maize,2021,1424.71,28.24,48.476,51.36,Kharif,Tropical,110.00000000000001
Argentina,Cotton,2008,1556.1,12.77,37.288,15.97,Kharif,Temperate,110.00000000000001
India,Sugarcane,2008,1608.2,12.63,30.876,502.67,Whole Year,Temperate,110.00000000000001
Argentina,Potato,2012,1785.59,23.23,52.97,184.32,Whole Year,Subtropical,110.00000000000001
Brazil,Wheat,2009,1748.77,31.29,4.046,13.06,Rabi,Tropical,110.00000000000001
China,Maize,2006,1443.34,23.11,42.528,58.82,Kharif,Subtropical,110.00000000000001
USA,Maize,2010,961.07,18.12,56.554,66.86,Kharif,Subtropical,110.00000000000001
India,Potato,2018,1988.45,23.65,5.391,102.05,Whole Year,Subtropical,110.00000000000001
Argentina,Wheat,2015,1019.16,17.55,59.801,52.38,Rabi,Temperate,110.00000000000001
China,Potato,2013,1650.69,27.92,19.562,116.63,Whole Year,Tropical,110.00000000000001
Australia,Maize,2008,460.17,19.34,14.817,59.91,Rabi,Subtropical,110.00000000000001
Argentina,Potato,2005,2060.15,20.52,59.131,148.06,Whole Year,Subtropical,110.00000000000001
China,Rice,2007,597.35,23.34,53.379,27.18,Rabi,Subtropical,110.00000000000001
China,Rice,2022,1232.84,28.13,10.33,68.35,Kharif,Tropical,110.00000000000001
India,Wheat,2001,557.63,24.68,38.871,18.48,Rabi,Subtropical,110.00000000000001
Brazil,Barley,2013,692.53,25.48,7.341,37.2,Rabi,Subtropical,110.00000000000001
China,Barley,2017,1478.97,15.43,42.644,32.79,Rabi,Temperate,110.00000000000001
India,Soybean,2011,1638.61,14.56,18.078,13.08,Whole Year,Temperate,110.00000000000001
Argentina,Sugarcane,2021,2130.49,24.05,33.569,581.58,Whole Year,Subtropical,110.00000000000001
Argentina,Potato,2010,1683.98,25.19,37.482,155.62,Whole Year,Subtropical,110.00000000000001
China,Rice,2012,1694.24,22.08,40.754,42.94,Kharif,Subtropical,110.00000000000001
Argentina,Wheat,2002,446.34,18.82,48.198,42.01,Rabi,Subtropical,110.00000000000001
Argentina,Wheat,2001,1538.45,17.77,38.307,28.05,Rabi,Temperate,110.00000000000001
Australia,Potato,2018,1934.37,22.01,42.431,171.02,Whole Year,Subtropical,110.00000000000001
Argentina,Soybean,2000,1172.0,25.05,43.628,22.2,Whole Year,Subtropical,110.00000000000001
Australia,Sugarcane,2022,1625.65,15.73,16.835,870.21,Whole Year,Temperate,110.00000000000001
Argentina,Rice,2009,967.39,14.31,6.419,33.78,Kharif,Temperate,110.00000000000001
Australia,Wheat,2011,1919.92,16.78,25.951,28.13,Rabi,Temperate,110.00000000000001
USA,Rice,2023,1052.52,23.73,42.145,62.78,Kharif,Subtropical,110.00000000000001
China,Maize,2017,1086.06,20.24,41.836,72.26,Kharif,Subtropical,110.00000000000001
Australia,Soybean,2002,731.6,20.74,24.524,31.31,Whole Year,Subtropical,110.00000000000001
Brazil,Wheat,2003,464.38,22.56,36.403,24.56,Rabi,Subtropical,110.00000000000001
Australia,Sugarcane,2016,1247.95,20.22,14.785,885.67,Whole Year,Subtropical,110.00000000000001
China,Wheat,2023,1877.32,24.29,47.849,24.96,Rabi,Subtropical,110.00000000000001
Argentina,Soybean,2008,945.8,25.96,47.416,30.62,Whole Year,Subtropical,110.00000000000001
China,Cotton,2001,1427.78,20.16,38.033,21.09,Kharif,Subtropical,110.00000000000001
USA,Potato,2015,426.13,23.5,27.154,230.23,Whole Year,Subtropical,110.00000000000001
Brazil,Wheat,2017,1022.49,19.16,0.465,43.24,Rabi,Subtropical,110.00000000000001
China,Potato,2008,991.79,24.22,50.098,185.11,Whole Year,Subtropical,110.00000000000001
Brazil,Sugarcane,2003,1099.54,20.32,41.067,503.73,Whole Year,Subtropical,110.00000000000001
Brazil,Maize,2012,1880.77,16.2,21.675,34.79,Kharif,Temperate,110.00000000000001
Australia,Barley,2016,1306.43,28.03,27.596,32.94,Rabi,Tropical,110.00000000000001
Brazil,Potato,2005,1282.82,17.15,48.671,193.41,Whole Year,Temperate,110.00000000000001
China,Maize,2022,1766.19,21.57,2.568,46.18,Kharif,Subtropical,110.00000000000001
India,Potato,2022,557.64,28.11,28.44,170.39,Whole Year,Tropical,110.00000000000001
India,Potato,2000,1496.25,27.38,18.988,112.87,Whole Year,Tropical,110.00000000000001
Argentina,Soybean,2005,1566.11,26.24,10.707,17.92,Whole Year,Tropical,110.00000000000001
China,Rice,2003,1540.24,14.12,36.141,29.6,Kharif,Temperate,110.00000000000001
Brazil,Sugarcane,2003,1784.65,23.93,18.546,620.14,Whole Year,Subtropical,110.00000000000001
China,Potato,2012,1453.47,19.19,27.333,177.09,Whole Year,Subtropical,110.00000000000001
USA,Sugarcane,2008,777.16,14.9,61.046,732.81,Whole Year,Temperate,110.00000000000001
Brazil,Sugarcane,2009,2077.44,17.58,52.262,444.45,Whole Year,Temperate,110.00000000000001
Australia,Maize,2005,1353.66,25.39,51.973,52.67,Kharif,Subtropical,110.00000000000001
USA,Sugarcane,2006,1455.63,17.22,66.279,1064.29,Whole Year,Temperate,110.00000000000001
Brazil,Cotton,2022,894.81,12.66,23.118,22.18,Kharif,Temperate,110.00000000000001
China,Sugarcane,2018,866.59,12.38,2.064,544.93,Whole Year,Temperate,110.00000000000001
India,Rice,2008,1763.44,26.63,30.14,32.15,Kharif,Tropical,110.00000000000001
Argentina,Maize,2007,957.51,21.66,19.384,87.29,Kharif,Subtropical,110.00000000000001
Argentina,Sugarcane,2007,1909.52,25.1,13.706,676.13,Whole Year,Subtropical,110.00000000000001
USA,Wheat,2008,2130.01,24.55,17.52,18.27,Rabi,Subtropical,110.00000000000001
USA,Soybean,2017,1637.11,13.92,62.274,27.85,Whole Year,Temperate,110.00000000000001
Brazil,Barley,2019,863.26,25.87,2.184,41.28,Rabi,Subtropical,110.00000000000001
Brazil,Rice,2012,1117.88,22.44,22.085,37.59,Kharif,Subtropical,110.00000000000001
Australia,Potato,2021,1221.39,29.88,31.117,251.41,Whole Year,Tropical,110.00000000000001
Brazil,Wheat,2008,814.15,20.12,45.442,32.95,Rabi,Subtropical,110.00000000000001
Australia,Maize,2011,1555.98,16.91,6.83,59.25,Kharif,Temperate,110.00000000000001
Australia,Maize,2017,884.29,28.24,33.342,58.1,Kharif,Tropical,110.00000000000001
India,Barley,2017,1998.15,14.05,31.625,21.24,Rabi,Temperate,110.00000000000001
China,Rice,2007,1679.78,20.78,6.486,46.59,Kharif,Subtropical,110.00000000000001
Brazil,Potato,2012,1792.84,19.17,10.076,154.24,Whole Year,Subtropical,110.00000000000001
Australia,Soybean,2006,1537.19,17.14,59.291,22.2,Whole Year,Temperate,110.00000000000001
Argentina,Barley,2008,417.72,16.76,49.217,33.55,Rabi,Temperate,110.00000000000001
USA,Maize,2001,1687.79,13.38,22.357,39.91,Kharif,Temperate,110.00000000000001
USA,Wheat,2014,1359.18,30.62,64.222,28.99,Rabi,Tropical,110.00000000000001
Brazil,Rice,2017,589.92,25.66,36.34,45.01,Rabi,Subtropical,110.00000000000001
Australia,Wheat,2015,1991.64,29.25,27.708,20.23,Rabi,Tropical,110.00000000000001
Australia,Wheat,2010,976.34,30.27,25.577,34.73,Rabi,Tropical,110.00000000000001
India,Soybean,2010,1853.22,27.26,16.412,17.02,Whole Year,Tropical,110.00000000000001
Brazil,Potato,2009,757.38,21.9,40.827,270.56,Whole Year,Subtropical,110.00000000000001
Australia,Wheat,2015,1815.67,12.36,30.171,24.01,Rabi,Temperate,110.00000000000001
USA,Potato,2008,835.93,15.43,35.764,222.42,Whole Year,Temperate,110.00000000000001
Argentina,Cotton,2010,2172.91,12.58,20.288,7.4,Kharif,Temperate,110.00000000000001
China,Wheat,2003,820.5,27.57,34.993,37.29,Rabi,Tropical,110.00000000000001
Argentina,Soybean,2021,514.36,19.92,57.829,35.41,Whole Year,Subtropical,110.00000000000001
USA,Barley,2009,1147.89,20.06,2.444,44.66,Rabi,Subtropical,110.00000000000001
Argentina,Wheat,2005,946.7,30.42,19.256,24.81,Rabi,Tropical,110.00000000000001
China,Wheat,2003,585.66,30.86,45.717,20.94,Rabi,Tropical,110.00000000000001
USA,Wheat,2003,627.15,25.56,38.614,34.7,Rabi,Subtropical,110.00000000000001
India,Potato,2016,1265.69,19.53,15.436,120.71,Whole Year,Subtropical,110.00000000000001
China,Sugarcane,2002,2176.05,24.39,37.425,540.24,Whole Year,Subtropical,110.00000000000001
China,Potato,2022,1548.57,17.76,13.57,201.35,Whole Year,Temperate,110.00000000000001
Argentina,Barley,2014,412.22,15.06,4.139,43.91,Rabi,Temperate,110.00000000000001
Brazil,Rice,2023,833.79,30.72,28.609,40.03,Kharif,Tropical,110.00000000000001
Brazil,Sugarcane,2016,1651.35,14.41,12.69,550.99,Whole Year,Temperate,110.00000000000001
Argentina,Cotton,2023,1420.62,25.67,0.171,28.34,Kharif,Subtropical,110.00000000000001
Argentina,Cotton,2009,1595.33,17.1,7.622,11.8,Kharif,Temperate,110.00000000000001
USA,Potato,2009,1859.49,31.62,62.542,183.13,Whole Year,Tropical,110.00000000000001
Brazil,Rice,2015,1311.79,23.26,17.235,42.31,Kharif,Subtropical,110.00000000000001
USA,Cotton,2021,693.61,16.98,23.076,20.35,Rabi,Temperate,110.00000000000001
India,Wheat,2014,1460.8,22.5,8.627,20.76,Rabi,Subtropical,110.00000000000001
India,Cotton,2020,1664.93,27.85,26.737,13.22,Kharif,Tropical,110.00000000000001
India,Wheat,2017,1588.7,26.61,19.264,20.11,Rabi,Tropical,110.00000000000001
China,Cotton,2004,1463.57,30.26,45.874,25.75,Kharif,Tropical,110.00000000000001
Brazil,Sugarcane,2017,767.63,16.94,54.785,437.05,Whole Year,Temperate,110.00000000000001
India,Barley,2006,1504.67,27.87,3.638,15.12,Rabi,Tropical,110.00000000000001
USA,Soybean,2015,462.53,18.4,40.274,35.5,Whole Year,Subtropical,110.00000000000001
Argentina,Barley,2008,1652.86,18.85,6.478,24.38,Rabi,Subtropical,110.00000000000001
USA,Cotton,2008,1568.61,15.27,2.271,13.02,Kharif,Temperate,110.00000000000001
Argentina,Rice,2001,1004.0,31.52,52.413,41.17,Kharif,Tropical,110.00000000000001
USA,Maize,2010,629.62,30.07,45.379,80.37,Rabi,Tropical,110.00000000000001
Argentina,Wheat,2019,1647.78,13.42,11.362,32.06,Rabi,Temperate,110.00000000000001
Brazil,Wheat,2002,2121.04,25.97,11.427,11.46,Rabi,Subtropical,110.00000000000001
USA,Rice,2021,786.74,12.81,13.577,27.29,Rabi,Temperate,110.00000000000001
China,Barley,2018,1315.37,21.54,15.564,27.8,Rabi,Subtropical,110.00000000000001
USA,Maize,2022,1086.55,13.57,11.601,53.96,Kharif,Temperate,110.00000000000001
Brazil,Potato,2023,770.93,20.82,3.575,274.23,Whole Year,Subtropical,110.00000000000001
Brazil,Cotton,2003,2026.51,14.22,9.742,8.82,Kharif,Temperate,110.00000000000001
Argentina,Cotton,2009,1814.46,21.25,56.458,16.91,Kharif,Subtropical,110.00000000000001
USA,Cotton,2010,694.52,14.5,1.801,14.81,Rabi,Temperate,110.00000000000001
India,Potato,2015,1860.09,12.66,19.884,98.74,Whole Year,Temperate,110.00000000000001
Australia,Barley,2010,1901.45,21.79,47.661,33.47,Rabi,Subtropical,110.00000000000001
China,Maize,2008,1355.55,13.03,9.116,53.25,Kharif,Temperate,110.00000000000001
India,Barley,2019,418.62,24.52,29.916,26.77,Rabi,Subtropical,110.00000000000001
India,Soybean,2016,1513.02,14.26,6.644,15.52,Whole Year,Temperate,110.00000000000001
Australia,Rice,2014,1368.65,21.38,18.36,45.96,Kharif,Subtropical,110.00000000000001
China,Potato,2007,1013.23,18.48,33.76,175.14,Whole Year,Subtropical,110.00000000000001
India,Sugarcane,2021,2155.95,18.66,25.289,355.94,Whole Year,Subtropical,110.00000000000001
Argentina,Sugarcane,2023,2126.62,26.31,47.29,942.54,Whole Year,Tropical,110.00000000000001
Australia,Barley,2023,1852.98,19.34,19.813,38.2,Rabi,Subtropical,110.00000000000001
Argentina,Wheat,2013,1218.07,16.19,0.223,30.77,Rabi,Temperate,110.00000000000001
Brazil,Sugarcane,2000,1019.34,31.94,42.483,751.3,Whole Year,Tropical,110.00000000000001
USA,Soybean,2007,1427.23,27.21,10.116,28.06,Whole Year,Tropical,110.00000000000001
Australia,Soybean,2014,1154.36,27.67,16.771,33.13,Whole Year,Tropical,110.00000000000001
Argentina,Barley,2015,634.58,15.98,35.262,33.97,Rabi,Temperate,110.00000000000001
Brazil,Sugarcane,2012,1210.17,12.44,35.239,508.63,Whole Year,Temperate,110.00000000000001
Australia,Maize,2020,495.48,22.86,16.254,74.93,Rabi,Subtropical,110.00000000000001
India,Sugarcane,2013,1945.61,14.35,33.391,448.6,Whole Year,Temperate,110.00000000000001
India,Potato,2018,1194.79,30.9,6.018,141.43,Whole Year,Tropical,110.00000000000001
China,Barley,2000,766.8,26.86,39.422,36.81,Rabi,Tropical,110.00000000000001
Australia,Potato,2013,2192.09,17.05,27.299,127.23,Whole Year,Temperate,110.00000000000001
China,Sugarcane,2022,796.23,17.64,25.507,479.96,Whole Year,Temperate,110.00000000000001
China,Cotton,2021,1570.17,25.07,54.983,17.14,Kharif,Subtropical,110.00000000000001
Argentina,Soybean,2008,1155.12,18.33,2.135,23.13,Whole Year,Subtropical,110.00000000000001
Argentina,Rice,2013,2081.66,13.73,47.954,39.52,Kharif,Temperate,110.00000000000001
Argentina,Cotton,2000,2160.39,31.89,33.337,10.78,Kharif,Tropical,110.00000000000001
India,Maize,2011,1397.43,24.17,39.397,48.32,Kharif,Subtropical,110.00000000000001
China,Maize,2005,400.74,23.92,52.667,53.46,Rabi,Subtropical,110.00000000000001
Argentina,Maize,2017,1213.76,29.14,2.904,47.15,Kharif,Tropical,110.00000000000001
Argentina,Rice,2020,2061.94,21.15,50.772,44.27,Kharif,Subtropical,110.00000000000001
Australia,Potato,2020,1590.45,14.16,30.474,194.56,Whole Year,Temperate,110.00000000000001
China,Soybean,2020,1624.08,24.7,52.299,20.48,Whole Year,Subtropical,110.00000000000001
India,Maize,2008,1438.54,15.04,7.507,30.92,Kharif,Temperate,110.00000000000001
Argentina,Soybean,2001,1980.61,23.72,40.452,22.51,Whole Year,Subtropical,110.00000000000001
China,Barley,2006,1003.59,28.32,46.147,39.25,Rabi,Tropical,110.00000000000001
Argentina,Soybean,2015,2046.25,13.82,38.893,16.41,Whole Year,Temperate,110.00000000000001
Australia,Wheat,2011,1413.42,19.13,18.013,30.85,Rabi,Subtropical,110.00000000000001
India,Cotton,2019,2015.35,25.12,37.479,12.02,Kharif,Subtropical,110.00000000000001
Argentina,Wheat,2003,2019.84,20.96,16.465,19.81,Rabi,Subtropical,110.00000000000001
Australia,Sugarcane,2003,757.57,17.61,62.457,510.68,Whole Year,Temperate,110.00000000000001
Argentina,Wheat,2011,1020.11,13.23,16.198,41.34,Rabi,Temperate,110.00000000000001
India,Soybean,2016,1848.36,14.76,32.979,16.36,Whole Year,Temperate,110.00000000000001
China,Maize,2002,1726.25,24.03,37.689,35.55,Kharif,Subtropical,110.00000000000001
China,Cotton,2000,1025.99,22.41,37.685,21.69,Kharif,Subtropical,110.00000000000001
USA,Potato,2009,1982.91,21.75,42.568,138.92,Whole Year,Subtropical,110.00000000000001
India,Wheat,2019,1065.36,18.59,18.0,31.21,Rabi,Subtropical,110.00000000000001
China,Sugarcane,2013,2110.68,31.17,5.618,509.0,Whole Year,Tropical,110.00000000000001
Argentina,Cotton,2000,1920.14,23.65,59.164,17.08,Kharif,Subtropical,110.00000000000001
Brazil,Wheat,2006,1174.89,21.34,13.205,37.21,Rabi,Subtropical,110.00000000000001
Australia,Barley,2012,920.55,28.18,50.023,39.03,Rabi,Tropical,110.00000000000001
China,Potato,2023,1165.0,17.51,15.24,222.7,Whole Year,Temperate,110.00000000000001
USA,Barley,2004,2068.97,23.77,27.522,25.54,Rabi,Subtropical,110.00000000000001
Brazil,Maize,2011,1299.19,14.24,24.242,49.34,Kharif,Temperate,110.00000000000001
Brazil,Potato,2015,2115.98,21.7,53.558,104.72,Whole Year,Subtropical,110.00000000000001
Argentina,Soybean,2018,1397.51,23.18,42.422,26.73,Whole Year,Subtropical,110.00000000000001
USA,Sugarcane,2018,2104.91,14.72,33.591,544.89,Whole Year,Temperate,110.00000000000001
USA,Maize,2016,1360.71,14.88,0.624,68.45,Kharif,Temperate,110.00000000000001
China,Barley,2014,1110.39,25.73,23.954,37.65,Rabi,Subtropical,110.00000000000001
Argentina,Potato,2001,1342.77,12.49,47.442,125.11,Whole Year,Temperate,110.00000000000001
Brazil,Wheat,2021,1490.37,31.26,32.421,22.37,Rabi,Tropical,110.00000000000001
China,Rice,2008,1891.08,18.46,13.642,32.24,Kharif,Subtropical,110.00000000000001
Argentina,Cotton,2014,1613.31,16.29,38.262,16.31,Kharif,Temperate,110.00000000000001
USA,Wheat,2015,1167.87,29.78,57.053,35.26,Rabi,Tropical,110.00000000000001
Argentina,Soybean,2004,2021.2,28.47,40.964,18.75,Whole Year,Tropical,110.00000000000001
Brazil,Rice,2011,1897.94,24.47,36.614,38.61,Kharif,Subtropical,110.00000000000001
USA,Soybean,2010,716.96,26.87,17.015,32.64,Whole Year,Tropical,110.00000000000001
India,Potato,2013,1103.97,13.6,3.818,140.11,Whole Year,Temperate,110.00000000000001
Brazil,Maize,2022,907.88,16.67,40.374,54.62,Kharif,Temperate,110.00000000000001
India,Soybean,2003,586.91,14.47,4.294,17.79,Whole Year,Temperate,110.00000000000001
Argentina,Barley,2021,1799.13,28.64,21.676,20.82,Rabi,Tropical,110.00000000000001
Australia,Barley,2021,1285.38,12.39,41.961,41.54,Rabi,Temperate,110.00000000000001
India,Soybean,2010,1847.4,27.84,5.405,12.65,Whole Year,Tropical,110.00000000000001
India,Potato,2020,1923.58,21.81,1.575,115.45,Whole Year,Subtropical,110.00000000000001
Australia,Cotton,2015,2152.65,16.61,48.305,11.35,Kharif,Temperate,110.00000000000001
USA,Sugarcane,2019,975.14,15.27,29.42,658.39,Whole Year,Temperate,110.00000000000001
Argentina,Wheat,2002,732.87,14.27,20.492,42.77,Rabi,Temperate,110.00000000000001
Australia,Wheat,2019,982.28,12.46,31.271,41.06,Rabi,Temperate,110.00000000000001
USA,Cotton,2018,1286.81,18.78,9.916,23.24,Kharif,Subtropical,110.00000000000001
Brazil,Sugarcane,2013,1782.15,12.81,6.76,433.98,Whole Year,Temperate,110.00000000000001
China,Sugarcane,2013,1516.52,17.89,4.971,808.33,Whole Year,Temperate,110.00000000000001
China,Potato,2023,2187.05,14.54,4.16,129.79,Whole Year,Temperate,110.00000000000001
USA,Barley,2010,1093.76,22.68,56.83,49.45,Rabi,Subtropical,110.00000000000001
China,Soybean,2023,1696.75,22.23,54.255,21.8,Whole Year,Subtropical,110.00000000000001
Argentina,Cotton,2007,2056.35,12.98,34.41,11.96,Kharif,Temperate,110.00000000000001
Australia,Cotton,2001,434.28,26.65,58.32,26.93,Rabi,Tropical,110.00000000000001
India,Barley,2020,510.34,22.51,21.107,22.37,Rabi,Subtropical,110.00000000000001
Brazil,Sugarcane,2013,2190.21,20.4,33.438,464.37,Whole Year,Subtropical,110.00000000000001
Australia,Potato,2007,1811.06,28.48,45.226,177.96,Whole Year,Tropical,110.00000000000001
China,Soybean,2022,1547.31,26.33,12.895,19.91,Whole Year,Tropical,110.00000000000001
China,Wheat,2010,570.79,18.66,21.48,30.65,Rabi,Subtropical,110.00000000000001
India,Cotton,2009,2089.05,30.28,23.223,9.73,Kharif,Tropical,110.00000000000001
Australia,Sugarcane,2011,1171.91,19.99,11.545,690.96,Whole Year,Subtropical,110.00000000000001
China,Potato,2023,1288.92,12.19,8.053,157.29,Whole Year,Temperate,110.00000000000001
Australia,Rice,2022,1349.01,18.5,9.883,44.64,Kharif,Subtropical,110.00000000000001
Brazil,Soybean,2017,1492.1,24.54,35.09,27.92,Whole Year,Subtropical,110.00000000000001
India,Sugarcane,2017,1718.12,27.54,37.08,612.45,Whole Year,Tropical,110.00000000000001
Australia,Potato,2016,1325.35,28.58,27.736,211.05,Whole Year,Tropical,110.00000000000001
India,Potato,2004,1575.39,22.05,30.663,101.09,Whole Year,Subtropical,110.00000000000001
Australia,Sugarcane,2022,1042.42,14.17,26.305,699.24,Whole Year,Temperate,110.00000000000001
Australia,Potato,2005,1497.0,24.87,5.5,217.31,Whole Year,Subtropical,110.00000000000001
India,Wheat,2011,1232.25,19.8,36.702,32.5,Rabi,Subtropical,110.00000000000001
Argentina,Potato,2018,1806.74,30.62,14.745,144.13,Whole Year,Tropical,110.00000000000001
Australia,Cotton,2022,409.58,23.3,21.2,22.01,Rabi,Subtropical,110.00000000000001
USA,Sugarcane,2004,785.66,18.82,52.985,550.9,Whole Year,Subtropical,110.00000000000001
China,Rice,2010,420.96,23.14,38.038,31.96,Rabi,Subtropical,110.00000000000001
Australia,Sugarcane,2010,1389.08,25.57,37.982,942.3,Whole Year,Subtropical,110.00000000000001
Argentina,Soybean,2000,1397.78,18.57,43.226,28.18,Whole Year,Subtropical,110.00000000000001
Brazil,Cotton,2010,1767.5,27.47,25.059,18.9,Kharif,Tropical,110.00000000000001
Brazil,Soybean,2013,1904.3,25.76,28.192,18.63,Whole Year,Subtropical,110.00000000000001
Argentina,Maize,2003,1257.82,17.92,30.896,49.19,Kharif,Temperate,110.00000000000001
India,Barley,2012,1413.06,12.95,1.752,19.91,Rabi,Temperate,110.00000000000001
India,Rice,2014,1534.06,18.81,12.799,34.66,Kharif,Subtropical,110.00000000000001
China,Cotton,2022,1769.22,30.55,26.351,20.91,Kharif,Tropical,110.00000000000001
India,Cotton,2013,533.64,14.08,34.549,9.6,Rabi,Temperate,110.00000000000001
USA,Maize,2018,1968.78,21.7,20.626,53.99,Kharif,Subtropical,110.00000000000001
India,Wheat,2003,1854.34,19.36,5.316,12.99,Rabi,Subtropical,110.00000000000001
Brazil,Wheat,2021,1408.63,12.43,28.631,28.58,Rabi,Temperate,110.00000000000001
Australia,Rice,2021,1724.29,16.23,9.08,39.21,Kharif,Temperate,110.00000000000001
Australia,Wheat,2001,1150.7,25.28,30.614,32.23,Rabi,Subtropical,110.00000000000001
Brazil,Soybean,2001,2069.61,18.15,6.138,17.1,Whole Year,Subtropical,110.00000000000001
India,Cotton,2017,2094.94,26.22,12.565,11.37,Kharif,Tropical,110.00000000000001
Argentina,Barley,2015,1307.89,21.29,15.204,37.6,Rabi,Subtropical,110.00000000000001
China,Rice,2001,879.22,22.29,6.146,36.86,Kharif,Subtropical,110.00000000000001
USA,Barley,2011,1773.91,26.45,13.804,25.07,Rabi,Tropical,110.00000000000001
Argentina,Wheat,2002,1758.89,18.59,8.294,24.46,Rabi,Subtropical,110.00000000000001
Argentina,Soybean,2018,1501.89,20.66,4.261,27.32,Whole Year,Subtropical,110.00000000000001
Argentina,Rice,2019,920.09,13.72,56.194,32.91,Kharif,Temperate,110.00000000000001
Australia,Soybean,2002,624.53,15.77,21.933,33.02,Whole Year,Temperate,110.00000000000001
Argentina,Rice,2005,800.77,26.35,56.598,44.88,Kharif,Tropical,110.00000000000001
China,Barley,2000,1523.0,23.25,23.123,29.77,Rabi,Subtropical,110.00000000000001
Brazil,Potato,2001,1115.91,20.56,48.414,262.69,Whole Year,Subtropical,110.00000000000001
Australia,Cotton,2010,1148.41,24.02,44.363,32.79,Kharif,Subtropical,110.00000000000001
India,Soybean,2004,1641.29,25.58,10.722,16.25,Whole Year,Subtropical,110.00000000000001
China,Wheat,2022,981.22,21.63,35.498,39.48,Rabi,Subtropical,110.00000000000001
USA,Wheat,2004,456.45,15.41,42.723,36.44,Rabi,Temperate,110.00000000000001
Australia,Rice,2004,1136.55,22.88,33.967,46.87,Kharif,Subtropical,110.00000000000001
USA,Soybean,2000,1553.54,18.21,44.288,23.15,Whole Year,Subtropical,110.00000000000001
India,Rice,2004,1402.47,14.16,39.666,25.0,Kharif,Temperate,110.00000000000001
India,Soybean,2002,1876.83,29.08,7.318,10.54,Whole Year,Tropical,110.00000000000001
Argentina,Soybean,2006,1189.19,12.61,46.239,27.19,Whole Year,Temperate,110.00000000000001
Brazil,Maize,2004,817.35,27.96,30.972,43.95,Kharif,Tropical,110.00000000000001
India,Rice,2008,605.1,25.52,29.839,29.25,Rabi,Subtropical,110.00000000000001
China,Cotton,2004,959.49,31.68,47.826,25.52,Kharif,Tropical,110.00000000000001
Brazil,Wheat,2005,567.92,26.78,52.795,30.56,Rabi,Tropical,110.00000000000001
India,Wheat,2014,1197.29,23.99,20.244,28.96,Rabi,Subtropical,110.00000000000001
Argentina,Sugarcane,2017,1661.47,30.54,22.523,823.91,Whole Year,Tropical,110.00000000000001
USA,Rice,2000,515.77,20.05,1.583,27.1,Rabi,Subtropical,110.00000000000001
China,Maize,2005,1923.8,14.55,5.349,35.28,Kharif,Temperate,110.00000000000001
India,Cotton,2023,1880.93,21.03,21.312,11.82,Kharif,Subtropical,110.00000000000001
Brazil,Maize,2008,616.61,13.97,41.66,45.77,Rabi,Temperate,110.00000000000001
China,Wheat,2023,1060.91,12.38,5.78,35.48,Rabi,Temperate,110.00000000000001
Argentina,Soybean,2015,426.66,28.82,30.81,21.54,Whole Year,Tropical,110.00000000000001
Australia,Wheat,2013,883.48,22.69,52.038,41.62,Rabi,Subtropical,110.00000000000001
Brazil,Cotton,2014,1852.95,27.15,19.632,21.28,Kharif,Tropical,110.00000000000001
Australia,Soybean,2022,1790.07,20.69,20.675,21.82,Whole Year,Subtropical,110.00000000000001
India,Barley,2018,933.59,17.6,6.206,30.2,Rabi,Temperate,110.00000000000001
USA,Barley,2004,1765.14,16.5,5.171,35.91,Rabi,Temperate,110.00000000000001
Brazil,Soybean,2015,1374.14,12.47,4.388,19.91,Whole Year,Temperate,110.00000000000001
Australia,Cotton,2015,1868.48,30.7,52.558,21.34,Kharif,Tropical,110.00000000000001
Brazil,Soybean,2023,1127.4,16.43,28.161,30.17,Whole Year,Temperate,110.00000000000001
USA,Rice,2020,1200.65,25.37,42.52,48.66,Kharif,Subtropical,110.00000000000001
China,Barley,2011,577.29,17.3,28.466,47.1,Rabi,Temperate,110.00000000000001
Argentina,Sugarcane,2001,1717.2,15.29,21.081,525.09,Whole Year,Temperate,110.00000000000001
Australia,Barley,2010,1399.01,30.08,37.636,28.78,Rabi,Tropical,110.00000000000001
India,Barley,2012,1705.7,16.19,37.599,24.42,Rabi,Temperate,110.00000000000001
USA,Maize,2021,2096.14,27.1,14.042,39.58,Kharif,Tropical,110.00000000000001
India,Maize,2004,780.27,24.65,41.481,45.19,Rabi,Subtropical,110.00000000000001
Australia,Maize,2003,1648.99,29.68,29.507,42.47,Kharif,Tropical,110.00000000000001
China,Maize,2003,1983.73,18.49,22.784,35.57,Kharif,Subtropical,110.00000000000001
China,Wheat,2007,1977.56,16.03,4.499,24.32,Rabi,Temperate,110.00000000000001
Brazil,Maize,2011,723.3,26.7,10.374,47.12,Rabi,Tropical,110.00000000000001
India,Sugarcane,2020,749.19,17.7,21.469,411.1,Whole Year,Temperate,110.00000000000001
Australia,Cotton,2009,1446.46,27.62,11.986,18.21,Kharif,Tropical,110.00000000000001
Argentina,Soybean,2007,1287.45,23.28,39.236,37.22,Whole Year,Subtropical,110.00000000000001
Argentina,Soybean,2016,720.87,31.73,42.905,30.06,Whole Year,Tropical,110.00000000000001
Brazil,Potato,2007,1862.96,25.3,18.652,105.02,Whole Year,Subtropical,110.00000000000001
Australia,Cotton,2022,569.63,24.68,17.898,30.44,Rabi,Subtropical,110.00000000000001
Australia,Rice,2003,1279.0,12.45,42.933,31.88,Kharif,Temperate,110.00000000000001
Brazil,Potato,2016,961.83,12.25,5.28,162.48,Whole Year,Temperate,110.00000000000001
Brazil,Cotton,2022,1315.13,15.15,36.904,19.83,Kharif,Temperate,110.00000000000001
USA,Potato,2015,527.57,23.96,17.847,252.69,Whole Year,Subtropical,110.00000000000001
Argentina,Potato,2004,783.5,24.32,22.515,284.54,Whole Year,Subtropical,110.00000000000001
India,Cotton,2020,1919.58,20.65,35.218,13.25,Kharif,Subtropical,110.00000000000001
China,Rice,2010,2199.09,17.26,33.125,35.02,Kharif,Temperate,110.00000000000001
Brazil,Sugarcane,2021,1687.43,15.42,5.747,538.53,Whole Year,Temperate,110.00000000000001
Australia,Soybean,2012,480.23,31.41,44.754,23.86,Whole Year,Tropical,110.00000000000001
Brazil,Rice,2003,1997.61,17.66,24.088,29.6,Kharif,Temperate,110.00000000000001
Argentina,Soybean,2009,1084.35,29.43,39.789,26.53,Whole Year,Tropical,110.00000000000001
USA,Wheat,2020,1206.81,20.93,30.891,38.59,Rabi,Subtropical,110.00000000000001
Australia,Maize,2012,2036.68,22.24,22.509,44.7,Kharif,Subtropical,110.00000000000001
Australia,Rice,2022,968.43,23.88,40.344,48.76,Kharif,Subtropical,110.00000000000001
India,Rice,2017,590.72,14.24,12.377,19.77,Rabi,Temperate,110.00000000000001
Argentina,Barley,2002,591.46,13.65,0.162,32.22,Rabi,Temperate,110.00000000000001
Argentina,Barley,2003,1302.43,12.87,20.909,27.79,Rabi,Temperate,110.00000000000001
China,Sugarcane,2004,1451.0,16.2,4.261,610.71,Whole Year,Temperate,110.00000000000001
Argentina,Maize,2017,2110.96,31.61,32.727,41.05,Kharif,Tropical,110.00000000000001
Australia,Wheat,2000,918.78,15.21,34.033,40.72,Rabi,Temperate,110.00000000000001
USA,Potato,2016,1522.79,15.78,31.687,225.61,Whole Year,Temperate,110.00000000000001
India,Sugarcane,2019,980.21,24.21,39.912,628.83,Whole Year,Subtropical,110.00000000000001
Argentina,Wheat,2012,2003.48,13.89,59.333,29.66,Rabi,Temperate,110.00000000000001
USA,Sugarcane,2019,1053.64,28.89,28.241,973.2,Whole Year,Tropical,110.00000000000001
India,Sugarcane,2008,460.82,23.86,7.936,334.49,Whole Year,Subtropical,110.00000000000001
Brazil,Soybean,2017,479.37,19.88,22.902,27.41,Whole Year,Subtropical,110.00000000000001
Brazil,Barley,2018,608.22,30.93,40.335,30.98,Rabi,Tropical,110.00000000000001
USA,Cotton,2000,592.46,22.1,47.054,25.89,Rabi,Subtropical,110.00000000000001
Brazil,Barley,2016,1643.26,22.68,20.854,26.09,Rabi,Subtropical,110.00000000000001
India,Wheat,2003,1293.12,28.49,17.092,14.47,Rabi,Tropical,110.00000000000001
USA,Rice,2011,1084.27,18.74,48.461,53.25,Kharif,Subtropical,110.00000000000001
USA,Maize,2020,1129.73,18.74,0.959,62.79,Kharif,Subtropical,110.00000000000001
USA,Sugarcane,2023,1319.33,21.1,51.784,1122.53,Whole Year,Subtropical,110.00000000000001
USA,Barley,2005,1730.19,19.94,17.747,30.59,Rabi,Subtropical,110.00000000000001
USA,Cotton,2009,835.43,19.97,1.294,28.26,Kharif,Subtropical,110.00000000000001
Argentina,Sugarcane,2001,1282.4,19.17,49.67,552.29,Whole Year,Subtropical,110.00000000000001
Brazil,Wheat,2006,1727.01,25.99,13.545,24.54,Rabi,Subtropical,110.00000000000001
China,Maize,2000,1930.48,26.13,16.703,30.5,Kharif,Tropical,110.00000000000001
Brazil,Cotton,2014,1247.66,30.36,21.289,23.68,Kharif,Tropical,110.00000000000001
China,Sugarcane,2015,1969.97,12.95,22.165,428.17,Whole Year,Temperate,110.00000000000001
Argentina,Wheat,2014,930.76,30.27,16.533,35.03,Rabi,Tropical,110.00000000000001
Australia,Cotton,2009,1188.0,12.43,30.225,17.15,Kharif,Temperate,110.00000000000001
USA,Wheat,2011,1314.13,15.24,28.104,45.59,Rabi,Temperate,110.00000000000001
Argentina,Potato,2020,1357.52,22.23,57.264,249.38,Whole Year,Subtropical,110.00000000000001
Argentina,Barley,2014,2100.91,15.91,38.501,29.22,Rabi,Temperate,110.00000000000001
Argentina,Rice,2009,1966.71,19.18,36.015,32.37,Kharif,Subtropical,110.00000000000001
USA,Cotton,2011,794.73,26.12,52.829,32.65,Rabi,Tropical,110.00000000000001
Argentina,Maize,2012,1569.16,20.48,25.5,46.91,Kharif,Subtropical,110.00000000000001
Brazil,Sugarcane,2006,1257.68,18.51,39.691,515.49,Whole Year,Subtropical,110.00000000000001
Australia,Soybean,2012,2132.23,21.25,25.792,17.21,Whole Year,Subtropical,110.00000000000001
India,Wheat,2023,2140.98,20.77,16.717,18.45,Rabi,Subtropical,110.00000000000001
Argentina,Wheat,2002,2020.42,22.46,6.87,18.49,Rabi,Subtropical,110.00000000000001
India,Potato,2020,1311.47,25.44,38.744,161.21,Whole Year,Subtropical,110.00000000000001
Australia,Soybean,2016,1957.11,22.0,8.806,19.29,Whole Year,Subtropical,110.00000000000001
India,Sugarcane,2007,664.24,21.58,0.741,420.99,Whole Year,Subtropical,110.00000000000001
Brazil,Rice,2010,1827.42,14.65,28.525,37.79,Kharif,Temperate,110.00000000000001
Australia,Cotton,2023,1398.46,23.51,8.18,23.11,Kharif,Subtropical,110.00000000000001
China,Maize,2011,964.44,28.77,24.642,69.41,Kharif,Tropical,110.00000000000001
China,Cotton,2008,961.2,24.76,0.537,18.52,Kharif,Subtropical,110.00000000000001
Brazil,Potato,2020,877.67,25.76,43.585,223.83,Whole Year,Subtropical,110.00000000000001
Argentina,Rice,2006,1914.55,24.95,20.49,52.25,Kharif,Subtropical,110.00000000000001
China,Soybean,2005,885.08,16.85,57.021,27.12,Whole Year,Temperate,110.00000000000001
India,Cotton,2008,403.48,26.52,27.925,18.33,Rabi,Tropical,110.00000000000001
China,Maize,2007,1541.3,27.22,56.697,43.68,Kharif,Tropical,110.00000000000001
USA,Rice,2010,888.45,15.7,45.989,38.91,Kharif,Temperate,110.00000000000001
USA,Barley,2013,2191.29,19.98,41.54,25.52,Rabi,Subtropical,110.00000000000001
Brazil,Rice,2019,2088.2,22.85,42.262,33.38,Kharif,Subtropical,110.00000000000001
China,Barley,2000,436.02,17.06,29.751,26.05,Rabi,Temperate,110.00000000000001
Argentina,Rice,2019,1431.67,30.52,38.721,59.54,Kharif,Tropical,110.00000000000001
Brazil,Rice,2013,1797.11,31.43,25.652,42.29,Kharif,Tropical,110.00000000000001
India,Wheat,2002,1729.85,24.5,41.921,17.37,Rabi,Subtropical,110.00000000000001
Brazil,Barley,2013,457.71,13.66,16.137,38.58,Rabi,Temperate,110.00000000000001
Brazil,Rice,2002,1303.08,17.49,35.676,41.33,Kharif,Temperate,110.00000000000001
Argentina,Sugarcane,2021,757.14,21.88,47.498,691.6,Whole Year,Subtropical,110.00000000000001
Brazil,Rice,2015,1055.9,12.24,13.705,31.7,Kharif,Temperate,110.00000000000001
Argentina,Wheat,2021,613.93,12.3,53.401,33.68,Rabi,Temperate,110.00000000000001
Australia,Barley,2015,1946.18,31.83,18.377,21.55,Rabi,Tropical,110.00000000000001
Brazil,Soybean,2000,1867.37,13.69,34.264,11.8,Whole Year,Temperate,110.00000000000001
Brazil,Potato,2008,2151.21,13.11,31.568,113.15,Whole Year,Temperate,110.00000000000001
Australia,Cotton,2013,1269.96,18.72,9.656,19.33,Kharif,Subtropical,110.00000000000001
India,Rice,2008,1597.92,31.57,30.956,41.13,Kharif,Tropical,110.00000000000001
Argentina,Barley,2006,2039.44,15.49,17.164,23.61,Rabi,Temperate,110.00000000000001
China,Sugarcane,2021,1478.38,13.78,3.345,607.54,Whole Year,Temperate,110.00000000000001
India,Barley,2001,1434.23,28.45,23.913,22.75,Rabi,Tropical,110.00000000000001
China,Barley,2012,2004.31,28.08,10.582,16.98,Rabi,Tropical,110.00000000000001
Argentina,Soybean,2013,2182.96,28.03,44.897,19.37,Whole Year,Tropical,110.00000000000001
Argentina,Wheat,2008,796.44,29.24,44.564,29.95,Rabi,Tropical,110.00000000000001
Australia,Maize,2011,1405.09,30.35,24.467,61.97,Kharif,Tropical,110.00000000000001
Australia,Soybean,2015,1443.68,19.4,1.146,22.57,Whole Year,Subtropical,110.00000000000001
China,Sugarcane,2001,875.13,30.96,21.11,765.36,Whole Year,Tropical,110.00000000000001
Argentina,Cotton,2016,1488.89,24.28,31.915,17.75,Kharif,Subtropical,110.00000000000001
Brazil,Wheat,2014,1636.39,27.53,17.124,22.68,Rabi,Tropical,110.00000000000001
USA,Potato,2022,595.49,21.46,45.706,354.77,Whole Year,Subtropical,110.00000000000001
Argentina,Sugarcane,2016,758.05,13.59,50.221,405.91,Whole Year,Temperate,110.00000000000001
Brazil,Potato,2023,995.6,17.4,28.129,224.42,Whole Year,Temperate,110.00000000000001
Australia,Wheat,2018,1096.83,17.03,10.388,39.02,Rabi,Temperate,110.00000000000001
USA,Wheat,2022,1600.43,16.68,39.696,40.25,Rabi,Temperate,110.00000000000001
Australia,Wheat,2001,400.33,19.25,46.1,36.59,Rabi,Subtropical,110.00000000000001
USA,Cotton,2013,644.6,13.33,65.885,26.68,Rabi,Temperate,110.00000000000001
India,Cotton,2006,735.24,21.71,35.283,20.57,Rabi,Subtropical,110.00000000000001
China,Soybean,2023,1485.99,18.24,52.315,34.18,Whole Year,Subtropical,110.00000000000001
China,Barley,2014,928.1,12.67,46.91,41.79,Rabi,Temperate,110.00000000000001
Australia,Rice,2009,1273.13,30.12,52.189,48.35,Kharif,Tropical,110.00000000000001
India,Wheat,2004,850.44,25.74,31.563,20.11,Rabi,Subtropical,110.00000000000001
Australia,Maize,2018,1958.26,12.64,40.242,45.63,Kharif,Temperate,110.00000000000001
India,Maize,2021,1712.26,30.56,14.138,31.69,Kharif,Tropical,110.00000000000001
China,Barley,2021,1408.38,20.59,55.548,41.97,Rabi,Subtropical,110.00000000000001
China,Barley,2006,2036.75,12.16,42.325,17.95,Rabi,Temperate,110.00000000000001
India,Cotton,2022,1442.88,16.05,11.486,12.45,Kharif,Temperate,110.00000000000001
China,Barley,2001,2011.19,25.18,19.825,23.23,Rabi,Subtropical,110.00000000000001
India,Soybean,2012,579.52,30.44,5.983,15.15,Whole Year,Tropical,110.00000000000001
USA,Potato,2007,1244.72,14.33,24.826,156.92,Whole Year,Temperate,110.00000000000001
China,Soybean,2015,1992.77,25.99,26.782,18.92,Whole Year,Subtropical,110.00000000000001
Brazil,Wheat,2012,737.91,28.42,50.311,30.59,Rabi,Tropical,110.00000000000001
USA,Soybean,2022,1449.75,16.6,9.999,31.93,Whole Year,Temperate,110.00000000000001
Australia,Soybean,2012,1737.24,30.0,51.15,27.64,Whole Year,Tropical,110.00000000000001
USA,Sugarcane,2005,946.7,31.66,18.504,663.53,Whole Year,Tropical,110.00000000000001
China,Potato,2002,866.63,30.18,1.217,165.76,Whole Year,Tropical,110.00000000000001
Australia,Sugarcane,2013,430.44,24.36,3.943,437.04,Whole Year,Subtropical,110.00000000000001
Brazil,Barley,2011,1924.62,28.56,21.055,20.01,Rabi,Tropical,110.00000000000001
India,Rice,2016,883.81,22.64,25.792,29.81,Kharif,Subtropical,110.00000000000001
India,Sugarcane,2021,1268.51,18.82,23.018,598.81,Whole Year,Subtropical,110.00000000000001
USA,Rice,2013,873.19,12.71,47.549,34.6,Kharif,Temperate,110.00000000000001
Australia,Wheat,2006,1604.12,26.94,57.245,32.85,Rabi,Tropical,110.00000000000001
Brazil,Maize,2001,848.88,29.81,39.519,43.81,Kharif,Tropical,110.00000000000001
Argentina,Sugarcane,2023,1907.19,12.31,38.758,575.31,Whole Year,Temperate,110.00000000000001
USA,Barley,2023,1523.1,21.21,2.663,29.45,Rabi,Subtropical,110.00000000000001
Australia,Barley,2019,1621.57,13.3,19.215,29.65,Rabi,Temperate,110.00000000000001
Argentina,Soybean,2012,1524.86,27.6,47.036,25.85,Whole Year,Tropical,110.00000000000001
India,Soybean,2003,1264.46,15.55,20.293,17.64,Whole Year,Temperate,110.00000000000001
Brazil,Cotton,2015,812.41,16.64,49.577,24.56,Kharif,Temperate,110.00000000000001
Brazil,Cotton,2006,1890.51,20.23,28.534,10.14,Kharif,Subtropical,110.00000000000001
India,Soybean,2014,1020.21,21.96,19.449,25.69,Whole Year,Subtropical,110.00000000000001
China,Rice,2008,1256.12,20.49,49.471,46.31,Kharif,Subtropical,110.00000000000001
USA,Maize,2007,1191.38,20.93,27.737,77.48,Kharif,Subtropical,110.00000000000001
India,Potato,2021,1552.09,21.9,36.088,184.76,Whole Year,Subtropical,110.00000000000001
India,Rice,2012,1534.72,18.02,0.789,37.13,Kharif,Subtropical,110.00000000000001
Argentina,Maize,2019,1691.38,27.25,12.088,42.52,Kharif,Tropical,110.00000000000001
China,Maize,2002,781.24,29.02,24.576,69.53,Rabi,Tropical,110.00000000000001
China,Barley,2006,1711.04,21.56,29.051,32.74,Rabi,Subtropical,110.00000000000001
USA,Sugarcane,2012,2157.68,26.0,33.905,702.21,Whole Year,Subtropical,110.00000000000001
Argentina,Wheat,2014,1622.1,26.5,57.902,24.09,Rabi,Tropical,110.00000000000001
Australia,Cotton,2001,1672.22,27.81,12.109,17.3,Kharif,Tropical,110.00000000000001
Brazil,Cotton,2004,1460.44,24.95,24.846,23.47,Kharif,Subtropical,110.00000000000001
Brazil,Maize,2017,1154.33,12.34,20.073,45.99,Kharif,Temperate,110.00000000000001
Brazil,Maize,2003,1707.13,22.2,7.137,50.41,Kharif,Subtropical,110.00000000000001
China,Cotton,2008,435.82,25.98,14.542,16.62,Rabi,Subtropical,110.00000000000001
USA,Wheat,2008,421.18,23.76,33.844,40.95,Rabi,Subtropical,110.00000000000001
China,Rice,2003,947.64,22.29,41.024,47.33,Kharif,Subtropical,110.00000000000001
Brazil,Maize,2011,1247.95,19.96,17.058,57.68,Kharif,Subtropical,110.00000000000001
Brazil,Maize,2009,1802.37,26.38,27.322,32.04,Kharif,Tropical,110.00000000000001
China,Soybean,2016,1894.33,19.21,24.749,19.89,Whole Year,Subtropical,110.00000000000001
India,Wheat,2019,1600.98,31.83,30.312,13.2,Rabi,Tropical,110.00000000000001
Brazil,Sugarcane,2013,658.64,22.45,0.397,473.14,Whole Year,Subtropical,110.00000000000001
Brazil,Sugarcane,2001,1877.64,27.65,29.93,622.18,Whole Year,Tropical,110.00000000000001
Australia,Potato,2014,2040.22,28.41,7.997,157.7,Whole Year,Tropical,110.00000000000001
USA,Cotton,2013,406.44,12.93,0.293,17.61,Rabi,Temperate,110.00000000000001
Brazil,Soybean,2017,906.27,31.07,2.945,28.96,Whole Year,Tropical,110.00000000000001
China,Barley,2001,1398.45,13.61,45.435,30.96,Rabi,Temperate,110.00000000000001
Argentina,Rice,2013,2120.12,12.57,11.984,24.71,Kharif,Temperate,110.00000000000001
USA,Rice,2014,1391.34,17.8,41.408,49.24,Kharif,Temperate,110.00000000000001
Australia,Wheat,2018,699.55,27.73,15.629,31.73,Rabi,Tropical,110.00000000000001
Brazil,Potato,2005,1731.11,31.37,25.051,141.14,Whole Year,Tropical,110.00000000000001
India,Wheat,2015,1278.57,30.55,22.142,18.61,Rabi,Tropical,110.00000000000001
Brazil,Rice,2022,912.41,27.3,25.869,42.33,Kharif,Tropical,110.00000000000001
Argentina,Sugarcane,2021,1078.51,14.01,38.027,740.53,Whole Year,Temperate,110.00000000000001
China,Potato,2002,1961.87,12.04,21.864,120.35,Whole Year,Temperate,110.00000000000001
Australia,Soybean,2005,1854.54,14.49,60.663,20.85,Whole Year,Temperate,110.00000000000001
Brazil,Maize,2010,1288.3,15.57,28.219,60.5,Kharif,Temperate,110.00000000000001
Brazil,Wheat,2016,1939.16,25.16,23.893,18.63,Rabi,Subtropical,110.00000000000001
China,Barley,2020,2156.09,29.37,51.361,22.5,Rabi,Tropical,110.00000000000001
India,Cotton,2017,1246.97,30.98,36.019,16.92,Kharif,Tropical,110.00000000000001
India,Barley,2007,1304.75,21.84,7.301,21.56,Rabi,Subtropical,110.00000000000001
China,Maize,2016,2151.36,15.06,15.483,33.76,Kharif,Temperate,110.00000000000001
USA,Barley,2014,1956.99,23.26,64.148,24.03,Rabi,Subtropical,110.00000000000001
Brazil,Barley,2003,1886.21,25.96,4.523,18.55,Rabi,Subtropical,110.00000000000001
China,Sugarcane,2002,894.53,21.6,42.88,526.53,Whole Year,Subtropical,110.00000000000001
Australia,Sugarcane,2019,1744.11,28.94,23.524,905.18,Whole Year,Tropical,110.00000000000001
China,Cotton,2015,1555.2,21.44,52.204,18.41,Kharif,Subtropical,110.00000000000001
China,Potato,2010,659.44,28.46,53.536,220.98,Whole Year,Tropical,110.00000000000001
Australia,Wheat,2023,879.98,26.32,24.641,43.0,Rabi,Tropical,110.00000000000001
India,Potato,2021,1712.02,31.05,35.486,132.3,Whole Year,Tropical,110.00000000000001
Australia,Wheat,2001,885.12,14.9,36.346,33.64,Rabi,Temperate,110.00000000000001
Argentina,Cotton,2013,436.89,12.34,31.213,17.1,Rabi,Temperate,110.00000000000001
India,Barley,2006,493.76,20.72,26.484,30.36,Rabi,Subtropical,110.00000000000001
India,Maize,2018,1231.19,30.21,13.886,40.21,Kharif,Tropical,110.00000000000001
Brazil,Rice,2018,1745.93,17.05,22.808,31.01,Kharif,Temperate,110.00000000000001
India,Maize,2023,417.93,30.74,26.674,35.78,Rabi,Tropical,110.00000000000001
USA,Maize,2019,1834.08,24.0,47.988,54.21,Kharif,Subtropical,110.00000000000001
USA,Barley,2001,1462.21,17.96,2.367,28.52,Rabi,Temperate,110.00000000000001
China,Sugarcane,2008,972.42,27.93,24.825,749.51,Whole Year,Tropical,110.00000000000001
Argentina,Barley,2023,855.67,28.16,10.028,41.06,Rabi,Tropical,110.00000000000001
India,Rice,2004,1516.5,22.88,31.441,40.68,Kharif,Subtropical,110.00000000000001
Australia,Maize,2005,561.3,14.53,51.665,70.78,Rabi,Temperate,110.00000000000001
Australia,Soybean,2020,1961.6,12.86,35.872,22.29,Whole Year,Temperate,110.00000000000001
USA,Soybean,2015,1832.27,18.72,0.214,28.91,Whole Year,Subtropical,110.00000000000001
Argentina,Soybean,2005,1885.54,13.33,10.252,14.85,Whole Year,Temperate,110.00000000000001
USA,Maize,2020,1957.77,17.93,10.752,46.77,Kharif,Temperate,110.00000000000001
Brazil,Maize,2022,1450.1,27.0,28.044,43.97,Kharif,Tropical,110.00000000000001
USA,Rice,2017,612.15,31.17,6.143,36.02,Rabi,Tropical,110.00000000000001
Argentina,Rice,2008,1344.67,22.88,23.511,45.02,Kharif,Subtropical,110.00000000000001
USA,Wheat,2013,1227.73,15.84,15.179,36.04,Rabi,Temperate,110.00000000000001
China,Barley,2013,1941.06,17.74,10.564,24.84,Rabi,Temperate,110.00000000000001
India,Wheat,2016,1620.16,21.54,6.844,18.44,Rabi,Subtropical,110.00000000000001
China,Soybean,2014,651.15,27.54,35.986,27.87,Whole Year,Tropical,110.00000000000001
India,Rice,2005,432.17,18.69,7.815,19.43,Rabi,Subtropical,110.00000000000001
USA,Soybean,2007,748.66,16.17,44.638,41.4,Whole Year,Temperate,110.00000000000001
USA,Maize,2013,443.51,18.13,44.968,84.87,Rabi,Subtropical,110.00000000000001
China,Maize,2008,1026.89,19.79,29.4,82.98,Kharif,Subtropical,110.00000000000001
Brazil,Soybean,2017,711.02,19.15,15.991,31.86,Whole Year,Subtropical,110.00000000000001
Brazil,Potato,2006,1576.49,28.76,28.886,124.78,Whole Year,Tropical,110.00000000000001
USA,Barley,2013,1511.12,20.1,20.545,42.84,Rabi,Subtropical,110.00000000000001
Brazil,Soybean,2008,2077.78,26.35,42.054,13.73,Whole Year,Tropical,110.00000000000001
USA,Cotton,2000,1255.36,30.9,14.476,19.27,Kharif,Tropical,110.00000000000001
India,Soybean,2018,1225.85,31.67,16.679,16.79,Whole Year,Tropical,110.00000000000001
USA,Potato,2006,1294.1,24.0,12.205,232.17,Whole Year,Subtropical,110.00000000000001
USA,Cotton,2013,1246.91,12.96,59.538,19.68,Kharif,Temperate,110.00000000000001
Argentina,Maize,2008,1572.68,17.18,4.185,46.02,Kharif,Temperate,110.00000000000001
India,Maize,2023,768.27,15.63,0.594,52.89,Rabi,Temperate,110.00000000000001
China,Potato,2019,1421.47,31.01,34.373,130.27,Whole Year,Tropical,110.00000000000001
Argentina,Potato,2007,1716.96,20.79,17.871,164.81,Whole Year,Subtropical,110.00000000000001
India,Cotton,2017,955.42,31.84,1.641,15.35,Kharif,Tropical,110.00000000000001
China,Sugarcane,2015,1988.94,28.19,55.652,871.26,Whole Year,Tropical,110.00000000000001
Brazil,Sugarcane,2003,731.86,20.86,9.116,610.27,Whole Year,Subtropical,110.00000000000001
Australia,Cotton,2018,1527.63,22.76,41.387,18.26,Kharif,Subtropical,110.00000000000001
China,Rice,2005,645.25,29.96,13.948,32.3,Rabi,Tropical,110.00000000000001
India,Soybean,2003,420.08,16.85,28.848,15.35,Whole Year,Temperate,110.00000000000001
Argentina,Soybean,2009,882.12,29.03,9.932,32.5,Whole Year,Tropical,110.00000000000001
India,Potato,2000,1541.2,19.28,36.226,141.34,Whole Year,Subtropical,110.00000000000001
China,Wheat,2018,1267.77,27.66,8.344,27.69,Rabi,Tropical,110.00000000000001
Argentina,Sugarcane,2019,480.06,27.04,4.748,653.66,Whole Year,Tropical,110.00000000000001
Australia,Soybean,2006,714.46,22.31,16.343,37.58,Whole Year,Subtropical,110.00000000000001
USA,Wheat,2019,1572.4,15.08,43.641,31.47,Rabi,Temperate,110.00000000000001
Australia,Maize,2020,481.11,15.72,58.409,83.76,Rabi,Temperate,110.00000000000001
Argentina,Rice,2018,868.93,24.92,7.056,53.1,Kharif,Subtropical,110.00000000000001
USA,Maize,2015,1656.96,20.67,13.653,52.39,Kharif,Subtropical,110.00000000000001
Australia,Potato,2014,1851.44,15.28,27.657,148.9,Whole Year,Temperate,110.00000000000001
USA,Barley,2002,971.58,19.21,45.18,53.66,Rabi,Subtropical,110.00000000000001
India,Soybean,2020,1953.02,22.18,18.413,15.06,Whole Year,Subtropical,110.00000000000001
China,Rice,2020,753.13,25.43,14.515,30.99,Rabi,Subtropical,110.00000000000001
Argentina,Rice,2021,1032.19,28.74,4.008,62.06,Kharif,Tropical,110.00000000000001
USA,Potato,2011,698.79,18.02,36.408,294.52,Whole Year,Subtropical,110.00000000000001
China,Wheat,2002,861.07,17.09,54.56,43.65,Rabi,Temperate,110.00000000000001
Argentina,Cotton,2007,1699.64,25.33,8.083,17.22,Kharif,Subtropical,110.00000000000001
Brazil,Wheat,2008,1655.43,22.12,1.41,28.52,Rabi,Subtropical,110.00000000000001
India,Sugarcane,2020,2144.63,15.99,2.545,475.74,Whole Year,Temperate,110.00000000000001
USA,Sugarcane,2015,2139.54,23.5,60.07,926.41,Whole Year,Subtropical,110.00000000000001
Brazil,Barley,2001,1123.04,27.98,28.748,29.14,Rabi,Tropical,110.00000000000001
Australia,Soybean,2015,1457.35,29.78,58.614,21.07,Whole Year,Tropical,110.00000000000001
USA,Cotton,2008,1943.19,14.09,30.327,11.55,Kharif,Temperate,110.00000000000001
Argentina,Rice,2021,641.98,28.28,36.367,54.96,Rabi,Tropical,110.00000000000001
India,Soybean,2023,1311.7,13.72,41.205,15.27,Whole Year,Temperate,110.00000000000001
Argentina,Barley,2013,1922.81,21.44,43.617,34.7,Rabi,Subtropical,110.00000000000001
Brazil,Wheat,2009,1731.26,16.95,45.845,26.04,Rabi,Temperate,110.00000000000001
Australia,Soybean,2012,1074.17,13.62,24.206,30.29,Whole Year,Temperate,110.00000000000001
China,Soybean,2018,499.87,17.69,47.106,23.51,Whole Year,Temperate,110.00000000000001
Argentina,Cotton,2001,1902.02,19.22,36.733,11.23,Kharif,Subtropical,110.00000000000001
India,Wheat,2017,630.14,18.25,21.861,30.17,Rabi,Subtropical,110.00000000000001
Brazil,Soybean,2003,1495.76,20.24,26.059,22.58,Whole Year,Subtropical,110.00000000000001
Argentina,Cotton,2010,724.03,20.67,48.414,21.77,Rabi,Subtropical,110.00000000000001
Australia,Wheat,2018,538.11,14.13,30.948,40.16,Rabi,Temperate,110.00000000000001
Australia,Potato,2015,2147.76,25.57,0.63,123.55,Whole Year,Subtropical,110.00000000000001
Brazil,Rice,2017,1902.05,20.41,31.739,48.96,Kharif,Subtropical,110.00000000000001
Argentina,Soybean,2022,934.09,23.69,25.251,47.24,Whole Year,Subtropical,110.00000000000001
USA,Cotton,2005,756.59,12.52,1.369,19.0,Rabi,Temperate,110.00000000000001
Australia,Rice,2010,2138.79,30.24,59.323,57.02,Kharif,Tropical,110.00000000000001
China,Maize,2014,2167.03,19.0,14.982,36.42,Kharif,Subtropical,110.00000000000001
Brazil,Soybean,2010,2102.5,30.51,8.946,12.78,Whole Year,Tropical,110.00000000000001
USA,Soybean,2001,967.1,22.47,32.763,35.43,Whole Year,Subtropical,110.00000000000001
Australia,Sugarcane,2017,1438.44,25.15,12.164,939.78,Whole Year,Subtropical,110.00000000000001
Australia,Maize,2018,685.76,30.45,0.167,71.61,Rabi,Tropical,110.00000000000001
China,Soybean,2003,1224.26,23.39,39.825,30.73,Whole Year,Subtropical,110.00000000000001
Brazil,Cotton,2007,2030.98,14.61,31.425,8.81,Kharif,Temperate,110.00000000000001
Australia,Cotton,2018,1506.36,28.98,30.017,29.62,Kharif,Tropical,110.00000000000001
China,Potato,2004,862.92,23.28,30.649,194.58,Whole Year,Subtropical,110.00000000000001
USA,Maize,2010,2107.58,24.83,59.192,50.74,Kharif,Subtropical,110.00000000000001
India,Maize,2019,833.21,29.54,16.798,45.95,Kharif,Tropical,110.00000000000001
Argentina,Potato,2019,748.26,29.84,1.864,244.96,Whole Year,Tropical,110.00000000000001
Brazil,Soybean,2016,1272.05,21.21,31.156,24.85,Whole Year,Subtropical,110.00000000000001
India,Rice,2005,1672.28,21.79,8.115,24.19,Kharif,Subtropical,110.00000000000001
USA,Soybean,2011,1837.79,30.9,41.074,18.64,Whole Year,Tropical,110.00000000000001
Brazil,Soybean,2005,1433.97,25.91,50.837,27.32,Whole Year,Subtropical,110.00000000000001
USA,Potato,2008,960.1,21.81,52.16,256.53,Whole Year,Subtropical,110.00000000000001
India,Wheat,2012,640.09,25.09,34.097,29.67,Rabi,Subtropical,110.00000000000001
USA,Sugarcane,2003,1160.13,17.05,25.129,556.03,Whole Year,Temperate,110.00000000000001
India,Soybean,2005,1697.2,12.97,27.676,11.58,Whole Year,Temperate,110.00000000000001
Argentina,Cotton,2022,1316.72,22.65,16.06,28.11,Kharif,Subtropical,110.00000000000001
China,Wheat,2001,940.41,22.62,23.473,30.31,Rabi,Subtropical,110.00000000000001
Australia,Cotton,2011,680.65,20.84,31.648,22.74,Rabi,Subtropical,110.00000000000001
Australia,Soybean,2020,2028.87,23.2,28.149,23.93,Whole Year,Subtropical,110.00000000000001
Argentina,Potato,2008,1722.04,21.41,12.684,172.98,Whole Year,Subtropical,110.00000000000001
Brazil,Sugarcane,2007,419.88,13.19,54.607,278.39,Whole Year,Temperate,110.00000000000001
Australia,Potato,2005,973.62,20.2,39.63,196.78,Whole Year,Subtropical,110.00000000000001
USA,Rice,2015,1554.92,16.19,2.052,45.57,Kharif,Temperate,110.00000000000001
India,Soybean,2012,1868.28,20.07,39.761,19.75,Whole Year,Subtropical,110.00000000000001
Brazil,Cotton,2014,1062.89,24.93,1.911,27.87,Kharif,Subtropical,110.00000000000001
Argentina,Sugarcane,2008,1118.45,20.96,51.077,857.91,Whole Year,Subtropical,110.00000000000001
China,Maize,2009,1621.98,23.26,9.328,45.61,Kharif,Subtropical,110.00000000000001
USA,Barley,2009,1814.98,14.43,7.857,25.42,Rabi,Temperate,110.00000000000001
Australia,Cotton,2022,1607.37,21.39,21.673,24.1,Kharif,Subtropical,110.00000000000001
India,Cotton,2015,1497.11,19.36,17.666,15.22,Kharif,Subtropical,110.00000000000001
Argentina,Maize,2014,723.34,25.25,40.326,63.72,Rabi,Subtropical,110.00000000000001
Australia,Soybean,2002,1771.25,18.58,33.372,17.28,Whole Year,Subtropical,110.00000000000001
Argentina,Maize,2015,1526.68,20.34,37.349,52.35,Kharif,Subtropical,110.00000000000001
Brazil,Wheat,2013,2092.72,23.09,33.012,23.78,Rabi,Subtropical,110.00000000000001
Argentina,Rice,2014,985.73,15.99,38.029,37.81,Kharif,Temperate,110.00000000000001
USA,Barley,2023,2182.35,13.81,45.039,24.85,Rabi,Temperate,110.00000000000001
India,Wheat,2011,1032.94,13.26,26.459,22.23,Rabi,Temperate,110.00000000000001
Brazil,Cotton,2010,1810.55,18.04,28.184,14.16,Kharif,Subtropical,110.00000000000001
Argentina,Sugarcane,2000,1759.61,30.03,54.928,991.1,Whole Year,Tropical,110.00000000000001
India,Cotton,2015,2196.33,15.61,1.633,6.44,Kharif,Temperate,110.00000000000001
Argentina,Maize,2016,1178.01,25.36,25.765,66.04,Kharif,Subtropical,110.00000000000001
India,Cotton,2017,583.48,21.87,29.603,14.94,Rabi,Subtropical,110.00000000000001
USA,Cotton,2007,2096.99,17.34,29.71,14.79,Kharif,Temperate,110.00000000000001
India,Rice,2006,1902.4,23.17,1.322,29.1,Kharif,Subtropical,110.00000000000001
China,Sugarcane,2017,1607.73,12.39,28.866,639.91,Whole Year,Temperate,110.00000000000001
China,Soybean,2012,1791.95,21.49,20.191,21.12,Whole Year,Subtropical,110.00000000000001
Australia,Sugarcane,2016,2147.76,31.66,36.229,582.61,Whole Year,Tropical,110.00000000000001
Australia,Cotton,2000,1058.79,28.58,24.99,20.68,Kharif,Tropical,110.00000000000001
India,Maize,2011,1008.66,17.02,25.236,40.78,Kharif,Temperate,110.00000000000001
Argentina,Sugarcane,2004,2078.83,17.29,8.994,424.84,Whole Year,Temperate,110.00000000000001
Brazil,Potato,2015,842.51,29.34,23.995,156.87,Whole Year,Tropical,110.00000000000001
Brazil,Maize,2006,1770.43,17.25,13.492,48.95,Kharif,Temperate,110.00000000000001
Australia,Cotton,2007,800.12,13.07,38.445,14.82,Kharif,Temperate,110.00000000000001
Brazil,Sugarcane,2018,1457.8,18.36,30.461,845.27,Whole Year,Subtropical,110.00000000000001
Argentina,Barley,2008,1901.7,18.18,24.61,26.15,Rabi,Subtropical,110.00000000000001
Australia,Barley,2003,1387.27,14.32,1.444,25.49,Rabi,Temperate,110.00000000000001
USA,Rice,2007,2177.81,21.47,54.165,49.68,Kharif,Subtropical,110.00000000000001
Argentina,Barley,2007,2112.84,30.9,46.777,18.16,Rabi,Tropical,110.00000000000001
Argentina,Maize,2016,1789.87,29.21,0.794,45.36,Kharif,Tropical,110.00000000000001
India,Rice,2001,964.72,20.85,4.872,29.43,Kharif,Subtropical,110.00000000000001
Australia,Sugarcane,2002,871.47,25.78,57.731,708.88,Whole Year,Subtropical,110.00000000000001
Brazil,Wheat,2007,683.7,23.81,40.865,38.66,Rabi,Subtropical,110.00000000000001
USA,Barley,2011,1089.52,29.43,24.511,44.14,Rabi,Tropical,110.00000000000001
China,Soybean,2008,719.16,29.25,22.584,19.94,Whole Year,Tropical,110.00000000000001
China,Maize,2007,433.97,14.55,44.967,64.01,Rabi,Temperate,110.00000000000001
Australia,Wheat,2022,1049.56,12.35,12.023,44.06,Rabi,Temperate,110.00000000000001
China,Potato,2005,1155.41,31.63,20.095,202.19,Whole Year,Tropical,110.00000000000001
USA,Barley,2005,517.24,20.68,9.128,35.2,Rabi,Subtropical,110.00000000000001
Australia,Sugarcane,2002,1240.54,16.56,12.459,604.97,Whole Year,Temperate,110.00000000000001
India,Wheat,2017,433.39,26.49,14.865,18.61,Rabi,Tropical,110.00000000000001
India,Soybean,2001,419.73,15.4,27.732,17.62,Whole Year,Temperate,110.00000000000001
Australia,Potato,2019,628.1,26.66,16.826,224.48,Whole Year,Tropical,110.00000000000001
India,Potato,2023,1164.23,28.7,2.267,172.49,Whole Year,Tropical,110.00000000000001
USA,Cotton,2006,1445.99,22.12,26.908,17.94,Kharif,Subtropical,110.00000000000001
Brazil,Sugarcane,2023,1880.98,25.51,4.833,857.7,Whole Year,Subtropical,110.00000000000001
India,Maize,2002,1764.14,22.6,29.924,30.53,Kharif,Subtropical,110.00000000000001
Australia,Maize,2019,1650.62,13.59,37.159,52.7,Kharif,Temperate,110.00000000000001
China,Soybean,2004,1208.16,18.6,46.47,23.39,Whole Year,Subtropical,110.00000000000001
India,Rice,2000,1314.01,21.92,39.543,39.42,Kharif,Subtropical,110.00000000000001
Argentina,Barley,2021,1381.02,16.48,26.635,40.33,Rabi,Temperate,110.00000000000001
China,Cotton,2006,1146.32,12.35,49.552,13.69,Kharif,Temperate,110.00000000000001
India,Cotton,2019,2174.73,14.01,18.007,6.61,Kharif,Temperate,110.00000000000001
USA,Cotton,2000,827.86,13.62,42.332,18.76,Kharif,Temperate,110.00000000000001
USA,Potato,2016,1630.01,17.25,43.54,241.24,Whole Year,Temperate,110.00000000000001
China,Wheat,2019,787.87,31.97,24.902,30.83,Rabi,Tropical,110.00000000000001
Brazil,Barley,2012,2178.39,27.67,31.63,13.94,Rabi,Tropical,110.00000000000001
Brazil,Soybean,2014,1403.76,23.54,9.104,24.68,Whole Year,Subtropical,110.00000000000001
Brazil,Maize,2009,1432.45,30.86,39.76,50.43,Kharif,Tropical,110.00000000000001
India,Wheat,2020,1816.52,22.92,23.249,14.4,Rabi,Subtropical,110.00000000000001
India,Wheat,2013,1225.49,25.94,42.396,21.11,Rabi,Subtropical,110.00000000000001
Brazil,Potato,2021,1039.48,14.19,52.191,213.93,Whole Year,Temperate,110.00000000000001
China,Potato,2022,475.68,23.96,49.152,219.94,Whole Year,Subtropical,110.00000000000001
Brazil,Sugarcane,2002,1076.17,14.82,39.013,603.1,Whole Year,Temperate,110.00000000000001
Brazil,Potato,2012,1313.03,28.08,39.19,170.66,Whole Year,Tropical,110.00000000000001
Australia,Barley,2010,1909.01,23.11,43.123,33.65,Rabi,Subtropical,110.00000000000001
Brazil,Sugarcane,2007,1809.58,19.0,12.34,564.99,Whole Year,Subtropical,110.00000000000001
Brazil,Wheat,2006,1469.39,26.16,45.802,20.49,Rabi,Tropical,110.00000000000001
USA,Wheat,2014,1232.06,18.03,41.364,35.43,Rabi,Subtropical,110.00000000000001
Brazil,Sugarcane,2016,1419.36,26.24,46.308,943.29,Whole Year,Tropical,110.00000000000001
India,Potato,2004,1949.67,28.43,5.197,99.06,Whole Year,Tropical,110.00000000000001
India,Rice,2018,621.11,13.69,1.976,14.75,Rabi,Temperate,110.00000000000001
USA,Maize,2000,1291.83,14.0,50.92,52.89,Kharif,Temperate,110.00000000000001
India,Barley,2018,915.99,27.63,6.442,28.01,Rabi,Tropical,110.00000000000001
USA,Sugarcane,2019,950.01,21.91,33.86,637.18,Whole Year,Subtropical,110.00000000000001
Argentina,Maize,2017,1594.78,20.28,2.673,62.83,Kharif,Subtropical,110.00000000000001
Argentina,Cotton,2012,977.59,21.59,48.703,29.83,Kharif,Subtropical,110.00000000000001
China,Wheat,2009,635.32,16.3,37.733,34.84,Rabi,Temperate,110.00000000000001
India,Maize,2001,1665.95,29.83,27.025,36.08,Kharif,Tropical,110.00000000000001
China,Sugarcane,2020,1909.14,29.11,47.785,1046.86,Whole Year,Tropical,110.00000000000001
China,Sugarcane,2023,2071.85,18.14,22.908,690.06,Whole Year,Subtropical,110.00000000000001
India,Potato,2003,1824.13,24.04,24.352,105.48,Whole Year,Subtropical,110.00000000000001
USA,Barley,2000,1017.21,20.37,62.704,59.08,Rabi,Subtropical,110.00000000000001
China,Sugarcane,2000,440.49,29.13,39.928,602.35,Whole Year,Tropical,110.00000000000001
USA,Rice,2000,2175.12,28.42,29.361,52.45,Kharif,Tropical,110.00000000000001
USA,Potato,2006,1034.38,20.06,1.116,288.29,Whole Year,Subtropical,110.00000000000001
USA,Maize,2013,1301.69,31.02,51.442,61.17,Kharif,Tropical,110.00000000000001
Argentina,Potato,2016,2197.75,19.44,17.928,152.18,Whole Year,Subtropical,110.00000000000001
Argentina,Soybean,2008,788.39,12.87,18.325,29.19,Whole Year,Temperate,110.00000000000001
India,Maize,2002,438.09,18.73,6.14,32.99,Rabi,Subtropical,110.00000000000001
India,Barley,2017,1148.89,15.45,4.924,29.97,Rabi,Temperate,110.00000000000001
India,Cotton,2001,1996.58,15.97,31.815,7.12,Kharif,Temperate,110.00000000000001
China,Rice,2005,505.83,26.59,18.909,35.26,Rabi,Tropical,110.00000000000001
India,Cotton,2015,914.2,29.3,37.618,17.03,Kharif,Tropical,110.00000000000001
Argentina,Potato,2018,2068.91,30.03,5.393,94.21,Whole Year,Tropical,110.00000000000001
India,Potato,2021,1402.52,25.22,14.143,138.57,Whole Year,Subtropical,110.00000000000001
Brazil,Wheat,2023,1075.43,23.98,47.095,29.79,Rabi,Subtropical,110.00000000000001
Australia,Wheat,2015,1091.09,17.37,40.754,36.68,Rabi,Temperate,110.00000000000001
Argentina,Cotton,2004,960.53,14.42,51.88,19.77,Kharif,Temperate,110.00000000000001
USA,Soybean,2017,2153.08,15.87,55.494,20.58,Whole Year,Temperate,110.00000000000001
India,Sugarcane,2010,1678.26,16.18,13.038,459.33,Whole Year,Temperate,110.00000000000001
Argentina,Maize,2003,894.01,29.58,50.003,78.74,Kharif,Tropical,110.00000000000001
China,Soybean,2018,1464.98,18.21,57.18,21.88,Whole Year,Subtropical,110.00000000000001
Argentina,Sugarcane,2014,477.01,16.88,6.857,441.48,Whole Year,Temperate,110.00000000000001
Argentina,Barley,2003,1758.05,23.66,56.152,32.74,Rabi,Subtropical,110.00000000000001
Australia,Potato,2014,2037.49,22.18,43.392,131.35,Whole Year,Subtropical,110.00000000000001
Argentina,Maize,2018,1550.96,20.95,39.73,69.55,Kharif,Subtropical,110.00000000000001
China,Potato,2016,1325.78,27.97,55.459,167.85,Whole Year,Tropical,110.00000000000001
China,Barley,2014,950.81,14.55,31.37,50.94,Rabi,Temperate,110.00000000000001
Brazil,Potato,2012,1410.91,26.3,40.046,198.96,Whole Year,Tropical,110.00000000000001
Brazil,Rice,2019,1442.09,20.6,35.286,57.26,Kharif,Subtropical,110.00000000000001
India,Soybean,2013,1718.98,23.75,19.107,19.28,Whole Year,Subtropical,110.00000000000001
China,Wheat,2001,638.65,19.9,10.185,30.23,Rabi,Subtropical,110.00000000000001
Australia,Barley,2003,1440.31,22.55,10.024,35.34,Rabi,Subtropical,110.00000000000001
China,Soybean,2005,2137.87,30.82,11.151,10.85,Whole Year,Tropical,110.00000000000001
USA,Cotton,2007,1017.16,27.47,38.506,25.74,Kharif,Tropical,110.00000000000001
Brazil,Sugarcane,2003,2037.13,15.77,44.327,417.05,Whole Year,Temperate,110.00000000000001
Australia,Potato,2021,475.87,21.08,50.076,295.19,Whole Year,Subtropical,110.00000000000001
Australia,Wheat,2006,1731.47,29.41,39.627,25.75,Rabi,Tropical,110.00000000000001
Argentina,Rice,2007,422.12,23.87,53.204,35.77,Rabi,Subtropical,110.00000000000001
China,Soybean,2014,1865.32,18.28,55.978,19.59,Whole Year,Subtropical,110.00000000000001
Argentina,Wheat,2019,1414.25,14.4,31.918,32.05,Rabi,Temperate,110.00000000000001
Australia,Sugarcane,2023,1527.61,28.56,44.216,1189.73,Whole Year,Tropical,110.00000000000001
India,Barley,2023,634.35,13.63,0.886,29.91,Rabi,Temperate,110.00000000000001
Australia,Wheat,2019,1217.94,21.48,29.241,30.21,Rabi,Subtropical,110.00000000000001
Brazil,Maize,2000,1995.6,17.5,7.614,26.25,Kharif,Temperate,110.00000000000001
India,Soybean,2003,705.5,12.0,30.525,14.09,Whole Year,Temperate,110.00000000000001
India,Soybean,2003,1195.54,24.89,25.487,18.92,Whole Year,Subtropical,110.00000000000001
China,Barley,2022,1832.26,16.82,26.48,30.41,Rabi,Temperate,110.00000000000001
China,Soybean,2006,618.91,13.3,56.055,28.1,Whole Year,Temperate,110.00000000000001
Brazil,Wheat,2006,2123.17,31.91,40.177,11.68,Rabi,Tropical,110.00000000000001
Australia,Sugarcane,2011,1941.83,26.44,55.243,971.53,Whole Year,Tropical,110.00000000000001
USA,Soybean,2004,2196.01,16.89,56.852,21.77,Whole Year,Temperate,110.00000000000001
Argentina,Rice,2003,584.32,26.75,27.026,33.04,Rabi,Tropical,110.00000000000001
USA,Maize,2016,1868.05,25.72,29.7,49.55,Kharif,Subtropical,110.00000000000001
Argentina,Soybean,2009,1667.89,29.81,54.953,19.58,Whole Year,Tropical,110.00000000000001
China,Rice,2020,1752.47,19.4,9.97,34.7,Kharif,Subtropical,110.00000000000001
Australia,Soybean,2007,1699.34,31.87,8.223,14.44,Whole Year,Tropical,110.00000000000001
China,Cotton,2001,1920.85,18.58,5.057,12.88,Kharif,Subtropical,110.00000000000001
USA,Soybean,2004,1924.88,18.2,13.245,21.25,Whole Year,Subtropical,110.00000000000001
Brazil,Potato,2011,580.06,17.15,41.349,157.38,Whole Year,Temperate,110.00000000000001
USA,Potato,2003,1914.77,20.62,27.09,126.16,Whole Year,Subtropical,110.00000000000001
Brazil,Cotton,2020,895.07,14.84,0.206,19.11,Kharif,Temperate,110.00000000000001
Australia,Cotton,2022,896.23,15.5,48.42,30.45,Kharif,Temperate,110.00000000000001
Argentina,Maize,2014,2128.02,12.76,58.658,26.12,Kharif,Temperate,110.00000000000001
USA,Sugarcane,2021,970.5,25.09,5.402,763.05,Whole Year,Subtropical,110.00000000000001
USA,Maize,2007,2070.34,20.58,58.712,47.39,Kharif,Subtropical,110.00000000000001
China,Cotton,2010,2069.76,28.42,12.924,17.63,Kharif,Tropical,110.00000000000001
India,Maize,2008,530.83,28.73,7.418,29.74,Rabi,Tropical,110.00000000000001
USA,Barley,2020,2153.64,20.79,4.08,28.96,Rabi,Subtropical,110.00000000000001
China,Sugarcane,2002,854.67,31.15,1.734,739.19,Whole Year,Tropical,110.00000000000001
Argentina,Maize,2005,1378.38,16.77,51.066,59.01,Kharif,Temperate,110.00000000000001
USA,Potato,2001,1556.64,21.16,53.48,165.5,Whole Year,Subtropical,110.00000000000001
Australia,Barley,2010,1112.84,31.66,50.529,26.6,Rabi,Tropical,110.00000000000001
USA,Maize,2006,2018.46,26.53,34.408,41.56,Kharif,Tropical,110.00000000000001
Brazil,Rice,2003,622.99,23.29,52.377,37.64,Rabi,Subtropical,110.00000000000001
USA,Maize,2008,741.27,12.64,45.511,63.27,Rabi,Temperate,110.00000000000001
Australia,Potato,2000,2150.47,13.37,26.12,88.87,Whole Year,Temperate,110.00000000000001
India,Maize,2022,1975.59,15.79,23.285,22.5,Kharif,Temperate,110.00000000000001
Australia,Wheat,2016,1526.06,13.03,13.19,24.09,Rabi,Temperate,110.00000000000001
Argentina,Soybean,2018,525.41,20.81,15.153,35.63,Whole Year,Subtropical,110.00000000000001
Australia,Sugarcane,2018,646.71,28.98,38.53,637.06,Whole Year,Tropical,110.00000000000001
India,Maize,2009,2019.91,13.0,14.883,18.98,Kharif,Temperate,110.00000000000001
USA,Rice,2013,1835.03,18.04,57.211,56.3,Kharif,Subtropical,110.00000000000001
India,Maize,2020,2142.81,31.08,32.864,29.25,Kharif,Tropical,110.00000000000001
Australia,Potato,2021,2192.1,13.53,29.565,138.71,Whole Year,Temperate,110.00000000000001
Australia,Sugarcane,2019,1028.19,21.08,37.186,979.55,Whole Year,Subtropical,110.00000000000001
USA,Maize,2019,884.84,31.78,45.243,74.02,Kharif,Tropical,110.00000000000001
USA,Sugarcane,2003,971.97,16.64,59.316,785.36,Whole Year,Temperate,110.00000000000001
China,Sugarcane,2009,1848.16,24.31,5.801,764.91,Whole Year,Subtropical,110.00000000000001
Brazil,Wheat,2020,776.35,21.06,8.593,44.99,Rabi,Subtropical,110.00000000000001
India,Rice,2005,1173.19,21.75,5.866,32.17,Kharif,Subtropical,110.00000000000001
China,Barley,2008,983.25,22.39,45.003,47.95,Rabi,Subtropical,110.00000000000001
USA,Sugarcane,2017,1530.73,22.94,15.604,950.68,Whole Year,Subtropical,110.00000000000001
Argentina,Barley,2015,402.46,20.93,16.603,29.17,Rabi,Subtropical,110.00000000000001
Australia,Barley,2015,1907.53,15.67,26.54,27.79,Rabi,Temperate,110.00000000000001
India,Barley,2003,1923.98,22.37,25.664,16.51,Rabi,Subtropical,110.00000000000001
China,Maize,2000,1665.13,24.28,29.34,45.3,Kharif,Subtropical,110.00000000000001
India,Wheat,2005,2094.27,23.78,13.226,12.73,Rabi,Subtropical,110.00000000000001
Argentina,Potato,2004,927.1,25.59,18.929,261.02,Whole Year,Subtropical,110.00000000000001
Argentina,Cotton,2020,523.03,12.25,53.893,18.62,Rabi,Temperate,110.00000000000001
China,Soybean,2016,1510.39,22.18,57.017,37.39,Whole Year,Subtropical,110.00000000000001
India,Wheat,2013,1284.05,25.65,4.317,18.99,Rabi,Subtropical,110.00000000000001
Australia,Potato,2005,752.51,21.71,49.048,263.89,Whole Year,Subtropical,110.00000000000001
Brazil,Rice,2007,1390.53,17.43,33.821,49.39,Kharif,Temperate,110.00000000000001
Brazil,Cotton,2021,521.6,12.66,33.283,16.97,Rabi,Temperate,110.00000000000001
Argentina,Rice,2001,2185.67,14.06,3.178,30.55,Kharif,Temperate,110.00000000000001
India,Rice,2003,1983.83,22.21,3.497,28.85,Kharif,Subtropical,110.00000000000001
China,Barley,2002,1801.4,27.52,30.767,24.65,Rabi,Tropical,110.00000000000001
Australia,Sugarcane,2021,1410.0,22.67,51.466,1281.37,Whole Year,Subtropical,110.00000000000001
Argentina,Potato,2009,1186.2,26.81,26.789,163.53,Whole Year,Tropical,110.00000000000001
USA,Wheat,2014,1499.16,14.39,62.372,30.3,Rabi,Temperate,110.00000000000001
Argentina,Potato,2019,473.6,13.56,53.083,231.36,Whole Year,Temperate,110.00000000000001
India,Maize,2023,1100.5,21.76,42.069,50.54,Kharif,Subtropical,110.00000000000001
Australia,Soybean,2006,785.01,23.96,48.76,33.11,Whole Year,Subtropical,110.00000000000001
Australia,Maize,2016,1169.41,20.21,61.774,79.24,Kharif,Subtropical,110.00000000000001
China,Barley,2014,1283.92,23.98,5.501,30.75,Rabi,Subtropical,110.00000000000001
China,Barley,2014,920.21,21.37,56.878,55.46,Rabi,Subtropical,110.00000000000001
India,Barley,2003,1605.07,12.34,34.857,24.29,Rabi,Temperate,110.00000000000001
Australia,Sugarcane,2004,1231.6,12.25,24.962,545.19,Whole Year,Temperate,110.00000000000001
USA,Rice,2007,2144.83,14.81,39.647,29.82,Kharif,Temperate,110.00000000000001
Brazil,Barley,2018,602.69,30.24,10.705,29.21,Rabi,Tropical,110.00000000000001
Brazil,Potato,2017,564.55,15.56,37.867,225.85,Whole Year,Temperate,110.00000000000001
USA,Potato,2018,670.28,25.19,21.841,244.31,Whole Year,Subtropical,110.00000000000001
India,Potato,2017,1861.66,15.12,33.573,81.33,Whole Year,Temperate,110.00000000000001
India,Wheat,2022,2035.23,16.52,23.25,21.84,Rabi,Temperate,110.00000000000001
Brazil,Wheat,2018,1269.85,27.8,26.25,31.51,Rabi,Tropical,110.00000000000001
China,Rice,2019,1539.59,13.0,35.0,32.96,Kharif,Temperate,110.00000000000001
India,Rice,2008,906.8,28.82,2.131,28.99,Kharif,Tropical,110.00000000000001
Argentina,Soybean,2016,697.58,30.71,52.11,35.11,Whole Year,Tropical,110.00000000000001
Australia,Rice,2020,2021.56,18.26,35.885,42.58,Kharif,Subtropical,110.00000000000001
Australia,Wheat,2023,1213.12,12.32,51.499,47.71,Rabi,Temperate,110.00000000000001
India,Wheat,2018,2093.29,25.27,37.029,16.92,Rabi,Subtropical,110.00000000000001
Argentina,Soybean,2014,1726.76,12.07,15.636,19.2,Whole Year,Temperate,110.00000000000001
India,Maize,2022,1140.21,17.38,42.445,40.29,Kharif,Temperate,110.00000000000001
China,Wheat,2004,1633.85,14.41,7.06,25.66,Rabi,Temperate,110.00000000000001
Brazil,Soybean,2011,657.01,14.02,6.172,24.58,Whole Year,Temperate,110.00000000000001
India,Wheat,2012,2084.24,25.31,11.266,13.65,Rabi,Subtropical,110.00000000000001
USA,Cotton,2000,1331.7,29.18,43.997,22.35,Kharif,Tropical,110.00000000000001
Argentina,Soybean,2020,1412.11,17.04,57.293,29.68,Whole Year,Temperate,110.00000000000001
USA,Sugarcane,2005,877.41,14.59,34.493,472.07,Whole Year,Temperate,110.00000000000001
India,Wheat,2000,1887.28,12.85,17.839,14.69,Rabi,Temperate,110.00000000000001
Brazil,Potato,2005,427.75,28.34,16.529,130.79,Whole Year,Tropical,110.00000000000001
Australia,Rice,2014,1713.85,29.42,60.629,77.08,Kharif,Tropical,110.00000000000001
China,Barley,2021,1806.63,20.64,34.2,28.08,Rabi,Subtropical,110.00000000000001
Brazil,Soybean,2019,1217.08,16.24,11.107,31.01,Whole Year,Temperate,110.00000000000001
India,Maize,2021,1029.01,16.25,15.909,43.08,Kharif,Temperate,110.00000000000001
USA,Potato,2021,1090.45,12.31,30.904,176.87,Whole Year,Temperate,110.00000000000001
Australia,Potato,2001,515.44,16.53,49.556,232.38,Whole Year,Temperate,110.00000000000001
Brazil,Sugarcane,2001,569.13,24.42,50.414,481.41,Whole Year,Subtropical,110.00000000000001
India,Cotton,2013,1777.9,28.8,34.285,10.81,Kharif,Tropical,110.00000000000001
Argentina,Potato,2001,1076.37,31.65,39.924,224.71,Whole Year,Tropical,110.00000000000001
Argentina,Sugarcane,2018,1125.81,19.48,16.226,644.22,Whole Year,Subtropical,110.00000000000001
China,Sugarcane,2022,1242.55,31.73,24.455,921.07,Whole Year,Tropical,110.00000000000001
Australia,Cotton,2014,1236.13,29.92,17.036,31.73,Kharif,Tropical,110.00000000000001
Brazil,Potato,2022,402.17,24.32,10.396,165.16,Whole Year,Subtropical,110.00000000000001
India,Cotton,2009,1417.38,20.07,16.839,11.25,Kharif,Subtropical,110.00000000000001
Argentina,Potato,2019,560.65,13.57,25.569,239.27,Whole Year,Temperate,110.00000000000001
Australia,Sugarcane,2004,1838.72,18.13,29.376,513.82,Whole Year,Subtropical,110.00000000000001
Brazil,Rice,2020,920.93,25.25,33.722,45.24,Kharif,Subtropical,110.00000000000001
China,Cotton,2008,1813.17,17.88,43.466,13.32,Kharif,Temperate,110.00000000000001
Argentina,Rice,2002,1811.71,25.34,53.993,45.41,Kharif,Subtropical,110.00000000000001
India,Potato,2005,634.34,31.35,34.485,103.22,Whole Year,Tropical,110.00000000000001
China,Barley,2008,1064.78,13.97,32.881,31.06,Rabi,Temperate,110.00000000000001
China,Cotton,2015,2047.14,27.13,47.289,14.4,Kharif,Tropical,110.00000000000001
Argentina,Barley,2013,1777.11,30.96,43.01,26.84,Rabi,Tropical,110.00000000000001
USA,Potato,2017,535.58,12.63,46.945,211.84,Whole Year,Temperate,110.00000000000001
Brazil,Rice,2023,1241.95,23.51,21.176,39.96,Kharif,Subtropical,110.00000000000001
India,Barley,2018,1486.56,29.91,36.815,23.88,Rabi,Tropical,110.00000000000001
China,Maize,2023,580.89,26.76,40.602,83.1,Rabi,Tropical,110.00000000000001
Australia,Rice,2019,1437.59,29.48,45.064,72.53,Kharif,Tropical,110.00000000000001
India,Soybean,2023,763.07,18.2,10.214,22.15,Whole Year,Subtropical,110.00000000000001
India,Cotton,2008,541.93,17.74,13.686,13.52,Rabi,Temperate,110.00000000000001
Brazil,Soybean,2010,1693.82,16.31,39.705,23.84,Whole Year,Temperate,110.00000000000001
Argentina,Rice,2008,1127.25,25.57,45.84,63.77,Kharif,Subtropical,110.00000000000001
India,Cotton,2020,698.12,16.08,29.469,18.16,Rabi,Temperate,110.00000000000001
Brazil,Rice,2022,913.18,21.1,15.986,33.23,Kharif,Subtropical,110.00000000000001
China,Rice,2012,1309.46,16.95,23.078,44.49,Kharif,Temperate,110.00000000000001
Argentina,Barley,2010,1202.53,18.93,50.155,49.49,Rabi,Subtropical,110.00000000000001
USA,Barley,2016,793.16,24.06,37.704,44.53,Rabi,Subtropical,110.00000000000001
Brazil,Sugarcane,2001,1755.76,17.89,41.982,691.97,Whole Year,Temperate,110.00000000000001
USA,Sugarcane,2002,1746.0,19.95,14.203,775.26,Whole Year,Subtropical,110.00000000000001
Brazil,Sugarcane,2021,1752.91,16.28,39.407,581.06,Whole Year,Temperate,110.00000000000001
USA,Sugarcane,2008,1699.88,24.3,10.179,1077.35,Whole Year,Subtropical,110.00000000000001
USA,Soybean,2018,1719.26,14.17,50.764,19.64,Whole Year,Temperate,110.00000000000001
Australia,Wheat,2002,1978.65,15.62,49.829,23.91,Rabi,Temperate,110.00000000000001
Australia,Barley,2005,969.75,24.81,27.288,31.22,Rabi,Subtropical,110.00000000000001
Australia,Rice,2018,501.48,22.5,5.211,39.46,Rabi,Subtropical,110.00000000000001
Argentina,Rice,2004,2026.74,30.14,41.894,55.79,Kharif,Tropical,110.00000000000001
China,Wheat,2017,798.31,18.55,12.539,38.58,Rabi,Subtropical,110.00000000000001
USA,Rice,2018,2075.52,23.4,49.555,65.21,Kharif,Subtropical,110.00000000000001
Argentina,Maize,2023,453.64,23.27,45.77,68.19,Rabi,Subtropical,110.00000000000001
Australia,Wheat,2007,570.59,18.43,1.215,29.31,Rabi,Subtropical,110.00000000000001
India,Potato,2000,711.77,13.09,27.908,148.91,Whole Year,Temperate,110.00000000000001
Brazil,Sugarcane,2007,1325.28,19.27,40.161,626.82,Whole Year,Subtropical,110.00000000000001
Argentina,Cotton,2019,1382.27,24.55,56.115,23.01,Kharif,Subtropical,110.00000000000001
USA,Maize,2006,1455.86,24.26,55.388,63.16,Kharif,Subtropical,110.00000000000001
Argentina,Wheat,2017,720.89,30.49,45.739,30.75,Rabi,Tropical,110.00000000000001
USA,Sugarcane,2014,1530.04,12.0,1.237,632.58,Whole Year,Temperate,110.00000000000001
India,Maize,2013,1174.21,25.82,22.147,57.28,Kharif,Subtropical,110.00000000000001
Australia,Cotton,2021,2119.75,20.27,59.526,17.71,Kharif,Subtropical,110.00000000000001
China,Maize,2006,1074.7,16.88,24.766,59.41,Kharif,Temperate,110.00000000000001
Australia,Cotton,2023,685.4,23.86,56.012,24.47,Rabi,Subtropical,110.00000000000001
China,Sugarcane,2020,917.24,23.85,17.123,557.72,Whole Year,Subtropical,110.00000000000001
Argentina,Maize,2003,721.49,31.65,22.569,45.1,Rabi,Tropical,110.00000000000001
USA,Sugarcane,2022,784.3,17.83,57.682,906.04,Whole Year,Temperate,110.00000000000001
Australia,Wheat,2021,442.3,19.51,6.922,34.61,Rabi,Subtropical,110.00000000000001
Argentina,Maize,2021,1525.64,20.48,33.397,54.42,Kharif,Subtropical,110.00000000000001
Australia,Wheat,2018,1225.17,22.46,14.988,43.89,Rabi,Subtropical,110.00000000000001
Brazil,Potato,2018,1209.51,17.57,51.874,257.47,Whole Year,Temperate,110.00000000000001
USA,Soybean,2015,1285.45,28.05,45.252,26.53,Whole Year,Tropical,110.00000000000001
China,Potato,2005,774.2,28.01,35.91,201.85,Whole Year,Tropical,110.00000000000001
USA,Sugarcane,2023,2150.64,27.62,9.43,1057.89,Whole Year,Tropical,110.00000000000001
Argentina,Cotton,2010,1356.28,28.57,25.53,19.09,Kharif,Tropical,110.00000000000001
India,Rice,2000,535.64,31.17,18.488,24.03,Rabi,Tropical,110.00000000000001
Brazil,Rice,2014,944.91,17.92,27.587,40.52,Kharif,Temperate,110.00000000000001
Brazil,Rice,2001,529.4,17.37,4.411,25.5,Rabi,Temperate,110.00000000000001
Australia,Maize,2016,1587.86,22.35,10.46,74.72,Kharif,Subtropical,110.00000000000001
Brazil,Maize,2017,1165.9,29.44,21.737,50.96,Kharif,Tropical,110.00000000000001
Argentina,Cotton,2014,888.67,12.78,50.867,24.12,Kharif,Temperate,110.00000000000001
Argentina,Rice,2023,1823.48,23.64,40.168,49.82,Kharif,Subtropical,110.00000000000001
Brazil,Rice,2009,1124.09,27.29,13.416,53.53,Kharif,Tropical,110.00000000000001
China,Maize,2005,2095.53,25.63,37.122,39.78,Kharif,Subtropical,110.00000000000001
Argentina,Wheat,2022,1503.83,20.01,0.711,26.48,Rabi,Subtropical,110.00000000000001
Brazil,Barley,2016,1213.78,28.35,29.355,27.78,Rabi,Tropical,110.00000000000001
Brazil,Sugarcane,2023,1404.49,13.13,9.344,539.22,Whole Year,Temperate,110.00000000000001
Brazil,Rice,2014,1834.74,25.63,11.362,37.14,Kharif,Subtropical,110.00000000000001
China,Cotton,2001,788.67,29.69,4.909,22.97,Rabi,Tropical,110.00000000000001
Australia,Barley,2020,961.4,20.87,7.535,37.92,Rabi,Subtropical,110.00000000000001
India,Wheat,2022,1016.38,31.96,0.149,15.17,Rabi,Tropical,110.00000000000001
Argentina,Wheat,2019,509.38,16.74,25.566,42.9,Rabi,Temperate,110.00000000000001
Argentina,Potato,2014,2102.0,14.27,52.089,100.35,Whole Year,Temperate,110.00000000000001
Argentina,Cotton,2005,689.54,24.65,3.148,20.82,Rabi,Subtropical,110.00000000000001
USA,Maize,2019,517.49,20.87,57.417,66.93,Rabi,Subtropical,110.00000000000001
Brazil,Wheat,2014,959.2,27.57,29.877,36.44,Rabi,Tropical,110.00000000000001
Australia,Maize,2000,1090.32,30.8,43.307,68.53,Kharif,Tropical,110.00000000000001
Argentina,Wheat,2008,2153.77,12.34,56.859,18.72,Rabi,Temperate,110.00000000000001
USA,Sugarcane,2021,2164.97,31.31,10.863,687.44,Whole Year,Tropical,110.00000000000001
Argentina,Maize,2003,1146.52,12.72,19.285,58.54,Kharif,Temperate,110.00000000000001
Australia,Potato,2019,2158.93,23.64,54.18,187.52,Whole Year,Subtropical,110.00000000000001
Australia,Soybean,2017,835.78,20.65,15.96,44.75,Whole Year,Subtropical,110.00000000000001
India,Potato,2009,868.51,21.51,12.725,163.01,Whole Year,Subtropical,110.00000000000001
India,Maize,2015,1058.29,26.53,19.383,49.22,Kharif,Tropical,110.00000000000001
China,Soybean,2008,2116.43,28.79,24.495,16.03,Whole Year,Tropical,110.00000000000001
India,Wheat,2005,2166.39,22.37,39.425,13.2,Rabi,Subtropical,110.00000000000001
China,Maize,2021,652.58,19.42,40.539,68.17,Rabi,Subtropical,110.00000000000001
China,Soybean,2020,896.31,27.93,16.573,27.03,Whole Year,Tropical,110.00000000000001
India,Wheat,2020,1482.48,24.2,23.82,26.16,Rabi,Subtropical,110.00000000000001
Argentina,Cotton,2016,1353.24,29.65,56.666,21.35,Kharif,Tropical,110.00000000000001
Argentina,Potato,2014,1870.54,25.07,50.362,202.25,Whole Year,Subtropical,110.00000000000001
Brazil,Wheat,2018,1941.34,29.65,16.33,20.13,Rabi,Tropical,110.00000000000001
Australia,Maize,2017,2143.95,25.9,25.083,33.59,Kharif,Subtropical,110.00000000000001
Australia,Soybean,2012,1952.5,28.2,8.001,20.82,Whole Year,Tropical,110.00000000000001
Argentina,Barley,2015,993.52,21.23,12.289,38.64,Rabi,Subtropical,110.00000000000001
Australia,Cotton,2014,1074.99,23.31,52.225,21.55,Kharif,Subtropical,110.00000000000001
China,Potato,2012,712.55,16.46,30.224,167.61,Whole Year,Temperate,110.00000000000001
India,Barley,2009,1339.73,18.62,23.054,33.65,Rabi,Subtropical,110.00000000000001
China,Potato,2006,478.11,13.33,31.73,132.52,Whole Year,Temperate,110.00000000000001
Brazil,Wheat,2014,1416.73,26.07,11.136,27.62,Rabi,Tropical,110.00000000000001
USA,Barley,2001,1141.53,25.08,67.166,50.42,Rabi,Subtropical,110.00000000000001
Argentina,Maize,2010,519.68,31.06,16.91,48.35,Rabi,Tropical,110.00000000000001
Australia,Maize,2014,1370.56,22.21,9.956,62.46,Kharif,Subtropical,110.00000000000001
India,Barley,2014,1869.64,18.01,18.443,16.76,Rabi,Subtropical,110.00000000000001
Australia,Wheat,2009,1354.39,17.28,40.174,41.77,Rabi,Temperate,110.00000000000001
Australia,Barley,2007,1378.28,13.98,19.925,27.37,Rabi,Temperate,110.00000000000001
USA,Wheat,2001,1410.94,25.86,35.918,29.34,Rabi,Subtropical,110.00000000000001
China,Cotton,2023,1822.51,17.78,22.281,15.8,Kharif,Temperate,110.00000000000001
Argentina,Cotton,2011,736.3,19.03,34.365,26.77,Rabi,Subtropical,110.00000000000001
Argentina,Cotton,2004,1928.45,16.71,56.11,16.11,Kharif,Temperate,110.00000000000001
Australia,Maize,2010,1054.89,13.45,35.551,64.73,Kharif,Temperate,110.00000000000001
India,Barley,2019,2139.37,15.06,31.561,16.04,Rabi,Temperate,110.00000000000001
Argentina,Rice,2019,1399.93,28.5,30.275,76.65,Kharif,Tropical,110.00000000000001
Brazil,Sugarcane,2010,666.94,29.11,37.133,527.2,Whole Year,Tropical,110.00000000000001
India,Barley,2011,541.68,21.73,8.915,21.84,Rabi,Subtropical,110.00000000000001
Australia,Wheat,2014,1048.68,20.54,61.37,51.61,Rabi,Subtropical,110.00000000000001
USA,Rice,2023,821.34,20.24,48.336,38.09,Kharif,Subtropical,110.00000000000001
Brazil,Sugarcane,2020,1178.23,28.55,1.357,897.51,Whole Year,Tropical,110.00000000000001
India,Rice,2003,2155.18,31.25,9.984,21.78,Kharif,Tropical,110.00000000000001
Australia,Sugarcane,2016,1117.54,18.78,27.267,785.17,Whole Year,Subtropical,110.00000000000001
India,Sugarcane,2006,1711.9,20.83,14.392,466.2,Whole Year,Subtropical,110.00000000000001
Australia,Sugarcane,2011,1904.81,12.94,59.234,498.29,Whole Year,Temperate,110.00000000000001
India,Barley,2013,985.84,25.36,30.468,28.98,Rabi,Subtropical,110.00000000000001
China,Maize,2018,736.2,22.86,56.72,76.97,Rabi,Subtropical,110.00000000000001
USA,Barley,2008,647.75,20.37,57.388,59.13,Rabi,Subtropical,110.00000000000001
USA,Soybean,2012,2022.65,15.49,23.819,18.31,Whole Year,Temperate,110.00000000000001
Brazil,Cotton,2019,1403.53,31.14,48.348,21.9,Kharif,Tropical,110.00000000000001
China,Rice,2021,1200.33,30.9,47.369,59.0,Kharif,Tropical,110.00000000000001
Australia,Wheat,2008,795.88,31.42,45.453,27.91,Rabi,Tropical,110.00000000000001
Argentina,Wheat,2023,1620.39,29.65,14.077,20.92,Rabi,Tropical,110.00000000000001
Brazil,Soybean,2001,1235.69,12.4,7.754,21.88,Whole Year,Temperate,110.00000000000001
Argentina,Barley,2020,1545.42,22.0,6.198,28.04,Rabi,Subtropical,110.00000000000001
India,Cotton,2017,1419.5,25.63,14.409,16.99,Kharif,Subtropical,110.00000000000001
Argentina,Wheat,2003,992.41,23.43,14.73,36.51,Rabi,Subtropical,110.00000000000001
Australia,Barley,2014,1623.11,25.04,2.417,24.13,Rabi,Subtropical,110.00000000000001
Argentina,Wheat,2012,1941.47,18.2,23.565,24.01,Rabi,Subtropical,110.00000000000001
China,Rice,2005,499.62,28.2,56.59,42.61,Rabi,Tropical,110.00000000000001
Argentina,Maize,2001,755.65,20.61,30.102,82.38,Rabi,Subtropical,110.00000000000001
Argentina,Maize,2020,1559.63,12.41,43.478,38.46,Kharif,Temperate,110.00000000000001
USA,Barley,2010,935.22,17.15,25.747,48.64,Rabi,Temperate,110.00000000000001
USA,Soybean,2003,2012.52,25.04,49.784,16.17,Whole Year,Subtropical,110.00000000000001
Argentina,Potato,2003,1814.56,23.12,51.426,144.42,Whole Year,Subtropical,110.00000000000001
India,Rice,2022,2145.87,24.69,32.472,26.2,Kharif,Subtropical,110.00000000000001
USA,Barley,2009,543.05,21.88,24.339,49.34,Rabi,Subtropical,110.00000000000001
Brazil,Barley,2009,1528.45,15.48,3.51,26.72,Rabi,Temperate,110.00000000000001
Australia,Barley,2000,2088.45,26.48,34.437,22.3,Rabi,Tropical,110.00000000000001
India,Wheat,2011,2178.52,25.18,15.53,12.43,Rabi,Subtropical,110.00000000000001
USA,Soybean,2001,1568.28,29.66,12.429,26.26,Whole Year,Tropical,110.00000000000001
Argentina,Wheat,2013,1817.86,26.0,12.334,17.39,Rabi,Subtropical,110.00000000000001
India,Cotton,2004,1982.19,27.09,39.673,10.11,Kharif,Tropical,110.00000000000001
USA,Maize,2003,1686.42,19.68,52.036,48.05,Kharif,Subtropical,110.00000000000001
USA,Potato,2013,991.47,14.16,63.118,233.39,Whole Year,Temperate,110.00000000000001
Argentina,Cotton,2021,764.12,19.76,29.499,22.32,Rabi,Subtropical,110.00000000000001
Australia,Rice,2012,1080.71,26.95,57.056,64.38,Kharif,Tropical,110.00000000000001
Argentina,Wheat,2013,1220.1,27.99,38.855,22.87,Rabi,Tropical,110.00000000000001
Brazil,Potato,2010,709.55,20.41,45.806,174.0,Whole Year,Subtropical,110.00000000000001
Brazil,Rice,2007,1470.68,12.55,3.559,35.73,Kharif,Temperate,110.00000000000001
Argentina,Potato,2023,1446.02,22.6,50.606,208.45,Whole Year,Subtropical,110.00000000000001
Brazil,Barley,2013,1238.14,31.99,21.382,23.75,Rabi,Tropical,110.00000000000001
India,Cotton,2020,565.49,25.72,18.231,21.9,Rabi,Subtropical,110.00000000000001
China,Wheat,2005,568.7,27.62,57.012,29.26,Rabi,Tropical,110.00000000000001
Australia,Maize,2021,1295.54,30.89,27.761,64.07,Kharif,Tropical,110.00000000000001
India,Cotton,2006,1682.05,19.52,39.429,9.29,Kharif,Subtropical,110.00000000000001
Argentina,Potato,2002,806.78,25.13,9.853,168.18,Whole Year,Subtropical,110.00000000000001
USA,Sugarcane,2001,1393.15,27.93,22.454,1077.65,Whole Year,Tropical,110.00000000000001
USA,Soybean,2018,749.8,15.23,13.946,33.85,Whole Year,Temperate,110.00000000000001
China,Wheat,2007,2070.12,17.15,15.515,20.08,Rabi,Temperate,110.00000000000001
China,Wheat,2005,2096.37,25.42,40.321,14.51,Rabi,Subtropical,110.00000000000001
Brazil,Maize,2018,549.79,30.31,22.234,49.71,Rabi,Tropical,110.00000000000001
USA,Cotton,2006,736.68,29.3,26.354,28.22,Rabi,Tropical,110.00000000000001
USA,Wheat,2005,1972.88,13.05,60.017,22.22,Rabi,Temperate,110.00000000000001
China,Soybean,2004,636.32,30.81,51.744,23.32,Whole Year,Tropical,110.00000000000001
Argentina,Rice,2017,1711.05,29.94,3.159,44.22,Kharif,Tropical,110.00000000000001
Brazil,Cotton,2018,563.62,22.3,3.513,19.24,Rabi,Subtropical,110.00000000000001
Australia,Cotton,2011,1128.38,20.58,14.173,22.42,Kharif,Subtropical,110.00000000000001
Brazil,Sugarcane,2010,1112.64,26.37,33.675,699.06,Whole Year,Tropical,110.00000000000001
Brazil,Maize,2011,966.44,21.64,53.276,82.41,Kharif,Subtropical,110.00000000000001
Argentina,Potato,2013,767.68,27.33,17.723,168.44,Whole Year,Tropical,110.00000000000001
USA,Rice,2008,687.36,12.57,61.35,35.88,Rabi,Temperate,110.00000000000001
Brazil,Sugarcane,2022,681.12,14.11,37.588,490.5,Whole Year,Temperate,110.00000000000001
Argentina,Maize,2009,2090.6,15.73,11.904,33.47,Kharif,Temperate,110.00000000000001
India,Maize,2000,666.32,19.56,29.059,38.9,Rabi,Subtropical,110.00000000000001
India,Maize,2015,936.86,26.92,42.082,65.9,Kharif,Tropical,110.00000000000001
Argentina,Soybean,2000,597.75,20.49,1.067,21.07,Whole Year,Subtropical,110.00000000000001
India,Rice,2009,1921.19,24.04,19.292,30.72,Kharif,Subtropical,110.00000000000001
USA,Barley,2023,487.01,29.45,28.204,36.76,Rabi,Tropical,110.00000000000001
Australia,Cotton,2015,2024.93,22.87,36.082,17.75,Kharif,Subtropical,110.00000000000001
China,Wheat,2004,1613.24,14.09,26.109,25.99,Rabi,Temperate,110.00000000000001
Brazil,Wheat,2001,1007.6,21.99,37.107,41.23,Rabi,Subtropical,110.00000000000001
Argentina,Wheat,2016,1407.94,23.81,58.323,31.46,Rabi,Subtropical,110.00000000000001
Argentina,Wheat,2015,974.38,29.06,13.206,26.2,Rabi,Tropical,110.00000000000001
Brazil,Sugarcane,2009,1248.23,29.53,24.409,724.36,Whole Year,Tropical,110.00000000000001
Argentina,Cotton,2007,1764.36,31.96,54.002,22.63,Kharif,Tropical,110.00000000000001
USA,Soybean,2021,1405.33,19.47,59.988,35.73,Whole Year,Subtropical,110.00000000000001
USA,Wheat,2010,1655.45,13.04,36.062,28.01,Rabi,Temperate,110.00000000000001
USA,Potato,2023,401.15,21.33,32.843,313.68,Whole Year,Subtropical,110.00000000000001
India,Soybean,2016,1773.43,15.37,26.838,11.89,Whole Year,Temperate,110.00000000000001
Australia,Sugarcane,2016,1013.22,19.78,47.242,595.04,Whole Year,Subtropical,110.00000000000001
Brazil,Rice,2010,1298.93,21.49,6.051,43.04,Kharif,Subtropical,110.00000000000001
Australia,Rice,2014,1833.85,20.26,9.459,51.13,Kharif,Subtropical,110.00000000000001
Argentina,Rice,2000,810.56,18.34,12.809,36.83,Kharif,Subtropical,110.00000000000001
China,Wheat,2016,1746.6,16.43,12.646,33.3,Rabi,Temperate,110.00000000000001
Australia,Barley,2004,1853.79,15.76,13.249,25.06,Rabi,Temperate,110.00000000000001
Argentina,Sugarcane,2018,850.37,16.13,8.157,526.16,Whole Year,Temperate,110.00000000000001
China,Potato,2014,694.56,29.42,15.654,153.1,Whole Year,Tropical,110.00000000000001
Argentina,Cotton,2000,2089.08,24.77,21.849,13.08,Kharif,Subtropical,110.00000000000001
Argentina,Barley,2010,541.81,17.54,14.934,34.56,Rabi,Temperate,110.00000000000001
USA,Wheat,2017,990.59,28.41,12.416,35.44,Rabi,Tropical,110.00000000000001
Argentina,Rice,2022,2087.86,14.83,22.544,30.67,Kharif,Temperate,110.00000000000001
Argentina,Barley,2007,448.33,26.16,23.322,31.09,Rabi,Tropical,110.00000000000001
USA,Wheat,2002,1845.39,29.59,63.294,21.39,Rabi,Tropical,110.00000000000001
Brazil,Maize,2016,1654.85,31.91,0.752,35.12,Kharif,Tropical,110.00000000000001
USA,Sugarcane,2015,1169.69,28.39,52.978,1340.77,Whole Year,Tropical,110.00000000000001
Argentina,Maize,2016,851.45,17.06,37.732,83.51,Kharif,Temperate,110.00000000000001
Brazil,Cotton,2017,872.52,26.91,53.772,31.43,Kharif,Tropical,110.00000000000001
Argentina,Rice,2015,2138.63,21.47,47.891,34.33,Kharif,Subtropical,110.00000000000001
Australia,Cotton,2020,1177.69,22.56,17.065,30.76,Kharif,Subtropical,110.00000000000001
USA,Barley,2018,713.94,23.78,17.162,39.26,Rabi,Subtropical,110.00000000000001
USA,Maize,2012,2111.51,28.85,26.183,41.76,Kharif,Tropical,110.00000000000001
Brazil,Cotton,2014,834.78,21.81,4.077,17.17,Kharif,Subtropical,110.00000000000001
Brazil,Sugarcane,2000,1330.51,23.19,36.947,713.67,Whole Year,Subtropical,110.00000000000001
China,Rice,2018,797.86,12.56,56.328,36.99,Rabi,Temperate,110.00000000000001
USA,Barley,2006,1167.31,14.62,47.181,44.27,Rabi,Temperate,110.00000000000001
China,Rice,2014,651.59,23.67,56.638,30.89,Rabi,Subtropical,110.00000000000001
China,Rice,2000,779.08,17.66,29.297,29.46,Rabi,Temperate,110.00000000000001
China,Maize,2004,934.81,18.12,50.876,76.81,Kharif,Subtropical,110.00000000000001
Argentina,Cotton,2004,425.69,30.08,2.661,19.2,Rabi,Tropical,110.00000000000001
Argentina,Rice,2021,1987.98,20.04,3.997,41.4,Kharif,Subtropical,110.00000000000001
USA,Maize,2007,2111.86,21.71,31.468,49.15,Kharif,Subtropical,110.00000000000001
Argentina,Wheat,2021,665.74,21.12,2.315,28.61,Rabi,Subtropical,110.00000000000001
Australia,Wheat,2016,1630.05,26.48,55.963,32.43,Rabi,Tropical,110.00000000000001
China,Potato,2010,620.93,31.26,7.065,147.63,Whole Year,Tropical,110.00000000000001
China,Wheat,2004,1696.69,26.04,25.929,22.26,Rabi,Tropical,110.00000000000001
India,Barley,2018,1941.03,16.62,36.071,17.13,Rabi,Temperate,110.00000000000001
Brazil,Rice,2002,1344.44,27.17,18.406,45.39,Kharif,Tropical,110.00000000000001
Argentina,Barley,2015,586.75,18.87,44.755,47.58,Rabi,Subtropical,110.00000000000001
Australia,Barley,2020,470.08,12.72,51.973,43.1,Rabi,Temperate,110.00000000000001
USA,Potato,2015,778.87,25.93,20.91,315.88,Whole Year,Subtropical,110.00000000000001
China,Barley,2003,1172.82,29.23,8.667,24.0,Rabi,Tropical,110.00000000000001
China,Rice,2012,1573.36,26.86,1.317,65.97,Kharif,Tropical,110.00000000000001
USA,Potato,2019,2017.65,31.95,50.854,175.39,Whole Year,Tropical,110.00000000000001
Argentina,Potato,2007,1673.09,13.6,24.115,153.43,Whole Year,Temperate,110.00000000000001
USA,Barley,2022,1049.74,27.67,65.795,48.07,Rabi,Tropical,110.00000000000001
India,Wheat,2003,1576.18,25.71,29.121,13.43,Rabi,Subtropical,110.00000000000001
China,Maize,2021,1777.63,29.91,45.408,38.28,Kharif,Tropical,110.00000000000001
Australia,Potato,2000,472.36,27.24,6.224,169.12,Whole Year,Tropical,110.00000000000001
Argentina,Barley,2007,912.46,31.2,22.745,23.59,Rabi,Tropical,110.00000000000001
Australia,Rice,2012,539.48,23.87,11.834,32.61,Rabi,Subtropical,110.00000000000001
China,Barley,2003,2048.24,21.96,22.933,23.89,Rabi,Subtropical,110.00000000000001
Australia,Wheat,2002,1573.55,21.74,49.401,36.53,Rabi,Subtropical,110.00000000000001
Australia,Potato,2012,1301.25,31.63,51.943,231.98,Whole Year,Tropical,110.00000000000001
India,Cotton,2005,1006.33,14.08,24.383,13.37,Kharif,Temperate,110.00000000000001
USA,Sugarcane,2001,1874.99,17.52,23.672,582.05,Whole Year,Temperate,110.00000000000001
Brazil,Wheat,2009,1583.31,12.31,3.541,18.98,Rabi,Temperate,110.00000000000001
China,Cotton,2018,1998.72,16.9,33.026,14.39,Kharif,Temperate,110.00000000000001
Brazil,Cotton,2013,1343.15,14.7,1.429,12.17,Kharif,Temperate,110.00000000000001
India,Sugarcane,2008,741.45,18.76,3.309,309.85,Whole Year,Subtropical,110.00000000000001
Argentina,Sugarcane,2014,1576.18,19.69,40.359,883.76,Whole Year,Subtropical,110.00000000000001
Australia,Cotton,2013,1285.49,28.45,25.376,33.54,Kharif,Tropical,110.00000000000001
Australia,Wheat,2017,2004.42,20.99,34.363,30.54,Rabi,Subtropical,110.00000000000001
USA,Barley,2010,984.19,27.97,14.219,39.2,Rabi,Tropical,110.00000000000001
Brazil,Potato,2001,1493.18,12.0,44.301,125.74,Whole Year,Temperate,110.00000000000001
India,Maize,2019,986.76,23.26,7.955,62.29,Kharif,Subtropical,110.00000000000001
China,Sugarcane,2009,850.37,26.48,33.064,573.53,Whole Year,Tropical,110.00000000000001
Australia,Rice,2004,2121.88,19.83,26.258,45.64,Kharif,Subtropical,110.00000000000001
Brazil,Sugarcane,2018,1345.47,26.04,53.347,923.31,Whole Year,Tropical,110.00000000000001
USA,Sugarcane,2012,1723.21,17.81,20.485,903.71,Whole Year,Temperate,110.00000000000001
Australia,Potato,2004,920.89,24.83,11.622,215.01,Whole Year,Subtropical,110.00000000000001
China,Soybean,2020,736.44,22.84,16.244,31.27,Whole Year,Subtropical,110.00000000000001
Australia,Wheat,2010,2174.73,12.63,41.406,19.31,Rabi,Temperate,110.00000000000001
Argentina,Potato,2014,640.09,31.59,15.466,180.33,Whole Year,Tropical,110.00000000000001
Argentina,Cotton,2003,1760.83,22.42,17.139,13.91,Kharif,Subtropical,110.00000000000001
USA,Wheat,2012,955.92,18.31,4.087,50.74,Rabi,Subtropical,110.00000000000001
Brazil,Maize,2005,1717.43,23.22,12.343,44.86,Kharif,Subtropical,110.00000000000001
Australia,Sugarcane,2015,1588.0,17.78,8.796,638.44,Whole Year,Temperate,110.00000000000001
China,Rice,2018,1137.09,15.39,43.505,44.81,Kharif,Temperate,110.00000000000001
China,Potato,2018,1602.03,25.32,40.259,202.42,Whole Year,Subtropical,110.00000000000001
Argentina,Wheat,2018,525.25,21.93,28.362,32.65,Rabi,Subtropical,110.00000000000001
USA,Cotton,2015,637.78,14.53,55.041,27.17,Rabi,Temperate,110.00000000000001
Australia,Maize,2008,2078.08,29.53,19.962,36.27,Kharif,Tropical,110.00000000000001
India,Potato,2019,1484.04,31.58,15.516,113.18,Whole Year,Tropical,110.00000000000001
Brazil,Maize,2023,2145.23,17.92,34.503,35.51,Kharif,Temperate,110.00000000000001
India,Wheat,2003,1864.02,13.98,2.958,12.82,Rabi,Temperate,110.00000000000001
Australia,Rice,2013,1376.31,16.44,9.183,44.51,Kharif,Temperate,110.00000000000001
Australia,Potato,2013,1556.89,21.16,54.042,267.43,Whole Year,Subtropical,110.00000000000001
India,Sugarcane,2022,2122.82,12.93,37.453,459.27,Whole Year,Temperate,110.00000000000001
China,Sugarcane,2013,1417.26,24.57,49.321,969.66,Whole Year,Subtropical,110.00000000000001
Argentina,Soybean,2016,2165.71,24.9,52.463,20.12,Whole Year,Subtropical,110.00000000000001
USA,Wheat,2016,403.1,13.95,6.855,39.35,Rabi,Temperate,110.00000000000001
China,Cotton,2001,1029.73,27.24,33.507,21.2,Kharif,Tropical,110.00000000000001
China,Barley,2021,715.82,28.12,51.085,43.12,Rabi,Tropical,110.00000000000001
Brazil,Rice,2002,572.07,20.81,37.202,23.75,Rabi,Subtropical,110.00000000000001
USA,Rice,2011,575.06,29.11,32.399,50.92,Rabi,Tropical,110.00000000000001
China,Potato,2007,920.18,27.99,15.958,242.14,Whole Year,Tropical,110.00000000000001
India,Potato,2007,1890.98,21.47,35.245,126.46,Whole Year,Subtropical,110.00000000000001
China,Maize,2006,509.41,29.97,17.505,49.31,Rabi,Tropical,110.00000000000001
Australia,Cotton,2011,1044.66,15.86,12.743,17.09,Kharif,Temperate,110.00000000000001
China,Barley,2008,816.73,31.0,1.592,23.0,Rabi,Tropical,110.00000000000001
USA,Wheat,2023,1368.2,19.1,66.013,51.9,Rabi,Subtropical,110.00000000000001
China,Potato,2021,824.66,19.48,10.5,192.13,Whole Year,Subtropical,110.00000000000001
USA,Rice,2004,1652.34,27.48,2.898,56.42,Kharif,Tropical,110.00000000000001
India,Sugarcane,2017,726.39,21.52,27.777,368.78,Whole Year,Subtropical,110.00000000000001
Australia,Wheat,2022,829.66,16.53,24.697,50.35,Rabi,Temperate,110.00000000000001
Australia,Barley,2007,435.44,25.81,58.407,38.4,Rabi,Subtropical,110.00000000000001
USA,Barley,2012,667.01,12.44,42.413,46.56,Rabi,Temperate,110.00000000000001
China,Sugarcane,2016,1139.52,19.43,17.069,563.62,Whole Year,Subtropical,110.00000000000001
China,Wheat,2020,1732.84,20.82,51.078,34.46,Rabi,Subtropical,110.00000000000001
Australia,Potato,2005,2177.67,19.45,28.602,116.0,Whole Year,Subtropical,110.00000000000001
Brazil,Potato,2015,1853.84,26.2,37.244,151.7,Whole Year,Tropical,110.00000000000001
USA,Wheat,2003,735.4,19.28,8.714,39.99,Rabi,Subtropical,110.00000000000001
Australia,Barley,2010,500.15,28.02,16.212,32.22,Rabi,Tropical,110.00000000000001
Brazil,Cotton,2018,2113.71,27.8,36.278,18.22,Kharif,Tropical,110.00000000000001
Australia,Potato,2018,2180.66,27.39,60.13,158.17,Whole Year,Tropical,110.00000000000001
Australia,Cotton,2010,1768.9,22.46,57.765,22.21,Kharif,Subtropical,110.00000000000001
USA,Maize,2010,1218.25,21.85,12.58,81.93,Kharif,Subtropical,110.00000000000001
Argentina,Potato,2009,1893.14,28.73,48.87,151.36,Whole Year,Tropical,110.00000000000001
India,Maize,2021,1795.93,28.18,24.257,25.03,Kharif,Tropical,110.00000000000001
Brazil,Rice,2012,1348.04,30.53,1.739,54.49,Kharif,Tropical,110.00000000000001
Brazil,Cotton,2011,946.58,29.97,32.643,22.68,Kharif,Tropical,110.00000000000001
China,Cotton,2010,472.9,24.25,46.351,22.2,Rabi,Subtropical,110.00000000000001
Brazil,Rice,2019,1497.76,20.87,3.19,48.24,Kharif,Subtropical,110.00000000000001
Argentina,Wheat,2004,2144.64,15.95,57.065,21.98,Rabi,Temperate,110.00000000000001
Argentina,Wheat,2013,1539.91,15.66,0.532,27.43,Rabi,Temperate,110.00000000000001
Australia,Soybean,2023,558.9,31.92,56.081,22.51,Whole Year,Tropical,110.00000000000001
China,Sugarcane,2008,1036.39,26.39,25.421,822.25,Whole Year,Tropical,110.00000000000001
India,Soybean,2017,1995.4,16.97,35.547,13.66,Whole Year,Temperate,110.00000000000001
Australia,Cotton,2002,2009.3,21.93,34.016,17.57,Kharif,Subtropical,110.00000000000001
India,Cotton,2000,1251.79,31.43,15.826,14.29,Kharif,Tropical,110.00000000000001
USA,Cotton,2008,1542.92,12.86,67.493,15.89,Kharif,Temperate,110.00000000000001
India,Potato,2017,2173.79,18.81,13.259,107.68,Whole Year,Subtropical,110.00000000000001
China,Sugarcane,2021,1780.1,25.41,2.851,861.19,Whole Year,Subtropical,110.00000000000001
Brazil,Wheat,2002,1343.33,30.3,53.536,20.36,Rabi,Tropical,110.00000000000001
Argentina,Barley,2016,1411.24,12.27,24.714,26.97,Rabi,Temperate,110.00000000000001
China,Rice,2004,1691.13,14.11,13.768,28.08,Kharif,Temperate,110.00000000000001
Brazil,Barley,2005,794.27,13.44,39.362,35.28,Rabi,Temperate,110.00000000000001
USA,Maize,2003,1022.8,21.02,50.528,100.62,Kharif,Subtropical,110.00000000000001
India,Maize,2020,1243.14,29.71,15.368,50.31,Kharif,Tropical,110.00000000000001
China,Potato,2008,1917.32,15.61,3.617,112.67,Whole Year,Temperate,110.00000000000001
Brazil,Wheat,2000,677.12,30.2,51.609,19.03,Rabi,Tropical,110.00000000000001
Australia,Cotton,2010,1074.47,21.38,26.674,24.78,Kharif,Subtropical,110.00000000000001
China,Cotton,2021,1662.81,26.37,25.321,17.2,Kharif,Tropical,110.00000000000001
Australia,Potato,2000,1548.6,23.76,14.338,191.72,Whole Year,Subtropical,110.00000000000001
Australia,Rice,2012,992.31,23.96,11.473,40.55,Kharif,Subtropical,110.00000000000001
Australia,Wheat,2015,1345.79,25.59,47.158,27.9,Rabi,Subtropical,110.00000000000001
China,Soybean,2000,2143.05,25.12,56.56,17.01,Whole Year,Subtropical,110.00000000000001
Brazil,Sugarcane,2015,608.28,20.03,25.212,594.26,Whole Year,Subtropical,110.00000000000001
USA,Rice,2023,668.36,31.7,60.027,56.89,Rabi,Tropical,110.00000000000001
Australia,Rice,2013,1778.06,29.68,43.711,54.01,Kharif,Tropical,110.00000000000001
Australia,Potato,2007,702.58,15.29,8.162,169.05,Whole Year,Temperate,110.00000000000001
Australia,Sugarcane,2013,1232.56,20.38,48.709,778.41,Whole Year,Subtropical,110.00000000000001
Australia,Wheat,2005,561.46,26.68,62.172,37.73,Rabi,Tropical,110.00000000000001
Brazil,Maize,2002,1584.08,16.26,6.421,39.25,Kharif,Temperate,110.00000000000001
Australia,Barley,2002,944.19,29.21,1.072,28.24,Rabi,Tropical,110.00000000000001
Australia,Sugarcane,2022,1441.97,22.44,0.551,921.92,Whole Year,Subtropical,110.00000000000001
Brazil,Soybean,2019,1032.17,12.41,53.731,21.89,Whole Year,Temperate,110.00000000000001
Australia,Cotton,2002,1023.52,19.39,55.546,23.31,Kharif,Subtropical,110.00000000000001
India,Barley,2008,898.01,25.12,5.093,31.32,Rabi,Subtropical,110.00000000000001
Brazil,Potato,2022,1434.17,18.31,28.213,168.28,Whole Year,Subtropical,110.00000000000001
USA,Sugarcane,2010,841.28,27.04,1.187,696.87,Whole Year,Tropical,110.00000000000001
China,Barley,2021,1816.58,18.69,50.672,34.87,Rabi,Subtropical,110.00000000000001
Australia,Potato,2004,793.19,22.85,23.194,273.99,Whole Year,Subtropical,110.00000000000001
Argentina,Cotton,2013,1620.53,25.69,13.029,25.07,Kharif,Subtropical,110.00000000000001
USA,Rice,2000,2175.95,17.44,33.078,33.64,Kharif,Temperate,110.00000000000001
China,Rice,2015,2052.94,29.17,11.445,53.55,Kharif,Tropical,110.00000000000001
Brazil,Soybean,2000,546.3,29.61,2.833,21.37,Whole Year,Tropical,110.00000000000001
Brazil,Soybean,2000,1970.54,22.49,1.224,18.65,Whole Year,Subtropical,110.00000000000001
USA,Sugarcane,2013,702.58,18.91,51.386,814.57,Whole Year,Subtropical,110.00000000000001
USA,Potato,2018,684.04,19.84,56.979,343.01,Whole Year,Subtropical,110.00000000000001
Argentina,Barley,2013,637.19,19.66,12.219,43.94,Rabi,Subtropical,110.00000000000001
USA,Soybean,2009,1451.83,19.39,23.795,32.7,Whole Year,Subtropical,110.00000000000001
India,Sugarcane,2019,1248.98,17.38,2.381,465.82,Whole Year,Temperate,110.00000000000001
Argentina,Cotton,2010,1359.08,24.5,59.285,23.63,Kharif,Subtropical,110.00000000000001
India,Barley,2010,741.99,18.87,26.073,25.02,Rabi,Subtropical,110.00000000000001
USA,Wheat,2015,1497.52,17.49,47.154,33.58,Rabi,Temperate,110.00000000000001
USA,Maize,2017,2144.79,14.51,10.838,40.57,Kharif,Temperate,110.00000000000001
Australia,Cotton,2007,1341.82,15.76,6.428,16.28,Kharif,Temperate,110.00000000000001
India,Cotton,2015,1850.63,20.55,4.819,10.34,Kharif,Subtropical,110.00000000000001
Argentina,Sugarcane,2022,2113.74,28.84,35.609,812.97,Whole Year,Tropical,110.00000000000001
India,Barley,2011,942.52,15.19,5.985,34.93,Rabi,Temperate,110.00000000000001
USA,Rice,2004,445.05,23.41,59.683,27.97,Rabi,Subtropical,110.00000000000001
Brazil,Sugarcane,2004,2160.15,22.15,30.375,636.7,Whole Year,Subtropical,110.00000000000001
USA,Sugarcane,2019,1946.96,29.37,31.865,1005.87,Whole Year,Tropical,110.00000000000001
Australia,Rice,2013,1893.86,25.18,46.0,66.05,Kharif,Subtropical,110.00000000000001
Argentina,Wheat,2002,2121.21,29.59,34.803,14.98,Rabi,Tropical,110.00000000000001
India,Soybean,2021,2001.63,22.47,22.823,14.17,Whole Year,Subtropical,110.00000000000001
India,Cotton,2019,1612.91,16.21,35.57,10.59,Kharif,Temperate,110.00000000000001
USA,Potato,2004,1856.71,30.81,9.491,105.18,Whole Year,Tropical,110.00000000000001
Argentina,Rice,2009,1512.92,14.62,20.591,43.84,Kharif,Temperate,110.00000000000001
Australia,Sugarcane,2010,1302.23,16.78,36.881,712.03,Whole Year,Temperate,110.00000000000001
Brazil,Barley,2015,1755.76,16.38,27.408,33.8,Rabi,Temperate,110.00000000000001
Brazil,Barley,2020,901.53,19.87,7.252,43.49,Rabi,Subtropical,110.00000000000001
USA,Sugarcane,2023,934.41,30.63,30.429,1011.69,Whole Year,Tropical,110.00000000000001
Brazil,Cotton,2019,1182.28,20.35,41.811,18.5,Kharif,Subtropical,110.00000000000001
China,Barley,2014,1046.4,16.61,33.316,50.63,Rabi,Temperate,110.00000000000001
Australia,Cotton,2012,967.99,16.31,37.106,17.77,Kharif,Temperate,110.00000000000001
India,Maize,2017,1038.94,29.85,21.343,48.04,Kharif,Tropical,110.00000000000001
Argentina,Sugarcane,2006,1458.28,28.85,17.074,982.29,Whole Year,Tropical,110.00000000000001
Argentina,Cotton,2009,1717.54,12.86,40.547,12.48,Kharif,Temperate,110.00000000000001
China,Potato,2022,749.62,20.31,22.099,280.37,Whole Year,Subtropical,110.00000000000001
India,Barley,2018,1880.3,20.26,0.607,21.82,Rabi,Subtropical,110.00000000000001
India,Barley,2020,1442.6,21.33,17.843,30.92,Rabi,Subtropical,110.00000000000001
Brazil,Potato,2011,2103.95,30.41,37.644,102.86,Whole Year,Tropical,110.00000000000001
Brazil,Soybean,2000,2012.34,15.76,18.215,13.79,Whole Year,Temperate,110.00000000000001
Argentina,Cotton,2023,1161.6,14.74,9.631,15.11,Kharif,Temperate,110.00000000000001
China,Potato,2007,452.67,17.84,31.347,166.94,Whole Year,Temperate,110.00000000000001
Argentina,Soybean,2013,863.62,22.88,44.373,40.31,Whole Year,Subtropical,110.00000000000001
USA,Soybean,2014,843.14,25.4,21.851,38.4,Whole Year,Subtropical,110.00000000000001
Brazil,Barley,2021,2033.12,30.42,29.431,18.3,Rabi,Tropical,110.00000000000001
Argentina,Cotton,2013,851.16,16.58,14.991,21.56,Kharif,Temperate,110.00000000000001
Argentina,Rice,2013,1094.86,30.53,39.117,61.97,Kharif,Tropical,110.00000000000001
Brazil,Cotton,2020,1060.36,27.22,26.696,23.37,Kharif,Tropical,110.00000000000001
India,Barley,2014,1704.7,29.68,39.057,17.54,Rabi,Tropical,110.00000000000001
Argentina,Wheat,2006,941.14,23.43,8.999,39.95,Rabi,Subtropical,110.00000000000001
Argentina,Sugarcane,2023,998.61,14.65,48.694,692.13,Whole Year,Temperate,110.00000000000001
USA,Soybean,2011,1783.72,29.55,7.005,19.94,Whole Year,Tropical,110.00000000000001
Argentina,Sugarcane,2022,1952.6,25.43,50.547,799.57,Whole Year,Subtropical,110.00000000000001
India,Cotton,2007,693.12,12.85,23.75,12.19,Rabi,Temperate,110.00000000000001
Argentina,Cotton,2005,662.17,18.65,27.316,20.67,Rabi,Subtropical,110.00000000000001
Australia,Maize,2003,1769.44,21.05,49.584,60.28,Kharif,Subtropical,110.00000000000001
India,Rice,2000,1260.51,22.98,8.418,31.61,Kharif,Subtropical,110.00000000000001
Argentina,Maize,2005,720.04,13.02,40.978,50.29,Rabi,Temperate,110.00000000000001
Brazil,Sugarcane,2012,756.35,30.42,24.299,710.0,Whole Year,Tropical,110.00000000000001
China,Maize,2018,1607.96,31.16,44.254,49.28,Kharif,Tropical,110.00000000000001
Brazil,Maize,2005,1243.38,29.35,46.681,52.48,Kharif,Tropical,110.00000000000001
China,Rice,2022,2029.05,25.96,21.33,40.32,Kharif,Subtropical,110.00000000000001
USA,Wheat,2017,579.89,29.62,20.534,34.38,Rabi,Tropical,110.00000000000001
USA,Maize,2004,1561.8,30.95,2.786,56.17,Kharif,Tropical,110.00000000000001
India,Maize,2005,1090.97,21.44,36.926,48.83,Kharif,Subtropical,110.00000000000001
USA,Potato,2010,1648.33,12.18,12.733,169.75,Whole Year,Temperate,110.00000000000001
India,Potato,2001,1201.73,19.1,21.066,170.0,Whole Year,Subtropical,110.00000000000001
China,Soybean,2020,494.15,26.86,9.911,20.81,Whole Year,Tropical,110.00000000000001
China,Potato,2001,1189.09,12.34,8.718,123.32,Whole Year,Temperate,110.00000000000001
Argentina,Soybean,2017,1843.54,27.07,41.752,21.96,Whole Year,Tropical,110.00000000000001
India,Rice,2006,2079.57,16.51,26.113,17.86,Kharif,Temperate,110.00000000000001
USA,Sugarcane,2006,477.8,18.85,5.187,463.8,Whole Year,Subtropical,110.00000000000001
India,Sugarcane,2007,1090.7,14.38,10.41,304.82,Whole Year,Temperate,110.00000000000001
Brazil,Sugarcane,2002,1471.67,18.85,12.429,705.06,Whole Year,Subtropical,110.00000000000001
Australia,Wheat,2020,1467.13,21.83,18.968,34.99,Rabi,Subtropical,110.00000000000001
Australia,Maize,2014,503.83,15.73,35.032,73.61,Rabi,Temperate,110.00000000000001
China,Cotton,2001,630.43,21.49,32.093,20.02,Rabi,Subtropical,110.00000000000001
Australia,Wheat,2016,2026.01,12.17,13.543,25.48,Rabi,Temperate,110.00000000000001
Argentina,Cotton,2009,597.39,18.38,10.58,18.5,Rabi,Subtropical,110.00000000000001
China,Soybean,2013,1036.97,16.47,36.925,37.37,Whole Year,Temperate,110.00000000000001
India,Barley,2022,1296.62,29.95,41.072,21.19,Rabi,Tropical,110.00000000000001
Argentina,Sugarcane,2020,1126.54,18.34,56.025,879.15,Whole Year,Subtropical,110.00000000000001
Argentina,Soybean,2014,1680.72,20.37,41.936,32.81,Whole Year,Subtropical,110.00000000000001
Argentina,Soybean,2005,507.35,19.47,4.655,28.22,Whole Year,Subtropical,110.00000000000001
USA,Rice,2018,1307.07,25.61,16.704,65.98,Kharif,Subtropical,110.00000000000001
Argentina,Cotton,2021,1626.53,18.3,44.032,16.83,Kharif,Subtropical,110.00000000000001
Argentina,Wheat,2002,686.14,12.95,11.759,33.4,Rabi,Temperate,110.00000000000001
Australia,Maize,2003,1268.45,28.1,50.312,73.26,Kharif,Tropical,110.00000000000001
USA,Barley,2015,1781.95,23.25,37.774,27.13,Rabi,Subtropical,110.00000000000001
Brazil,Maize,2006,1324.94,12.21,37.043,44.05,Kharif,Temperate,110.00000000000001
Argentina,Wheat,2006,1693.8,12.92,12.197,25.45,Rabi,Temperate,110.00000000000001
China,Sugarcane,2014,847.39,19.57,47.041,754.3,Whole Year,Subtropical,110.00000000000001
Brazil,Potato,2021,560.45,12.19,0.94,156.23,Whole Year,Temperate,110.00000000000001
Argentina,Maize,2003,1122.19,27.91,45.816,50.39,Kharif,Tropical,110.00000000000001
India,Soybean,2010,1363.92,29.16,2.471,16.9,Whole Year,Tropical,110.00000000000001
USA,Potato,2003,875.67,28.7,43.135,234.63,Whole Year,Tropical,110.00000000000001
India,Potato,2023,2145.57,15.93,38.447,69.3,Whole Year,Temperate,110.00000000000001
China,Potato,2002,1345.16,23.07,22.369,240.4,Whole Year,Subtropical,110.00000000000001
USA,Maize,2009,2162.35,27.86,66.73,50.0,Kharif,Tropical,110.00000000000001
China,Wheat,2005,1252.54,31.09,8.962,19.1,Rabi,Tropical,110.00000000000001
Brazil,Rice,2015,1838.61,17.43,1.825,35.73,Kharif,Temperate,110.00000000000001
Argentina,Rice,2020,2140.33,25.41,21.76,55.97,Kharif,Subtropical,110.00000000000001
USA,Maize,2003,1604.11,28.65,38.733,51.78,Kharif,Tropical,110.00000000000001
India,Soybean,2013,1509.86,16.68,3.396,12.57,Whole Year,Temperate,110.00000000000001
China,Sugarcane,2014,2050.03,16.67,44.896,632.86,Whole Year,Temperate,110.00000000000001
USA,Potato,2003,1041.05,31.28,63.19,265.61,Whole Year,Tropical,110.00000000000001
China,Maize,2010,1371.37,13.74,42.481,48.79,Kharif,Temperate,110.00000000000001
India,Rice,2023,1027.31,28.66,29.649,42.51,Kharif,Tropical,110.00000000000001
Brazil,Soybean,2019,793.39,24.51,21.567,40.28,Whole Year,Subtropical,110.00000000000001
Brazil,Rice,2008,1087.34,25.08,4.185,43.32,Kharif,Subtropical,110.00000000000001
USA,Wheat,2015,1003.33,18.72,36.622,42.06,Rabi,Subtropical,110.00000000000001
Australia,Maize,2009,708.31,28.76,1.352,51.85,Rabi,Tropical,110.00000000000001
China,Rice,2006,1604.22,19.39,12.255,50.13,Kharif,Subtropical,110.00000000000001
India,Sugarcane,2006,1383.64,18.83,11.772,463.96,Whole Year,Subtropical,110.00000000000001
India,Rice,2020,1455.28,25.98,22.32,51.0,Kharif,Subtropical,110.00000000000001
China,Barley,2023,1245.37,13.53,40.59,38.05,Rabi,Temperate,110.00000000000001
Brazil,Maize,2009,1695.69,28.68,21.727,42.27,Kharif,Tropical,110.00000000000001
China,Maize,2001,1211.2,13.58,38.506,41.71,Kharif,Temperate,110.00000000000001
Australia,Sugarcane,2005,1475.84,30.54,24.899,873.66,Whole Year,Tropical,110.00000000000001
Brazil,Potato,2023,1612.73,23.44,54.285,231.17,Whole Year,Subtropical,110.00000000000001
India,Wheat,2014,1212.28,12.08,17.07,19.83,Rabi,Temperate,110.00000000000001
USA,Barley,2015,904.2,28.74,43.48,40.65,Rabi,Tropical,110.00000000000001
China,Cotton,2017,1893.92,16.01,51.111,12.46,Kharif,Temperate,110.00000000000001
India,Potato,2015,1452.04,30.05,35.238,139.34,Whole Year,Tropical,110.00000000000001
Australia,Barley,2015,2016.1,14.99,51.623,25.37,Rabi,Temperate,110.00000000000001
USA,Wheat,2014,914.65,16.66,26.93,56.3,Rabi,Temperate,110.00000000000001
China,Sugarcane,2022,610.43,21.98,45.676,665.68,Whole Year,Subtropical,110.00000000000001
Brazil,Rice,2006,1939.41,15.55,29.264,29.34,Kharif,Temperate,110.00000000000001
India,Wheat,2020,1400.57,12.41,4.396,20.28,Rabi,Temperate,110.00000000000001
Brazil,Sugarcane,2009,1040.24,18.44,37.753,515.74,Whole Year,Subtropical,110.00000000000001
Argentina,Potato,2019,1514.47,15.27,4.595,185.1,Whole Year,Temperate,110.00000000000001
USA,Barley,2013,1507.09,31.58,40.196,31.93,Rabi,Tropical,110.00000000000001
India,Barley,2016,1057.71,22.86,40.676,36.5,Rabi,Subtropical,110.00000000000001
Australia,Soybean,2013,683.74,22.29,37.322,36.16,Whole Year,Subtropical,110.00000000000001
India,Wheat,2021,2126.79,30.99,0.477,9.31,Rabi,Tropical,110.00000000000001
USA,Barley,2016,1431.16,15.33,60.368,39.02,Rabi,Temperate,110.00000000000001
India,Potato,2009,2055.32,26.06,32.665,87.18,Whole Year,Tropical,110.00000000000001
Brazil,Potato,2014,1751.08,31.42,20.141,133.34,Whole Year,Tropical,110.00000000000001
Argentina,Soybean,2020,1796.89,24.27,4.17,23.07,Whole Year,Subtropical,110.00000000000001
USA,Maize,2019,1017.85,19.75,45.387,89.81,Kharif,Subtropical,110.00000000000001
India,Wheat,2022,1700.77,26.45,34.641,21.93,Rabi,Tropical,110.00000000000001
USA,Potato,2007,1636.82,21.97,12.871,207.56,Whole Year,Subtropical,110.00000000000001
Brazil,Sugarcane,2022,1227.63,15.88,16.695,665.55,Whole Year,Temperate,110.00000000000001
Argentina,Potato,2016,822.71,13.46,35.361,261.24,Whole Year,Temperate,110.00000000000001
India,Cotton,2007,1778.53,19.58,20.345,8.96,Kharif,Subtropical,110.00000000000001
India,Potato,2014,1704.03,21.3,3.677,96.52,Whole Year,Subtropical,110.00000000000001
India,Potato,2003,922.09,31.83,34.696,152.24,Whole Year,Tropical,110.00000000000001
Argentina,Wheat,2013,1362.94,14.61,47.854,39.11,Rabi,Temperate,110.00000000000001
China,Soybean,2021,1937.55,30.6,45.355,18.13,Whole Year,Tropical,110.00000000000001
China,Wheat,2021,673.03,22.93,52.898,48.33,Rabi,Subtropical,110.00000000000001
USA,Sugarcane,2007,939.98,12.97,50.239,654.74,Whole Year,Temperate,110.00000000000001
Argentina,Rice,2008,1669.81,27.08,14.545,45.24,Kharif,Tropical,110.00000000000001
Argentina,Rice,2018,2089.83,20.55,46.449,42.23,Kharif,Subtropical,110.00000000000001
India,Soybean,2022,1836.76,16.06,12.97,14.8,Whole Year,Temperate,110.00000000000001
Australia,Rice,2021,1464.4,14.42,11.502,54.01,Kharif,Temperate,110.00000000000001
Australia,Cotton,2005,1973.03,23.41,54.896,13.94,Kharif,Subtropical,110.00000000000001
USA,Barley,2000,580.02,21.65,3.349,37.75,Rabi,Subtropical,110.00000000000001
USA,Wheat,2008,1116.86,16.13,37.187,35.22,Rabi,Temperate,110.00000000000001
Brazil,Rice,2020,1220.36,13.51,0.701,34.36,Kharif,Temperate,110.00000000000001
USA,Maize,2013,1675.05,25.21,7.715,50.08,Kharif,Subtropical,110.00000000000001
Brazil,Rice,2000,1425.39,25.13,25.428,54.62,Kharif,Subtropical,110.00000000000001
China,Wheat,2015,1842.08,17.29,12.078,29.68,Rabi,Temperate,110.00000000000001
Argentina,Rice,2006,2177.22,26.35,39.448,44.99,Kharif,Tropical,110.00000000000001
Argentina,Sugarcane,2017,955.96,22.93,42.158,965.04,Whole Year,Subtropical,110.00000000000001
China,Rice,2003,2068.22,21.8,48.415,38.31,Kharif,Subtropical,110.00000000000001
Argentina,Maize,2012,1524.65,21.97,22.027,71.83,Kharif,Subtropical,110.00000000000001
Australia,Cotton,2018,1620.4,20.14,1.629,18.66,Kharif,Subtropical,110.00000000000001
Australia,Maize,2009,1128.84,29.99,10.379,62.7,Kharif,Tropical,110.00000000000001
Brazil,Wheat,2016,2090.56,28.18,45.134,14.62,Rabi,Tropical,110.00000000000001
Brazil,Rice,2002,467.17,27.38,46.04,27.53,Rabi,Tropical,110.00000000000001
Australia,Maize,2008,1111.53,31.66,15.301,52.17,Kharif,Tropical,110.00000000000001
Argentina,Rice,2002,1475.04,26.35,26.842,65.94,Kharif,Tropical,110.00000000000001
Australia,Barley,2001,1520.12,21.24,58.479,33.04,Rabi,Subtropical,110.00000000000001
India,Sugarcane,2016,1348.58,19.49,42.065,529.6,Whole Year,Subtropical,110.00000000000001
Australia,Wheat,2009,977.2,28.4,0.592,23.15,Rabi,Tropical,110.00000000000001
Australia,Sugarcane,2006,1820.16,30.6,7.369,706.42,Whole Year,Tropical,110.00000000000001
China,Sugarcane,2016,1628.01,22.61,4.784,721.45,Whole Year,Subtropical,110.00000000000001
China,Barley,2023,619.31,22.97,0.686,37.13,Rabi,Subtropical,110.00000000000001
China,Wheat,2023,1136.34,12.57,12.136,33.95,Rabi,Temperate,110.00000000000001
India,Sugarcane,2018,596.55,21.23,39.865,368.62,Whole Year,Subtropical,110.00000000000001
Argentina,Soybean,2013,1472.59,22.28,2.061,29.64,Whole Year,Subtropical,110.00000000000001
Brazil,Barley,2009,1728.79,20.03,3.9,29.98,Rabi,Subtropical,110.00000000000001
India,Sugarcane,2010,491.75,21.59,30.729,351.63,Whole Year,Subtropical,110.00000000000001
Brazil,Wheat,2009,1811.73,30.45,20.689,17.42,Rabi,Tropical,110.00000000000001
Argentina,Sugarcane,2012,1751.86,18.79,25.689,691.71,Whole Year,Subtropical,110.00000000000001
USA,Sugarcane,2003,1668.84,25.58,41.317,824.81,Whole Year,Subtropical,110.00000000000001
India,Soybean,2002,572.19,12.76,19.415,19.0,Whole Year,Temperate,110.00000000000001
India,Barley,2002,2132.93,15.06,41.895,16.89,Rabi,Temperate,110.00000000000001
China,Maize,2015,1650.06,18.97,50.835,59.02,Kharif,Subtropical,110.00000000000001
Brazil,Sugarcane,2005,725.95,24.64,33.868,603.46,Whole Year,Subtropical,110.00000000000001
Brazil,Sugarcane,2022,1788.59,12.96,39.485,709.15,Whole Year,Temperate,110.00000000000001
India,Maize,2003,1556.94,12.66,42.362,25.23,Kharif,Temperate,110.00000000000001
USA,Wheat,2006,1105.57,24.92,29.463,32.29,Rabi,Subtropical,110.00000000000001
USA,Maize,2016,1982.53,22.97,19.248,62.36,Kharif,Subtropical,110.00000000000001
India,Barley,2002,1506.36,29.41,29.587,15.33,Rabi,Tropical,110.00000000000001
Brazil,Cotton,2016,897.54,23.37,24.84,24.78,Kharif,Subtropical,110.00000000000001
Australia,Potato,2011,2128.79,15.49,19.456,123.29,Whole Year,Temperate,110.00000000000001
Argentina,Wheat,2012,1494.94,26.31,22.369,29.24,Rabi,Tropical,110.00000000000001
USA,Sugarcane,2015,2040.57,17.55,13.856,633.15,Whole Year,Temperate,110.00000000000001
Australia,Soybean,2021,637.74,28.28,50.801,34.98,Whole Year,Tropical,110.00000000000001
Argentina,Potato,2005,531.33,26.62,17.945,187.2,Whole Year,Tropical,110.00000000000001
Argentina,Maize,2014,1538.18,18.95,28.994,64.3,Kharif,Subtropical,110.00000000000001
China,Soybean,2013,2081.01,18.46,21.024,13.41,Whole Year,Subtropical,110.00000000000001
China,Maize,2010,1792.33,15.0,25.539,34.08,Kharif,Temperate,110.00000000000001
USA,Wheat,2006,854.12,20.01,9.366,34.88,Rabi,Subtropical,110.00000000000001
India,Barley,2012,443.19,21.89,3.593,30.16,Rabi,Subtropical,110.00000000000001
Australia,Barley,2015,568.55,15.65,60.865,46.23,Rabi,Temperate,110.00000000000001
Argentina,Wheat,2005,2033.03,29.47,27.504,13.84,Rabi,Tropical,110.00000000000001
Australia,Wheat,2011,2033.74,15.36,0.604,17.5,Rabi,Temperate,110.00000000000001
Argentina,Soybean,2016,1835.27,19.63,17.276,20.04,Whole Year,Subtropical,110.00000000000001
Australia,Rice,2012,1637.69,18.99,31.989,59.31,Kharif,Subtropical,110.00000000000001
China,Sugarcane,2023,1937.96,23.76,15.92,742.92,Whole Year,Subtropical,110.00000000000001
USA,Potato,2023,1086.64,14.76,66.273,257.41,Whole Year,Temperate,110.00000000000001
USA,Soybean,2016,1526.38,16.94,16.447,34.43,Whole Year,Temperate,110.00000000000001
Brazil,Cotton,2019,1011.72,23.69,18.071,18.96,Kharif,Subtropical,110.00000000000001
Argentina,Soybean,2000,1515.26,12.76,17.44,18.75,Whole Year,Temperate,110.00000000000001
Argentina,Potato,2004,917.94,31.66,2.512,227.74,Whole Year,Tropical,110.00000000000001
Argentina,Barley,2011,1288.64,14.87,8.091,31.87,Rabi,Temperate,110.00000000000001
USA,Rice,2020,710.75,17.04,59.238,38.92,Rabi,Temperate,110.00000000000001
Argentina,Cotton,2002,655.79,17.19,32.775,16.6,Rabi,Temperate,110.00000000000001
Australia,Sugarcane,2012,1789.58,30.96,7.238,785.57,Whole Year,Tropical,110.00000000000001
India,Soybean,2002,1858.55,27.2,20.588,13.4,Whole Year,Tropical,110.00000000000001
Brazil,Rice,2012,1824.41,23.48,14.592,47.04,Kharif,Subtropical,110.00000000000001
Argentina,Soybean,2022,876.51,18.22,35.997,32.36,Whole Year,Subtropical,110.00000000000001
Brazil,Wheat,2015,461.86,20.05,50.574,31.15,Rabi,Subtropical,110.00000000000001
Argentina,Soybean,2021,719.72,15.18,39.448,37.93,Whole Year,Temperate,110.00000000000001
India,Cotton,2016,1741.13,23.34,12.985,10.99,Kharif,Subtropical,110.00000000000001
Argentina,Sugarcane,2013,1337.08,13.47,30.732,739.78,Whole Year,Temperate,110.00000000000001
Brazil,Wheat,2009,413.66,23.45,39.445,32.37,Rabi,Subtropical,110.00000000000001
China,Soybean,2016,2128.06,16.51,41.708,17.24,Whole Year,Temperate,110.00000000000001
Argentina,Potato,2001,545.95,27.91,19.47,213.24,Whole Year,Tropical,110.00000000000001
China,Sugarcane,2022,2181.86,16.16,31.325,696.36,Whole Year,Temperate,110.00000000000001
India,Sugarcane,2012,467.38,28.4,4.507,390.82,Whole Year,Tropical,110.00000000000001
Australia,Rice,2002,1309.6,26.05,46.609,49.17,Kharif,Tropical,110.00000000000001
Argentina,Barley,2021,2128.12,13.35,25.726,27.83,Rabi,Temperate,110.00000000000001
India,Wheat,2015,2150.13,19.75,13.16,11.52,Rabi,Subtropical,110.00000000000001
China,Rice,2003,1953.74,19.2,36.762,44.74,Kharif,Subtropical,110.00000000000001
China,Maize,2019,1711.77,31.92,45.832,40.06,Kharif,Tropical,110.00000000000001
USA,Rice,2007,1913.85,27.24,23.895,69.47,Kharif,Tropical,110.00000000000001
USA,Wheat,2011,1876.9,19.52,56.702,38.77,Rabi,Subtropical,110.00000000000001
USA,Cotton,2008,1639.32,13.48,13.722,11.68,Kharif,Temperate,110.00000000000001
Australia,Maize,2014,1429.42,31.29,54.722,65.88,Kharif,Tropical,110.00000000000001
China,Barley,2023,537.51,27.57,4.014,32.2,Rabi,Tropical,110.00000000000001
USA,Maize,2013,2003.54,31.76,19.503,31.46,Kharif,Tropical,110.00000000000001
USA,Cotton,2005,1561.88,30.92,18.99,23.1,Kharif,Tropical,110.00000000000001
Australia,Maize,2018,1190.3,17.76,9.517,68.02,Kharif,Temperate,110.00000000000001
Brazil,Cotton,2014,609.79,23.4,9.263,23.3,Rabi,Subtropical,110.00000000000001
Australia,Barley,2013,1837.62,12.93,9.909,25.63,Rabi,Temperate,110.00000000000001
China,Soybean,2015,2196.71,28.51,50.824,19.99,Whole Year,Tropical,110.00000000000001
Argentina,Rice,2022,969.87,31.26,48.609,39.02,Kharif,Tropical,110.00000000000001
China,Barley,2019,1312.08,22.56,51.102,36.38,Rabi,Subtropical,110.00000000000001
Argentina,Wheat,2001,686.25,25.04,17.435,37.65,Rabi,Subtropical,110.00000000000001
USA,Sugarcane,2010,1176.8,24.82,63.768,819.18,Whole Year,Subtropical,110.00000000000001
Argentina,Wheat,2016,1025.2,20.89,0.727,31.23,Rabi,Subtropical,110.00000000000001
USA,Barley,2008,684.29,22.71,65.228,39.04,Rabi,Subtropical,110.00000000000001
Australia,Wheat,2004,935.52,23.69,27.478,33.61,Rabi,Subtropical,110.00000000000001
Australia,Cotton,2022,1800.22,23.08,40.465,18.25,Kharif,Subtropical,110.00000000000001
Brazil,Potato,2009,1878.36,24.73,12.613,129.02,Whole Year,Subtropical,110.00000000000001
USA,Barley,2020,1576.01,29.03,63.616,41.92,Rabi,Tropical,110.00000000000001
Australia,Potato,2022,1948.22,31.74,15.593,109.97,Whole Year,Tropical,110.00000000000001
China,Soybean,2011,1825.09,29.68,39.447,16.7,Whole Year,Tropical,110.00000000000001
USA,Barley,2009,1607.82,24.91,37.76,25.4,Rabi,Subtropical,110.00000000000001
Argentina,Maize,2008,1618.0,30.02,46.492,48.05,Kharif,Tropical,110.00000000000001
China,Rice,2013,1776.37,27.57,44.281,48.19,Kharif,Tropical,110.00000000000001
Australia,Soybean,2014,536.07,30.73,18.091,28.68,Whole Year,Tropical,110.00000000000001
India,Rice,2020,1381.57,16.89,37.872,26.9,Kharif,Temperate,110.00000000000001
USA,Potato,2022,635.9,26.33,66.19,331.55,Whole Year,Tropical,110.00000000000001
Argentina,Barley,2005,1434.65,15.59,25.959,31.66,Rabi,Temperate,110.00000000000001
Australia,Wheat,2018,1248.73,30.76,49.324,37.12,Rabi,Tropical,110.00000000000001
Brazil,Rice,2005,904.48,26.29,30.53,32.5,Kharif,Tropical,110.00000000000001
USA,Soybean,2004,2131.46,29.14,4.051,17.14,Whole Year,Tropical,110.00000000000001
Argentina,Barley,2021,1192.39,19.8,40.354,49.88,Rabi,Subtropical,110.00000000000001
USA,Soybean,2021,1124.19,26.65,24.4,39.85,Whole Year,Tropical,110.00000000000001
India,Cotton,2007,974.28,26.98,13.369,20.58,Kharif,Tropical,110.00000000000001
Brazil,Potato,2016,1485.93,20.27,20.532,192.36,Whole Year,Subtropical,110.00000000000001
China,Barley,2004,1007.45,19.63,42.243,51.18,Rabi,Subtropical,110.00000000000001
Argentina,Potato,2005,1736.42,13.65,31.402,164.75,Whole Year,Temperate,110.00000000000001
Australia,Cotton,2007,2033.75,26.31,43.492,17.58,Kharif,Tropical,110.00000000000001
Argentina,Sugarcane,2016,2162.62,27.91,42.452,673.34,Whole Year,Tropical,110.00000000000001
USA,Wheat,2014,1863.49,28.9,17.457,20.47,Rabi,Tropical,110.00000000000001
USA,Rice,2010,1593.44,25.47,21.149,68.58,Kharif,Subtropical,110.00000000000001
Argentina,Soybean,2006,1011.42,24.69,35.464,29.54,Whole Year,Subtropical,110.00000000000001
USA,Cotton,2022,1950.6,28.92,21.128,20.89,Kharif,Tropical,110.00000000000001
Australia,Cotton,2023,1173.46,26.58,15.151,30.4,Kharif,Tropical,110.00000000000001
Brazil,Wheat,2000,745.62,17.75,54.056,34.9,Rabi,Temperate,110.00000000000001
Australia,Potato,2010,411.68,26.14,58.592,183.66,Whole Year,Tropical,110.00000000000001
India,Wheat,2000,2067.11,14.04,25.549,12.53,Rabi,Temperate,110.00000000000001
USA,Barley,2015,1377.42,19.67,0.096,45.79,Rabi,Subtropical,110.00000000000001
Brazil,Potato,2017,1340.12,19.2,0.882,192.97,Whole Year,Subtropical,110.00000000000001
India,Wheat,2016,1759.9,12.19,40.758,19.1,Rabi,Temperate,110.00000000000001
Brazil,Sugarcane,2019,1132.24,17.39,5.371,692.17,Whole Year,Temperate,110.00000000000001
Brazil,Rice,2011,1045.56,27.0,52.051,45.59,Kharif,Tropical,110.00000000000001
China,Wheat,2015,1177.58,13.13,33.815,39.38,Rabi,Temperate,110.00000000000001
USA,Rice,2004,763.49,15.09,32.514,32.86,Rabi,Temperate,110.00000000000001
Argentina,Potato,2017,619.8,21.14,8.001,238.31,Whole Year,Subtropical,110.00000000000001
Brazil,Wheat,2003,473.39,25.45,18.984,19.34,Rabi,Subtropical,110.00000000000001
USA,Potato,2021,1510.31,15.45,27.881,206.09,Whole Year,Temperate,110.00000000000001
Brazil,Sugarcane,2020,2035.47,20.21,21.226,701.8,Whole Year,Subtropical,110.00000000000001
Australia,Cotton,2019,1216.91,29.59,55.996,26.33,Kharif,Tropical,110.00000000000001
USA,Sugarcane,2023,1462.92,15.03,16.619,745.55,Whole Year,Temperate,110.00000000000001
USA,Maize,2012,1415.06,20.05,65.274,79.59,Kharif,Subtropical,110.00000000000001
India,Potato,2005,1298.88,20.21,3.316,166.92,Whole Year,Subtropical,110.00000000000001
Australia,Maize,2000,1477.7,20.88,37.31,53.04,Kharif,Subtropical,110.00000000000001
USA,Rice,2012,867.85,18.01,44.628,45.55,Kharif,Subtropical,110.00000000000001
Brazil,Sugarcane,2004,1110.74,17.1,8.626,585.59,Whole Year,Temperate,110.00000000000001
Brazil,Cotton,2014,1888.04,29.15,49.867,16.97,Kharif,Tropical,110.00000000000001
Australia,Rice,2001,1497.77,22.04,44.908,44.41,Kharif,Subtropical,110.00000000000001
India,Wheat,2019,1756.21,16.92,28.639,16.57,Rabi,Temperate,110.00000000000001
China,Barley,2004,1085.36,18.66,49.206,50.44,Rabi,Subtropical,110.00000000000001
Brazil,Potato,2018,1869.61,26.99,22.018,109.78,Whole Year,Tropical,110.00000000000001
USA,Barley,2005,1868.12,15.58,5.549,26.22,Rabi,Temperate,110.00000000000001
China,Potato,2005,1070.36,27.8,2.261,180.5,Whole Year,Tropical,110.00000000000001
USA,Wheat,2015,1727.98,15.0,34.074,27.81,Rabi,Temperate,110.00000000000001
Argentina,Barley,2006,2113.54,18.21,34.839,30.05,Rabi,Subtropical,110.00000000000001
Brazil,Maize,2020,620.71,17.92,48.754,59.68,Rabi,Temperate,110.00000000000001
China,Sugarcane,2019,1229.26,13.26,52.069,646.43,Whole Year,Temperate,110.00000000000001
China,Wheat,2000,786.81,14.33,50.587,34.87,Rabi,Temperate,110.00000000000001
USA,Potato,2002,1521.18,17.19,39.268,169.05,Whole Year,Temperate,110.00000000000001
India,Wheat,2012,719.87,27.74,35.524,23.3,Rabi,Tropical,110.00000000000001
Brazil,Maize,2012,1340.01,23.06,51.788,76.69,Kharif,Subtropical,110.00000000000001
USA,Potato,2003,1536.11,18.33,10.864,178.98,Whole Year,Subtropical,110.00000000000001
USA,Sugarcane,2011,2152.68,21.44,26.568,687.67,Whole Year,Subtropical,110.00000000000001
Argentina,Potato,2009,1765.4,22.92,39.089,177.35,Whole Year,Subtropical,110.00000000000001
Argentina,Wheat,2022,1283.88,13.83,9.587,33.01,Rabi,Temperate,110.00000000000001
India,Wheat,2004,2051.43,26.51,3.171,11.43,Rabi,Tropical,110.00000000000001
China,Sugarcane,2021,747.77,29.36,5.999,518.36,Whole Year,Tropical,110.00000000000001
Australia,Rice,2013,1728.38,30.4,2.621,50.6,Kharif,Tropical,110.00000000000001
Argentina,Barley,2015,728.99,29.92,44.669,27.46,Rabi,Tropical,110.00000000000001
USA,Maize,2013,1703.89,15.3,35.386,47.01,Kharif,Temperate,110.00000000000001
USA,Cotton,2005,1489.43,13.93,31.476,15.98,Kharif,Temperate,110.00000000000001
Australia,Potato,2016,1551.46,31.04,61.398,195.45,Whole Year,Tropical,110.00000000000001
Brazil,Barley,2002,495.01,15.61,34.482,35.84,Rabi,Temperate,110.00000000000001
USA,Rice,2022,480.5,16.1,15.722,29.58,Rabi,Temperate,110.00000000000001
USA,Maize,2016,780.26,15.76,31.808,91.5,Rabi,Temperate,110.00000000000001
India,Rice,2011,485.7,23.45,14.274,19.09,Rabi,Subtropical,110.00000000000001
India,Barley,2010,2110.8,23.62,34.628,14.88,Rabi,Subtropical,110.00000000000001
Brazil,Maize,2007,1475.94,14.84,35.645,54.78,Kharif,Temperate,110.00000000000001
Brazil,Maize,2011,661.97,24.12,26.905,50.65,Rabi,Subtropical,110.00000000000001
Brazil,Soybean,2021,1888.41,13.52,19.167,20.12,Whole Year,Temperate,110.00000000000001
India,Barley,2022,700.95,21.53,26.355,32.8,Rabi,Subtropical,110.00000000000001
Australia,Soybean,2019,1045.36,14.81,20.354,24.16,Whole Year,Temperate,110.00000000000001
Argentina,Barley,2020,1968.44,22.23,33.914,20.38,Rabi,Subtropical,110.00000000000001
India,Soybean,2002,454.57,27.29,35.506,19.18,Whole Year,Tropical,110.00000000000001
China,Barley,2001,1529.72,30.02,41.306,21.65,Rabi,Tropical,110.00000000000001
China,Rice,2017,2198.47,26.98,35.327,43.2,Kharif,Tropical,110.00000000000001
Australia,Wheat,2001,1754.81,15.42,51.849,28.77,Rabi,Temperate,110.00000000000001
Brazil,Potato,2017,551.9,19.9,28.45,248.94,Whole Year,Subtropical,110.00000000000001
China,Potato,2013,1284.54,26.35,18.201,222.73,Whole Year,Tropical,110.00000000000001
China,Barley,2021,670.24,13.16,50.203,37.78,Rabi,Temperate,110.00000000000001
Argentina,Sugarcane,2003,1255.72,22.28,12.497,774.9,Whole Year,Subtropical,110.00000000000001
USA,Sugarcane,2011,1453.81,22.05,13.2,1060.01,Whole Year,Subtropical,110.00000000000001
China,Soybean,2001,2049.07,31.11,53.306,13.04,Whole Year,Tropical,110.00000000000001
Australia,Maize,2000,1645.74,28.92,22.286,38.48,Kharif,Tropical,110.00000000000001
USA,Cotton,2004,1845.43,21.53,53.967,18.18,Kharif,Subtropical,110.00000000000001
India,Soybean,2019,494.66,17.11,27.13,24.49,Whole Year,Temperate,110.00000000000001
Argentina,Soybean,2012,1800.2,16.01,47.599,20.86,Whole Year,Temperate,110.00000000000001
China,Cotton,2010,567.36,13.51,48.037,16.39,Rabi,Temperate,110.00000000000001
USA,Soybean,2012,1830.39,15.66,54.548,25.33,Whole Year,Temperate,110.00000000000001
China,Maize,2009,1280.84,15.08,13.961,64.12,Kharif,Temperate,110.00000000000001
Argentina,Maize,2008,1260.43,26.97,39.667,59.15,Kharif,Tropical,110.00000000000001
Australia,Potato,2008,787.82,22.55,15.043,286.43,Whole Year,Subtropical,110.00000000000001
USA,Maize,2001,769.15,26.21,6.166,83.95,Rabi,Tropical,110.00000000000001
China,Sugarcane,2018,2034.92,20.33,18.079,618.71,Whole Year,Subtropical,110.00000000000001
India,Potato,2010,1053.98,17.83,25.565,133.08,Whole Year,Temperate,110.00000000000001
Australia,Maize,2016,2119.85,23.67,2.662,49.87,Kharif,Subtropical,110.00000000000001
USA,Wheat,2006,658.15,15.35,3.076,46.22,Rabi,Temperate,110.00000000000001
USA,Rice,2010,520.0,25.03,32.999,40.71,Rabi,Subtropical,110.00000000000001
Brazil,Soybean,2015,2110.6,26.47,3.887,16.79,Whole Year,Tropical,110.00000000000001
Argentina,Wheat,2005,1762.66,22.37,38.853,24.37,Rabi,Subtropical,110.00000000000001
Australia,Barley,2011,1339.37,28.35,12.903,30.43,Rabi,Tropical,110.00000000000001
Brazil,Barley,2001,1319.79,13.58,32.305,23.77,Rabi,Temperate,110.00000000000001
Brazil,Potato,2003,2034.09,17.63,49.438,136.55,Whole Year,Temperate,110.00000000000001
Australia,Soybean,2008,636.13,23.85,42.016,26.02,Whole Year,Subtropical,110.00000000000001
USA,Maize,2020,1930.81,28.49,50.285,53.69,Kharif,Tropical,110.00000000000001
Argentina,Barley,2007,1992.56,22.6,56.908,22.59,Rabi,Subtropical,110.00000000000001
USA,Barley,2015,2118.6,26.12,67.089,27.61,Rabi,Tropical,110.00000000000001
India,Rice,2009,582.4,19.73,37.409,27.93,Rabi,Subtropical,110.00000000000001
USA,Barley,2016,1317.38,26.34,3.063,36.43,Rabi,Tropical,110.00000000000001
Brazil,Potato,2014,1935.47,22.42,34.172,119.41,Whole Year,Subtropical,110.00000000000001
USA,Potato,2015,1603.27,30.77,66.671,218.43,Whole Year,Tropical,110.00000000000001
Argentina,Maize,2016,1370.95,20.55,58.363,72.48,Kharif,Subtropical,110.00000000000001
USA,Potato,2009,1500.44,22.46,0.52,247.28,Whole Year,Subtropical,110.00000000000001
Brazil,Soybean,2010,1452.01,24.13,34.059,30.13,Whole Year,Subtropical,110.00000000000001
Argentina,Cotton,2007,1454.8,17.67,58.689,16.26,Kharif,Temperate,110.00000000000001
Argentina,Cotton,2002,512.0,29.95,2.277,26.58,Rabi,Tropical,110.00000000000001
China,Barley,2010,528.16,29.74,44.035,24.62,Rabi,Tropical,110.00000000000001
China,Barley,2010,693.14,26.69,41.803,33.18,Rabi,Tropical,110.00000000000001
Brazil,Barley,2002,824.71,15.37,18.811,30.88,Rabi,Temperate,110.00000000000001
India,Soybean,2021,472.27,15.33,19.265,16.96,Whole Year,Temperate,110.00000000000001
China,Wheat,2020,1524.34,14.78,55.937,32.62,Rabi,Temperate,110.00000000000001
Brazil,Wheat,2000,616.34,29.41,51.669,19.88,Rabi,Tropical,110.00000000000001
Argentina,Potato,2014,1812.29,29.55,42.875,150.22,Whole Year,Tropical,110.00000000000001
India,Wheat,2011,1265.04,24.41,3.367,21.37,Rabi,Subtropical,110.00000000000001
Brazil,Potato,2014,1731.88,25.24,45.5,178.02,Whole Year,Subtropical,110.00000000000001
Brazil,Sugarcane,2011,1739.0,21.47,16.214,813.48,Whole Year,Subtropical,110.00000000000001
USA,Barley,2012,697.79,24.98,16.486,49.16,Rabi,Subtropical,110.00000000000001
China,Maize,2013,1950.53,15.93,9.224,31.74,Kharif,Temperate,110.00000000000001
Australia,Cotton,2017,933.98,17.63,55.623,32.07,Kharif,Temperate,110.00000000000001
India,Maize,2019,1387.0,13.86,16.044,34.42,Kharif,Temperate,110.00000000000001
USA,Potato,2015,1666.27,14.74,54.874,207.28,Whole Year,Temperate,110.00000000000001
India,Sugarcane,2022,2009.0,29.32,18.632,568.41,Whole Year,Tropical,110.00000000000001
India,Wheat,2019,1867.85,20.51,4.11,22.53,Rabi,Subtropical,110.00000000000001
Australia,Wheat,2014,974.96,13.87,44.222,47.99,Rabi,Temperate,110.00000000000001
Australia,Sugarcane,2016,1762.82,15.8,20.787,556.59,Whole Year,Temperate,110.00000000000001
USA,Cotton,2020,1844.73,25.23,21.929,21.21,Kharif,Subtropical,110.00000000000001
Brazil,Sugarcane,2010,1812.32,12.43,13.17,502.53,Whole Year,Temperate,110.00000000000001
Australia,Maize,2008,1317.59,22.46,13.454,72.83,Kharif,Subtropical,110.00000000000001
Brazil,Barley,2018,726.18,13.82,13.811,33.88,Rabi,Temperate,110.00000000000001
USA,Rice,2007,564.39,16.08,2.1,28.51,Rabi,Temperate,110.00000000000001
USA,Cotton,2000,440.4,31.8,37.633,18.42,Rabi,Tropical,110.00000000000001
Brazil,Rice,2011,459.25,28.25,30.9,34.43,Rabi,Tropical,110.00000000000001
Argentina,Barley,2013,857.52,12.01,3.981,30.23,Rabi,Temperate,110.00000000000001
Australia,Rice,2002,1426.45,16.73,8.961,38.17,Kharif,Temperate,110.00000000000001
Brazil,Cotton,2000,1223.89,24.86,5.667,23.67,Kharif,Subtropical,110.00000000000001
Australia,Soybean,2003,861.66,22.58,60.03,30.65,Whole Year,Subtropical,110.00000000000001
China,Soybean,2018,941.04,29.23,53.685,36.48,Whole Year,Tropical,110.00000000000001
Argentina,Maize,2009,1536.29,14.76,2.32,37.5,Kharif,Temperate,110.00000000000001
Brazil,Maize,2015,538.26,27.06,39.959,70.83,Rabi,Tropical,110.00000000000001
USA,Sugarcane,2019,411.13,21.88,24.345,607.98,Whole Year,Subtropical,110.00000000000001
China,Soybean,2009,682.75,17.56,0.101,21.89,Whole Year,Temperate,110.00000000000001
Argentina,Cotton,2005,2189.74,15.36,47.326,11.58,Kharif,Temperate,110.00000000000001
China,Maize,2003,1414.39,29.05,22.206,36.82,Kharif,Tropical,110.00000000000001
India,Barley,2014,2090.57,25.95,2.16,12.52,Rabi,Subtropical,110.00000000000001
Argentina,Cotton,2021,1659.69,31.17,35.787,23.0,Kharif,Tropical,110.00000000000001
Brazil,Barley,2020,947.69,12.6,1.995,46.71,Rabi,Temperate,110.00000000000001
China,Potato,2019,2194.89,24.22,45.221,124.51,Whole Year,Subtropical,110.00000000000001
Australia,Maize,2014,1712.08,15.61,4.353,44.55,Kharif,Temperate,110.00000000000001
USA,Maize,2017,2047.35,29.97,65.541,48.61,Kharif,Tropical,110.00000000000001
China,Maize,2004,887.5,20.55,13.708,51.34,Kharif,Subtropical,110.00000000000001
Australia,Sugarcane,2012,1598.39,28.19,39.138,1185.61,Whole Year,Tropical,110.00000000000001
India,Barley,2005,2155.54,24.84,19.615,12.14,Rabi,Subtropical,110.00000000000001
Australia,Soybean,2002,950.83,15.93,16.759,27.17,Whole Year,Temperate,110.00000000000001
Argentina,Rice,2003,1223.07,14.97,24.3,28.19,Kharif,Temperate,110.00000000000001
USA,Soybean,2001,1994.3,29.72,14.12,14.35,Whole Year,Tropical,110.00000000000001
Argentina,Soybean,2011,576.78,22.48,30.87,32.15,Whole Year,Subtropical,110.00000000000001
Brazil,Barley,2000,1751.42,14.88,34.213,20.08,Rabi,Temperate,110.00000000000001
China,Potato,2002,403.61,29.45,25.518,137.44,Whole Year,Tropical,110.00000000000001
Brazil,Soybean,2016,750.2,28.82,9.368,27.56,Whole Year,Tropical,110.00000000000001
USA,Potato,2010,1485.97,30.06,26.857,214.27,Whole Year,Tropical,110.00000000000001
Argentina,Maize,2016,1770.18,27.42,39.807,41.74,Kharif,Tropical,110.00000000000001
Brazil,Maize,2017,2116.17,13.58,29.455,28.59,Kharif,Temperate,110.00000000000001
Australia,Potato,2009,1732.26,17.09,43.663,168.89,Whole Year,Temperate,110.00000000000001
India,Wheat,2022,725.16,23.89,18.132,24.33,Rabi,Subtropical,110.00000000000001
USA,Barley,2010,756.54,16.36,42.632,48.05,Rabi,Temperate,110.00000000000001
India,Potato,2003,1298.35,25.05,27.913,162.41,Whole Year,Subtropical,110.00000000000001
China,Potato,2006,1392.41,18.38,24.394,181.44,Whole Year,Subtropical,110.00000000000001
China,Soybean,2014,1455.81,19.45,4.613,23.67,Whole Year,Subtropical,110.00000000000001
Brazil,Potato,2006,617.89,16.43,20.881,168.02,Whole Year,Temperate,110.00000000000001
Brazil,Sugarcane,2022,867.48,21.74,25.354,628.33,Whole Year,Subtropical,110.00000000000001
Australia,Barley,2001,1507.48,16.79,29.163,29.53,Rabi,Temperate,110.00000000000001
Brazil,Potato,2004,1975.11,28.35,33.086,129.46,Whole Year,Tropical,110.00000000000001
USA,Cotton,2016,1178.46,26.51,40.282,28.32,Kharif,Tropical,110.00000000000001
China,Maize,2021,1832.5,12.02,16.238,39.75,Kharif,Temperate,110.00000000000001
Australia,Soybean,2011,1310.67,22.19,45.332,33.98,Whole Year,Subtropical,110.00000000000001
Brazil,Potato,2018,1657.32,14.9,0.804,149.77,Whole Year,Temperate,110.00000000000001
Argentina,Potato,2001,1307.47,28.08,32.995,160.33,Whole Year,Tropical,110.00000000000001
China,Wheat,2023,1719.46,24.21,9.775,30.49,Rabi,Subtropical,110.00000000000001
Brazil,Potato,2005,1748.79,15.56,13.524,96.96,Whole Year,Temperate,110.00000000000001
Australia,Rice,2020,1648.17,27.85,16.044,61.83,Kharif,Tropical,110.00000000000001
Australia,Rice,2011,1188.09,23.36,30.831,54.61,Kharif,Subtropical,110.00000000000001
Brazil,Wheat,2004,1210.5,21.22,25.816,37.08,Rabi,Subtropical,110.00000000000001
Argentina,Barley,2015,1849.64,24.76,33.928,22.69,Rabi,Subtropical,110.00000000000001
Australia,Cotton,2009,651.6,13.5,2.805,14.16,Rabi,Temperate,110.00000000000001
Brazil,Wheat,2004,791.43,16.08,17.851,26.04,Rabi,Temperate,110.00000000000001
Australia,Sugarcane,2017,1867.33,19.18,29.997,938.67,Whole Year,Subtropical,110.00000000000001
Brazil,Soybean,2022,1759.21,16.42,27.555,19.51,Whole Year,Temperate,110.00000000000001
India,Maize,2019,1836.36,15.8,30.658,29.62,Kharif,Temperate,110.00000000000001
China,Sugarcane,2001,1981.52,27.67,23.461,914.61,Whole Year,Tropical,110.00000000000001
USA,Rice,2018,599.12,16.4,40.168,43.01,Rabi,Temperate,110.00000000000001
USA,Maize,2001,1774.15,27.49,45.345,44.17,Kharif,Tropical,110.00000000000001
China,Rice,2011,1248.86,16.88,20.073,31.92,Kharif,Temperate,110.00000000000001
China,Potato,2008,654.06,19.75,25.701,268.45,Whole Year,Subtropical,110.00000000000001
Australia,Soybean,2003,647.35,13.31,54.471,30.82,Whole Year,Temperate,110.00000000000001
Australia,Potato,2005,665.76,12.53,61.87,180.07,Whole Year,Temperate,110.00000000000001
USA,Rice,2013,2174.93,17.09,54.422,45.51,Kharif,Temperate,110.00000000000001
Australia,Maize,2023,1275.91,25.48,51.492,74.38,Kharif,Subtropical,110.00000000000001
USA,Barley,2015,1635.15,21.02,28.305,29.08,Rabi,Subtropical,110.00000000000001
Argentina,Soybean,2000,1151.49,27.92,32.559,32.71,Whole Year,Tropical,110.00000000000001
India,Barley,2020,516.83,19.76,6.194,24.54,Rabi,Subtropical,110.00000000000001
India,Soybean,2015,1236.5,24.19,17.929,16.69,Whole Year,Subtropical,110.00000000000001
China,Sugarcane,2014,769.76,14.06,17.973,551.24,Whole Year,Temperate,110.00000000000001
China,Rice,2002,439.33,19.2,51.146,29.17,Rabi,Subtropical,110.00000000000001
Argentina,Sugarcane,2014,1509.33,29.48,30.058,945.27,Whole Year,Tropical,110.00000000000001
India,Maize,2001,1217.34,22.52,36.147,56.76,Kharif,Subtropical,110.00000000000001
Brazil,Wheat,2015,650.75,12.09,0.525,28.48,Rabi,Temperate,110.00000000000001
India,Wheat,2022,1263.0,30.69,10.223,16.98,Rabi,Tropical,110.00000000000001
USA,Barley,2013,728.88,23.88,39.296,46.16,Rabi,Subtropical,110.00000000000001
Brazil,Barley,2015,1934.74,14.8,22.045,19.32,Rabi,Temperate,110.00000000000001
Argentina,Soybean,2020,2094.2,26.79,32.466,22.73,Whole Year,Tropical,110.00000000000001
USA,Sugarcane,2011,1659.44,12.96,22.583,746.22,Whole Year,Temperate,110.00000000000001
Brazil,Wheat,2014,1700.02,30.08,48.616,20.93,Rabi,Tropical,110.00000000000001
Brazil,Rice,2016,1541.03,24.87,22.375,53.26,Kharif,Subtropical,110.00000000000001
India,Maize,2014,1050.25,22.37,33.112,56.99,Kharif,Subtropical,110.00000000000001
China,Barley,2012,1283.05,24.41,4.031,27.04,Rabi,Subtropical,110.00000000000001
China,Cotton,2004,1140.97,14.16,22.621,18.21,Kharif,Temperate,110.00000000000001
USA,Cotton,2019,1786.95,12.82,55.979,15.94,Kharif,Temperate,110.00000000000001
Brazil,Rice,2015,1510.74,23.07,4.865,54.61,Kharif,Subtropical,110.00000000000001
Brazil,Rice,2002,1811.13,27.62,50.995,61.22,Kharif,Tropical,110.00000000000001
India,Rice,2019,624.41,13.57,19.052,15.32,Rabi,Temperate,110.00000000000001
USA,Barley,2000,1715.86,22.02,24.901,24.41,Rabi,Subtropical,110.00000000000001
Argentina,Potato,2004,877.58,25.05,33.541,223.15,Whole Year,Subtropical,110.00000000000001
Australia,Barley,2012,851.19,29.16,31.102,38.26,Rabi,Tropical,110.00000000000001
India,Soybean,2003,609.24,28.77,33.005,17.06,Whole Year,Tropical,110.00000000000001
India,Barley,2016,663.71,27.7,10.418,26.42,Rabi,Tropical,110.00000000000001
India,Potato,2011,1443.81,24.65,15.647,152.96,Whole Year,Subtropical,110.00000000000001
India,Cotton,2009,1687.31,19.39,17.988,11.62,Kharif,Subtropical,110.00000000000001
USA,Soybean,2015,1872.36,16.99,62.928,30.65,Whole Year,Temperate,110.00000000000001
Australia,Potato,2010,1242.55,24.9,34.727,244.36,Whole Year,Subtropical,110.00000000000001
Argentina,Barley,2005,1492.18,18.62,30.615,28.8,Rabi,Subtropical,110.00000000000001
China,Soybean,2001,713.32,21.77,47.303,28.64,Whole Year,Subtropical,110.00000000000001
China,Potato,2015,872.55,19.23,8.261,182.39,Whole Year,Subtropical,110.00000000000001
Brazil,Soybean,2015,510.38,28.1,15.51,27.47,Whole Year,Tropical,110.00000000000001
Australia,Wheat,2000,746.53,26.19,3.838,36.46,Rabi,Tropical,110.00000000000001
Brazil,Sugarcane,2017,758.61,30.15,5.305,744.9,Whole Year,Tropical,110.00000000000001
USA,Potato,2020,1311.11,22.58,34.725,282.76,Whole Year,Subtropical,110.00000000000001
India,Wheat,2012,1859.06,24.97,37.274,15.6,Rabi,Subtropical,110.00000000000001
Argentina,Sugarcane,2002,786.67,21.71,57.645,621.87,Whole Year,Subtropical,110.00000000000001
Argentina,Cotton,2017,614.03,23.82,58.147,22.57,Rabi,Subtropical,110.00000000000001
India,Cotton,2007,1793.21,17.64,12.235,11.66,Kharif,Temperate,110.00000000000001
Australia,Soybean,2021,1481.07,14.5,49.787,29.6,Whole Year,Temperate,110.00000000000001
Brazil,Wheat,2003,1085.93,27.49,22.954,33.26,Rabi,Tropical,110.00000000000001
Australia,Cotton,2000,748.85,15.93,61.847,18.16,Rabi,Temperate,110.00000000000001
China,Sugarcane,2013,1182.98,17.9,44.495,822.08,Whole Year,Temperate,110.00000000000001
USA,Wheat,2015,952.75,15.73,56.604,57.17,Rabi,Temperate,110.00000000000001
Argentina,Soybean,2005,659.65,22.83,36.866,32.25,Whole Year,Subtropical,110.00000000000001
India,Maize,2014,1122.62,18.86,21.637,53.58,Kharif,Subtropical,110.00000000000001
Australia,Soybean,2019,946.49,20.22,1.443,39.67,Whole Year,Subtropical,110.00000000000001
Australia,Maize,2016,2026.11,30.91,45.433,43.26,Kharif,Tropical,110.00000000000001
Brazil,Barley,2011,1729.4,17.88,31.609,28.84,Rabi,Temperate,110.00000000000001
Argentina,Rice,2008,1068.08,24.54,0.69,49.22,Kharif,Subtropical,110.00000000000001
Argentina,Cotton,2018,1029.05,23.91,10.239,23.88,Kharif,Subtropical,110.00000000000001
Australia,Soybean,2006,1121.82,28.32,44.273,35.1,Whole Year,Tropical,110.00000000000001
China,Wheat,2014,815.78,23.12,46.454,33.82,Rabi,Subtropical,110.00000000000001
China,Wheat,2004,1737.07,13.56,32.622,23.43,Rabi,Temperate,110.00000000000001
USA,Maize,2020,1884.03,26.5,57.564,46.79,Kharif,Tropical,110.00000000000001
India,Cotton,2015,2016.83,21.34,16.665,11.19,Kharif,Subtropical,110.00000000000001
Australia,Maize,2002,1206.83,24.22,19.91,72.81,Kharif,Subtropical,110.00000000000001
China,Wheat,2001,878.77,16.53,55.056,39.47,Rabi,Temperate,110.00000000000001
Australia,Wheat,2012,911.96,17.34,54.953,40.57,Rabi,Temperate,110.00000000000001
Australia,Cotton,2018,1492.5,14.46,29.475,18.14,Kharif,Temperate,110.00000000000001
Brazil,Rice,2008,1871.22,16.7,37.222,33.95,Kharif,Temperate,110.00000000000001
China,Rice,2000,712.05,30.1,54.774,35.61,Rabi,Tropical,110.00000000000001
China,Soybean,2007,451.5,30.4,24.768,19.23,Whole Year,Tropical,110.00000000000001
India,Sugarcane,2014,770.84,22.91,16.619,473.17,Whole Year,Subtropical,110.00000000000001
Australia,Wheat,2002,2182.72,17.05,29.471,19.74,Rabi,Temperate,110.00000000000001
India,Barley,2015,1743.55,31.84,26.074,15.1,Rabi,Tropical,110.00000000000001
Brazil,Barley,2023,1392.76,26.01,22.371,31.65,Rabi,Tropical,110.00000000000001
USA,Maize,2012,728.8,25.88,59.872,86.13,Rabi,Subtropical,110.00000000000001
Argentina,Maize,2009,1131.29,12.9,57.449,73.35,Kharif,Temperate,110.00000000000001
Australia,Soybean,2005,499.27,15.85,28.538,20.32,Whole Year,Temperate,110.00000000000001
China,Cotton,2007,924.21,28.15,27.684,30.37,Kharif,Tropical,110.00000000000001
China,Wheat,2015,1000.4,30.3,44.59,27.77,Rabi,Tropical,110.00000000000001
India,Soybean,2023,1649.7,30.83,26.591,13.03,Whole Year,Tropical,110.00000000000001
USA,Potato,2021,1107.47,24.67,60.338,316.18,Whole Year,Subtropical,110.00000000000001
Brazil,Soybean,2012,2025.77,12.42,26.106,17.62,Whole Year,Temperate,110.00000000000001
Australia,Rice,2021,2120.81,14.41,7.444,40.43,Kharif,Temperate,110.00000000000001
Argentina,Cotton,2019,2057.45,14.13,12.657,10.29,Kharif,Temperate,110.00000000000001
Brazil,Maize,2019,2051.13,14.29,3.918,38.02,Kharif,Temperate,110.00000000000001
India,Rice,2002,1061.84,27.64,7.079,25.03,Kharif,Tropical,110.00000000000001
India,Cotton,2009,1875.53,19.61,22.422,7.8,Kharif,Subtropical,110.00000000000001
China,Rice,2015,1581.65,21.32,55.456,63.26,Kharif,Subtropical,110.00000000000001
India,Cotton,2009,1512.44,23.51,16.755,12.65,Kharif,Subtropical,110.00000000000001
India,Potato,2016,2183.96,14.7,41.019,88.51,Whole Year,Temperate,110.00000000000001
Brazil,Wheat,2003,1062.97,29.7,41.538,23.99,Rabi,Tropical,110.00000000000001
Brazil,Cotton,2001,972.46,12.62,14.923,12.99,Kharif,Temperate,110.00000000000001
India,Rice,2003,1243.54,13.55,11.129,28.31,Kharif,Temperate,110.00000000000001
Brazil,Cotton,2009,485.59,24.82,3.544,22.45,Rabi,Subtropical,110.00000000000001
Argentina,Barley,2022,682.56,25.64,45.091,34.12,Rabi,Subtropical,110.00000000000001
USA,Barley,2018,1702.89,15.74,49.852,38.53,Rabi,Temperate,110.00000000000001
China,Barley,2010,977.48,13.8,22.653,41.78,Rabi,Temperate,110.00000000000001
China,Maize,2010,1381.46,26.56,35.757,63.46,Kharif,Tropical,110.00000000000001
Argentina,Potato,2001,1470.78,22.2,0.261,186.22,Whole Year,Subtropical,110.00000000000001
Brazil,Potato,2000,889.99,18.84,51.191,230.67,Whole Year,Subtropical,110.00000000000001
Australia,Barley,2010,2183.37,28.47,46.609,16.63,Rabi,Tropical,110.00000000000001
India,Cotton,2006,2000.72,18.6,2.637,8.34,Kharif,Subtropical,110.00000000000001
USA,Maize,2018,891.09,31.56,45.515,91.97,Kharif,Tropical,110.00000000000001
Argentina,Wheat,2021,1917.48,26.22,30.467,24.17,Rabi,Tropical,110.00000000000001
India,Wheat,2010,1857.24,31.01,19.773,14.13,Rabi,Tropical,110.00000000000001
Argentina,Sugarcane,2023,1384.81,29.63,26.936,812.29,Whole Year,Tropical,110.00000000000001
Australia,Wheat,2007,552.78,18.66,59.071,47.3,Rabi,Subtropical,110.00000000000001
Argentina,Cotton,2009,1264.72,14.13,50.368,19.96,Kharif,Temperate,110.00000000000001
Argentina,Sugarcane,2002,1165.96,20.27,26.571,539.23,Whole Year,Subtropical,110.00000000000001
India,Wheat,2002,795.99,30.41,30.422,21.98,Rabi,Tropical,110.00000000000001
Argentina,Barley,2003,2022.18,28.62,56.308,23.53,Rabi,Tropical,110.00000000000001
Australia,Rice,2018,631.77,17.31,57.456,43.04,Rabi,Temperate,110.00000000000001
Argentina,Rice,2016,990.76,21.36,40.904,53.76,Kharif,Subtropical,110.00000000000001
Brazil,Potato,2002,2040.89,18.98,42.244,114.4,Whole Year,Subtropical,110.00000000000001
Argentina,Barley,2020,1433.05,14.56,21.168,37.75,Rabi,Temperate,110.00000000000001
India,Cotton,2020,2111.51,17.51,0.688,6.51,Kharif,Temperate,110.00000000000001
China,Wheat,2014,1365.36,29.96,46.608,23.75,Rabi,Tropical,110.00000000000001
Brazil,Barley,2000,1151.97,15.19,27.834,27.29,Rabi,Temperate,110.00000000000001
China,Sugarcane,2015,2044.49,21.21,46.39,652.29,Whole Year,Subtropical,110.00000000000001
China,Sugarcane,2008,541.33,23.65,36.8,413.25,Whole Year,Subtropical,110.00000000000001
Australia,Potato,2003,1635.99,31.9,29.21,158.12,Whole Year,Tropical,110.00000000000001
India,Potato,2002,1138.55,22.09,15.593,177.55,Whole Year,Subtropical,110.00000000000001
USA,Barley,2011,2096.5,31.69,6.411,16.44,Rabi,Tropical,110.00000000000001
Australia,Soybean,2004,948.45,13.06,23.351,31.18,Whole Year,Temperate,110.00000000000001
Brazil,Wheat,2018,431.72,20.91,49.931,30.81,Rabi,Subtropical,110.00000000000001
Australia,Potato,2020,1177.9,26.28,0.82,204.19,Whole Year,Tropical,110.00000000000001
Brazil,Sugarcane,2021,1754.22,26.83,2.203,919.35,Whole Year,Tropical,110.00000000000001
Brazil,Rice,2006,2170.48,23.38,11.152,30.94,Kharif,Subtropical,110.00000000000001
India,Rice,2014,721.7,13.65,37.465,24.81,Rabi,Temperate,110.00000000000001
Brazil,Rice,2015,1717.5,13.54,43.806,43.38,Kharif,Temperate,110.00000000000001
China,Barley,2014,775.28,17.72,6.493,33.6,Rabi,Temperate,110.00000000000001
China,Soybean,2006,629.4,21.29,9.453,32.54,Whole Year,Subtropical,110.00000000000001
China,Sugarcane,2022,1764.06,25.41,25.825,1079.72,Whole Year,Subtropical,110.00000000000001
Brazil,Maize,2005,1874.87,12.89,17.633,33.81,Kharif,Temperate,110.00000000000001
Brazil,Maize,2019,1057.15,16.29,28.57,68.59,Kharif,Temperate,110.00000000000001
USA,Sugarcane,2007,1639.48,18.52,41.417,659.76,Whole Year,Subtropical,110.00000000000001
Brazil,Cotton,2005,662.25,23.6,21.105,17.0,Rabi,Subtropical,110.00000000000001
Argentina,Barley,2012,1721.07,27.48,47.081,22.78,Rabi,Tropical,110.00000000000001
Australia,Soybean,2022,1642.04,17.28,4.151,18.83,Whole Year,Temperate,110.00000000000001
Brazil,Cotton,2001,966.84,23.85,19.712,16.98,Kharif,Subtropical,110.00000000000001
Australia,Wheat,2000,1868.12,26.9,20.919,15.68,Rabi,Tropical,110.00000000000001
China,Sugarcane,2008,2121.16,26.46,47.626,659.4,Whole Year,Tropical,110.00000000000001
USA,Sugarcane,2011,1173.81,26.39,37.794,1254.22,Whole Year,Tropical,110.00000000000001
India,Potato,2004,1387.37,27.76,27.98,127.03,Whole Year,Tropical,110.00000000000001
USA,Barley,2001,679.67,20.29,42.465,51.69,Rabi,Subtropical,110.00000000000001
China,Maize,2015,1381.96,25.83,14.051,63.21,Kharif,Subtropical,110.00000000000001
USA,Wheat,2019,875.4,13.75,32.101,56.07,Rabi,Temperate,110.00000000000001
China,Soybean,2012,1877.5,23.54,12.799,15.83,Whole Year,Subtropical,110.00000000000001
Argentina,Cotton,2023,1229.9,28.69,39.569,22.84,Kharif,Tropical,110.00000000000001
Brazil,Potato,2023,1742.02,24.72,10.314,134.5,Whole Year,Subtropical,110.00000000000001
Australia,Wheat,2012,553.45,22.69,55.52,38.24,Rabi,Subtropical,110.00000000000001
Brazil,Potato,2001,1054.09,29.18,25.742,151.79,Whole Year,Tropical,110.00000000000001
Brazil,Soybean,2023,1110.95,25.0,41.724,29.97,Whole Year,Subtropical,110.00000000000001
Argentina,Sugarcane,2002,1646.4,27.6,14.342,775.43,Whole Year,Tropical,110.00000000000001
China,Potato,2005,815.17,13.7,18.042,201.37,Whole Year,Temperate,110.00000000000001
Brazil,Maize,2016,1739.75,20.17,54.983,46.63,Kharif,Subtropical,110.00000000000001
USA,Maize,2001,1379.22,24.26,31.602,75.02,Kharif,Subtropical,110.00000000000001
China,Rice,2023,1937.97,27.02,44.768,67.33,Kharif,Tropical,110.00000000000001
China,Rice,2007,2000.11,27.44,53.276,38.18,Kharif,Tropical,110.00000000000001
Australia,Soybean,2002,2105.22,14.01,21.021,14.82,Whole Year,Temperate,110.00000000000001
Argentina,Potato,2019,2042.96,24.17,2.38,112.31,Whole Year,Subtropical,110.00000000000001
China,Rice,2013,1911.74,24.96,40.835,51.89,Kharif,Subtropical,110.00000000000001
Brazil,Soybean,2008,950.5,30.63,12.056,27.94,Whole Year,Tropical,110.00000000000001
China,Cotton,2006,505.11,16.36,55.285,18.33,Rabi,Temperate,110.00000000000001
Argentina,Wheat,2021,768.45,27.52,16.546,33.7,Rabi,Tropical,110.00000000000001
Australia,Wheat,2000,2121.99,16.48,28.609,17.02,Rabi,Temperate,110.00000000000001
China,Barley,2000,956.44,25.75,32.725,32.16,Rabi,Subtropical,110.00000000000001
Brazil,Maize,2015,514.28,29.09,31.017,57.57,Rabi,Tropical,110.00000000000001
Argentina,Barley,2010,1022.6,24.36,29.375,48.04,Rabi,Subtropical,110.00000000000001
Brazil,Rice,2003,1199.41,27.3,0.694,33.55,Kharif,Tropical,110.00000000000001
Brazil,Sugarcane,2005,1775.12,26.13,33.885,941.57,Whole Year,Tropical,110.00000000000001
Brazil,Potato,2018,1477.31,19.48,20.622,151.84,Whole Year,Subtropical,110.00000000000001
USA,Soybean,2001,694.64,22.79,34.295,28.72,Whole Year,Subtropical,110.00000000000001
India,Cotton,2000,1214.95,27.56,18.082,13.97,Kharif,Tropical,110.00000000000001
Australia,Wheat,2011,2047.97,18.48,56.276,26.6,Rabi,Subtropical,110.00000000000001
Argentina,Cotton,2012,457.67,12.56,35.99,18.3,Rabi,Temperate,110.00000000000001
Australia,Cotton,2002,805.65,25.23,29.297,26.85,Kharif,Subtropical,110.00000000000001
Brazil,Soybean,2011,1084.84,31.3,14.575,21.61,Whole Year,Tropical,110.00000000000001
Argentina,Wheat,2008,595.57,19.46,14.562,36.15,Rabi,Subtropical,110.00000000000001
China,Cotton,2005,1542.13,27.26,8.802,24.26,Kharif,Tropical,110.00000000000001
China,Barley,2019,1436.64,19.94,56.965,47.15,Rabi,Subtropical,110.00000000000001
Argentina,Soybean,2002,449.71,28.21,17.999,19.38,Whole Year,Tropical,110.00000000000001
Australia,Soybean,2020,2195.71,25.32,16.397,15.91,Whole Year,Subtropical,110.00000000000001
USA,Potato,2004,2181.21,14.32,8.772,91.42,Whole Year,Temperate,110.00000000000001
China,Cotton,2003,1739.56,29.19,12.346,16.39,Kharif,Tropical,110.00000000000001
Brazil,Sugarcane,2013,558.82,20.22,30.018,482.37,Whole Year,Subtropical,110.00000000000001
Australia,Wheat,2010,1849.87,20.53,62.46,28.08,Rabi,Subtropical,110.00000000000001
Brazil,Cotton,2008,1736.67,28.96,25.306,18.62,Kharif,Tropical,110.00000000000001
India,Rice,2011,2024.42,16.58,8.116,24.2,Kharif,Temperate,110.00000000000001
Australia,Potato,2000,2163.66,14.9,25.282,129.69,Whole Year,Temperate,110.00000000000001
Australia,Soybean,2018,2010.04,17.86,45.696,24.44,Whole Year,Temperate,110.00000000000001
Australia,Rice,2001,1386.22,26.15,16.993,65.6,Kharif,Tropical,110.00000000000001
Australia,Sugarcane,2021,1939.84,13.0,55.123,754.75,Whole Year,Temperate,110.00000000000001
China,Sugarcane,2013,1031.07,30.23,32.008,696.46,Whole Year,Tropical,110.00000000000001
India,Potato,2010,2081.79,27.6,27.364,70.1,Whole Year,Tropical,110.00000000000001
Argentina,Soybean,2008,1866.24,28.72,21.629,17.62,Whole Year,Tropical,110.00000000000001
USA,Potato,2010,669.95,18.59,9.242,268.79,Whole Year,Subtropical,110.00000000000001
Australia,Soybean,2020,1303.7,23.75,39.402,38.22,Whole Year,Subtropical,110.00000000000001
USA,Cotton,2010,1660.69,14.27,55.962,18.89,Kharif,Temperate,110.00000000000001
USA,Barley,2019,1085.6,19.09,4.079,48.69,Rabi,Subtropical,110.00000000000001
China,Soybean,2014,1058.57,27.87,42.431,37.01,Whole Year,Tropical,110.00000000000001
India,Cotton,2011,1807.34,17.58,6.133,8.91,Kharif,Temperate,110.00000000000001
USA,Sugarcane,2013,1556.85,18.5,42.708,1075.93,Whole Year,Subtropical,110.00000000000001
India,Soybean,2010,2061.27,16.15,25.694,11.48,Whole Year,Temperate,110.00000000000001
Australia,Cotton,2020,1290.13,30.26,23.57,23.13,Kharif,Tropical,110.00000000000001
Brazil,Cotton,2015,1190.37,21.73,52.775,25.53,Kharif,Subtropical,110.00000000000001
India,Barley,2007,674.92,19.28,4.268,32.85,Rabi,Subtropical,110.00000000000001
Australia,Potato,2013,982.97,18.2,46.706,295.5,Whole Year,Subtropical,110.00000000000001
Argentina,Sugarcane,2013,1320.99,12.57,3.96,539.0,Whole Year,Temperate,110.00000000000001
USA,Soybean,2003,1282.36,16.93,34.246,24.6,Whole Year,Temperate,110.00000000000001
India,Potato,2021,1679.49,26.64,7.525,116.03,Whole Year,Tropical,110.00000000000001
China,Soybean,2003,1766.49,23.98,55.265,19.01,Whole Year,Subtropical,110.00000000000001
Australia,Wheat,2019,464.77,12.59,37.844,32.93,Rabi,Temperate,110.00000000000001
USA,Rice,2002,1798.35,29.21,60.023,54.68,Kharif,Tropical,110.00000000000001
China,Potato,2016,1772.96,14.41,43.859,143.56,Whole Year,Temperate,110.00000000000001
Argentina,Cotton,2020,1077.74,30.07,17.0,34.69,Kharif,Tropical,110.00000000000001
China,Maize,2020,1703.84,14.83,26.895,42.7,Kharif,Temperate,110.00000000000001
China,Potato,2002,1632.5,22.31,26.699,161.79,Whole Year,Subtropical,110.00000000000001
Argentina,Soybean,2011,1398.47,16.76,44.737,26.54,Whole Year,Temperate,110.00000000000001
Australia,Sugarcane,2020,1364.37,18.72,48.096,780.95,Whole Year,Subtropical,110.00000000000001
Argentina,Rice,2021,1903.84,13.83,3.368,32.08,Kharif,Temperate,110.00000000000001
Argentina,Barley,2016,1683.91,22.71,0.986,25.19,Rabi,Subtropical,110.00000000000001
Argentina,Potato,2007,1837.93,31.64,48.393,99.21,Whole Year,Tropical,110.00000000000001
India,Sugarcane,2008,569.39,16.38,21.401,373.54,Whole Year,Temperate,110.00000000000001
Brazil,Maize,2017,1200.89,26.51,18.333,72.57,Kharif,Tropical,110.00000000000001
Australia,Barley,2021,2049.54,19.76,31.463,26.03,Rabi,Subtropical,110.00000000000001
Brazil,Rice,2019,956.86,23.24,50.138,43.12,Kharif,Subtropical,110.00000000000001
USA,Sugarcane,2002,1763.22,13.01,37.36,564.76,Whole Year,Temperate,110.00000000000001
Brazil,Soybean,2014,1943.39,22.45,42.456,17.12,Whole Year,Subtropical,110.00000000000001
India,Sugarcane,2023,1728.87,12.63,13.4,385.59,Whole Year,Temperate,110.00000000000001
Australia,Cotton,2005,1008.48,26.01,52.727,30.82,Kharif,Tropical,110.00000000000001
Australia,Barley,2004,2114.68,30.34,5.095,18.94,Rabi,Tropical,110.00000000000001
China,Barley,2020,1848.18,28.44,27.193,19.35,Rabi,Tropical,110.00000000000001
India,Maize,2009,1202.31,28.37,32.881,36.68,Kharif,Tropical,110.00000000000001
USA,Barley,2003,1470.69,27.54,49.706,39.44,Rabi,Tropical,110.00000000000001
USA,Soybean,2007,628.22,13.61,12.882,24.56,Whole Year,Temperate,110.00000000000001
USA,Barley,2018,1895.37,20.55,28.506,28.61,Rabi,Subtropical,110.00000000000001
USA,Soybean,2006,1714.67,19.41,14.392,19.19,Whole Year,Subtropical,110.00000000000001
Brazil,Cotton,2004,854.03,13.42,27.084,13.19,Kharif,Temperate,110.00000000000001
China,Sugarcane,2021,863.41,30.51,8.11,886.22,Whole Year,Tropical,110.00000000000001
India,Barley,2019,2017.5,25.55,26.267,18.07,Rabi,Subtropical,110.00000000000001
USA,Rice,2014,519.68,22.39,21.121,41.03,Rabi,Subtropical,110.00000000000001
Argentina,Rice,2020,1374.65,30.12,2.41,53.78,Kharif,Tropical,110.00000000000001
USA,Potato,2007,2094.77,31.08,59.545,133.0,Whole Year,Tropical,110.00000000000001
India,Rice,2017,1771.82,23.2,38.279,28.59,Kharif,Subtropical,110.00000000000001
China,Potato,2000,837.5,23.91,45.641,177.82,Whole Year,Subtropical,110.00000000000001
China,Maize,2003,967.12,20.58,15.798,69.28,Kharif,Subtropical,110.00000000000001
USA,Sugarcane,2008,1742.44,15.73,15.897,803.94,Whole Year,Temperate,110.00000000000001
India,Barley,2018,1393.2,20.06,8.077,30.04,Rabi,Subtropical,110.00000000000001
China,Soybean,2012,2037.1,14.1,56.967,15.29,Whole Year,Temperate,110.00000000000001
USA,Maize,2006,1135.34,24.6,22.422,85.76,Kharif,Subtropical,110.00000000000001
Australia,Wheat,2004,1721.76,30.81,5.818,17.26,Rabi,Tropical,110.00000000000001
Australia,Rice,2009,1375.95,18.01,41.704,50.93,Kharif,Subtropical,110.00000000000001
China,Soybean,2006,1878.52,25.44,28.252,22.12,Whole Year,Subtropical,110.00000000000001
Argentina,Cotton,2000,425.17,20.78,49.239,22.44,Rabi,Subtropical,110.00000000000001
USA,Sugarcane,2012,1175.4,25.1,10.724,1028.68,Whole Year,Subtropical,110.00000000000001
Australia,Cotton,2018,1284.62,19.09,50.81,23.26,Kharif,Subtropical,110.00000000000001
China,Maize,2022,2020.56,23.49,42.705,47.82,Kharif,Subtropical,110.00000000000001
Argentina,Potato,2010,1731.07,21.88,1.719,178.82,Whole Year,Subtropical,110.00000000000001
Argentina,Potato,2023,1335.6,19.91,17.787,257.21,Whole Year,Subtropical,110.00000000000001
Australia,Sugarcane,2017,1924.19,30.18,57.039,771.34,Whole Year,Tropical,110.00000000000001
Brazil,Sugarcane,2016,2095.86,20.72,54.197,512.45,Whole Year,Subtropical,110.00000000000001
Brazil,Maize,2021,688.64,16.77,25.411,53.23,Rabi,Temperate,110.00000000000001
Argentina,Potato,2021,1334.56,14.69,31.035,154.06,Whole Year,Temperate,110.00000000000001
USA,Potato,2004,1545.93,14.82,43.852,155.13,Whole Year,Temperate,110.00000000000001
Australia,Potato,2014,1132.13,12.48,57.422,202.18,Whole Year,Temperate,110.00000000000001
India,Maize,2007,845.84,25.7,29.931,46.15,Kharif,Subtropical,110.00000000000001
Australia,Barley,2023,1683.47,17.55,0.038,41.59,Rabi,Temperate,110.00000000000001
Brazil,Barley,2022,978.05,16.94,22.495,48.71,Rabi,Temperate,110.00000000000001
USA,Potato,2012,624.3,21.6,5.739,196.28,Whole Year,Subtropical,110.00000000000001
Argentina,Wheat,2015,1929.64,13.2,13.647,20.25,Rabi,Temperate,110.00000000000001
Brazil,Barley,2010,1103.44,23.06,42.697,29.26,Rabi,Subtropical,110.00000000000001
China,Maize,2009,1200.65,26.52,39.232,50.09,Kharif,Tropical,110.00000000000001
China,Cotton,2016,1080.46,13.55,0.696,15.15,Kharif,Temperate,110.00000000000001
USA,Maize,2023,1263.18,16.91,11.04,79.49,Kharif,Temperate,110.00000000000001
Brazil,Rice,2013,2082.02,18.92,37.243,30.19,Kharif,Subtropical,110.00000000000001
Brazil,Cotton,2002,873.69,25.26,51.972,24.97,Kharif,Subtropical,110.00000000000001
Brazil,Sugarcane,2007,1251.3,13.0,40.796,503.32,Whole Year,Temperate,110.00000000000001
India,Cotton,2023,1674.75,18.61,7.66,11.98,Kharif,Subtropical,110.00000000000001
Argentina,Rice,2013,2103.37,31.46,57.106,35.59,Kharif,Tropical,110.00000000000001
Argentina,Potato,2017,2165.1,12.79,34.019,124.04,Whole Year,Temperate,110.00000000000001
China,Wheat,2006,2049.0,24.6,48.483,23.4,Rabi,Subtropical,110.00000000000001
Australia,Soybean,2003,1580.88,22.31,17.045,28.07,Whole Year,Subtropical,110.00000000000001
USA,Barley,2014,566.94,30.19,32.871,32.44,Rabi,Tropical,110.00000000000001
USA,Soybean,2016,578.67,29.06,34.182,36.3,Whole Year,Tropical,110.00000000000001
USA,Sugarcane,2017,1110.61,30.39,35.724,1096.49,Whole Year,Tropical,110.00000000000001
Australia,Soybean,2022,705.04,13.37,56.071,27.82,Whole Year,Temperate,110.00000000000001
Argentina,Cotton,2019,948.26,25.36,57.247,29.13,Kharif,Subtropical,110.00000000000001
Brazil,Soybean,2017,690.0,23.94,18.803,30.17,Whole Year,Subtropical,110.00000000000001
Brazil,Sugarcane,2001,1166.41,16.62,9.774,659.07,Whole Year,Temperate,110.00000000000001
Argentina,Maize,2007,1887.45,22.94,19.043,51.03,Kharif,Subtropical,110.00000000000001
USA,Potato,2005,481.29,13.54,53.241,236.58,Whole Year,Temperate,110.00000000000001
Argentina,Rice,2017,1891.76,23.92,55.755,51.48,Kharif,Subtropical,110.00000000000001
China,Sugarcane,2009,935.79,26.51,52.465,745.5,Whole Year,Tropical,110.00000000000001
Brazil,Maize,2008,1512.25,17.51,2.803,55.27,Kharif,Temperate,110.00000000000001
Australia,Barley,2017,2095.57,24.85,20.82,17.07,Rabi,Subtropical,110.00000000000001
India,Soybean,2009,2089.29,22.99,25.732,14.81,Whole Year,Subtropical,110.00000000000001
Australia,Wheat,2014,1348.23,25.45,52.24,28.28,Rabi,Subtropical,110.00000000000001
China,Potato,2010,583.81,25.49,4.079,204.36,Whole Year,Subtropical,110.00000000000001
India,Sugarcane,2010,1843.81,27.68,0.918,556.05,Whole Year,Tropical,110.00000000000001
India,Rice,2017,487.74,27.85,29.711,24.36,Rabi,Tropical,110.00000000000001
Australia,Cotton,2015,1226.82,25.77,27.786,24.82,Kharif,Subtropical,110.00000000000001
China,Maize,2016,2025.98,31.97,52.86,40.03,Kharif,Tropical,110.00000000000001
USA,Cotton,2014,1637.35,21.01,35.376,21.56,Kharif,Subtropical,110.00000000000001
Australia,Wheat,2012,1563.27,23.28,23.361,24.23,Rabi,Subtropical,110.00000000000001
Argentina,Sugarcane,2001,706.39,12.44,20.219,470.16,Whole Year,Temperate,110.00000000000001
Australia,Potato,2004,1347.73,13.09,34.43,193.33,Whole Year,Temperate,110.00000000000001
Australia,Barley,2007,1556.94,16.99,31.707,29.19,Rabi,Temperate,110.00000000000001
India,Barley,2015,2015.48,21.06,17.245,13.69,Rabi,Subtropical,110.00000000000001
Argentina,Wheat,2005,2131.55,17.92,9.874,20.75,Rabi,Temperate,110.00000000000001
Brazil,Soybean,2001,1476.61,27.09,39.259,26.2,Whole Year,Tropical,110.00000000000001
Brazil,Sugarcane,2022,1267.4,22.51,7.642,934.13,Whole Year,Subtropical,110.00000000000001
China,Soybean,2018,797.24,24.97,1.491,37.16,Whole Year,Subtropical,110.00000000000001
Australia,Wheat,2019,1943.7,13.28,59.58,28.73,Rabi,Temperate,110.00000000000001
India,Barley,2006,656.83,14.8,30.436,26.91,Rabi,Temperate,110.00000000000001
India,Cotton,2022,476.38,25.0,29.08,18.61,Rabi,Subtropical,110.00000000000001
Argentina,Potato,2023,661.87,30.3,52.923,172.32,Whole Year,Tropical,110.00000000000001
USA,Maize,2004,1781.93,21.89,66.918,47.0,Kharif,Subtropical,110.00000000000001
Argentina,Barley,2013,1154.41,20.43,26.615,39.98,Rabi,Subtropical,110.00000000000001
USA,Potato,2010,1987.53,15.23,12.222,142.47,Whole Year,Temperate,110.00000000000001
India,Rice,2014,1543.09,16.74,37.147,36.64,Kharif,Temperate,110.00000000000001
Argentina,Rice,2015,1053.72,15.38,29.97,40.68,Kharif,Temperate,110.00000000000001
Argentina,Potato,2016,1445.02,18.59,50.364,240.45,Whole Year,Subtropical,110.00000000000001
India,Potato,2001,866.89,26.71,23.435,139.58,Whole Year,Tropical,110.00000000000001
USA,Cotton,2010,693.63,12.28,29.597,21.38,Rabi,Temperate,110.00000000000001
India,Maize,2013,1086.77,31.46,0.239,47.82,Kharif,Tropical,110.00000000000001
China,Barley,2023,1419.25,14.57,22.226,28.89,Rabi,Temperate,110.00000000000001
India,Cotton,2020,1382.79,13.51,12.172,9.13,Kharif,Temperate,110.00000000000001
India,Barley,2015,1725.27,16.86,21.412,26.47,Rabi,Temperate,110.00000000000001
India,Barley,2000,1177.37,24.01,0.314,20.79,Rabi,Subtropical,110.00000000000001
Australia,Potato,2006,1135.39,15.26,33.389,186.13,Whole Year,Temperate,110.00000000000001
USA,Barley,2004,454.98,13.82,5.199,34.52,Rabi,Temperate,110.00000000000001
India,Wheat,2014,1726.56,29.94,13.722,11.67,Rabi,Tropical,110.00000000000001
Argentina,Rice,2017,613.91,20.3,16.305,25.21,Rabi,Subtropical,110.00000000000001
Brazil,Cotton,2013,957.34,12.78,40.841,16.32,Kharif,Temperate,110.00000000000001
China,Maize,2007,1362.62,27.55,33.41,47.86,Kharif,Tropical,110.00000000000001
Australia,Barley,2021,422.91,30.03,34.103,37.16,Rabi,Tropical,110.00000000000001
Brazil,Sugarcane,2008,1664.93,18.4,17.592,768.19,Whole Year,Subtropical,110.00000000000001
India,Barley,2006,1498.55,31.92,25.311,18.79,Rabi,Tropical,110.00000000000001
India,Wheat,2011,1069.33,26.48,21.249,23.7,Rabi,Tropical,110.00000000000001
Brazil,Rice,2016,1261.7,15.55,48.191,39.49,Kharif,Temperate,110.00000000000001
USA,Sugarcane,2003,1423.05,13.07,34.408,638.82,Whole Year,Temperate,110.00000000000001
Argentina,Soybean,2001,2014.38,30.23,56.242,20.17,Whole Year,Tropical,110.00000000000001
India,Soybean,2017,635.49,14.74,32.842,24.32,Whole Year,Temperate,110.00000000000001
China,Rice,2016,1197.86,19.38,38.513,53.81,Kharif,Subtropical,110.00000000000001
Argentina,Rice,2014,1477.27,14.76,15.516,38.53,Kharif,Temperate,110.00000000000001
India,Potato,2004,1678.19,29.7,21.841,104.4,Whole Year,Tropical,110.00000000000001
Australia,Wheat,2007,1097.0,15.77,13.925,43.78,Rabi,Temperate,110.00000000000001
China,Maize,2001,1091.23,24.47,25.302,58.62,Kharif,Subtropical,110.00000000000001
Argentina,Potato,2011,1432.62,31.56,51.967,134.35,Whole Year,Tropical,110.00000000000001
USA,Barley,2007,1791.28,26.33,41.238,32.99,Rabi,Tropical,110.00000000000001
India,Rice,2016,2001.2,17.63,14.795,28.12,Kharif,Temperate,110.00000000000001
India,Wheat,2010,458.13,20.92,23.117,27.28,Rabi,Subtropical,110.00000000000001
USA,Potato,2016,926.33,29.33,22.912,205.96,Whole Year,Tropical,110.00000000000001
USA,Soybean,2019,818.18,17.59,65.6,35.31,Whole Year,Temperate,110.00000000000001
Brazil,Barley,2015,2078.23,31.63,44.808,15.17,Rabi,Tropical,110.00000000000001
Argentina,Wheat,2023,1017.75,22.6,9.294,41.44,Rabi,Subtropical,110.00000000000001
Brazil,Maize,2011,1093.73,19.15,0.055,68.53,Kharif,Subtropical,110.00000000000001
USA,Rice,2001,1387.83,17.39,67.453,52.47,Kharif,Temperate,110.00000000000001
India,Barley,2021,1921.45,12.19,9.36,19.47,Rabi,Temperate,110.00000000000001
China,Rice,2021,795.59,25.84,11.593,32.83,Rabi,Subtropical,110.00000000000001
Brazil,Cotton,2012,924.64,30.5,30.353,30.33,Kharif,Tropical,110.00000000000001
Brazil,Sugarcane,2017,1974.24,13.0,28.177,503.47,Whole Year,Temperate,110.00000000000001
Australia,Potato,2018,1168.95,14.2,27.896,220.91,Whole Year,Temperate,110.00000000000001
China,Maize,2010,2197.89,15.91,35.102,31.89,Kharif,Temperate,110.00000000000001
Brazil,Potato,2010,1474.51,12.21,48.389,146.9,Whole Year,Temperate,110.00000000000001
Australia,Cotton,2011,1649.6,13.39,46.572,13.64,Kharif,Temperate,110.00000000000001
India,Wheat,2006,664.34,15.72,13.949,30.13,Rabi,Temperate,110.00000000000001
Brazil,Wheat,2022,548.95,23.82,26.504,40.17,Rabi,Subtropical,110.00000000000001
India,Wheat,2019,1630.25,25.32,11.578,16.17,Rabi,Subtropical,110.00000000000001
USA,Barley,2008,806.55,26.38,33.081,46.62,Rabi,Tropical,110.00000000000001
India,Barley,2022,999.29,15.84,30.411,31.1,Rabi,Temperate,110.00000000000001
Australia,Cotton,2011,852.98,29.94,35.089,30.96,Kharif,Tropical,110.00000000000001
India,Cotton,2008,1175.79,26.52,29.469,15.6,Kharif,Tropical,110.00000000000001
Brazil,Cotton,2007,1660.55,31.97,19.724,20.14,Kharif,Tropical,110.00000000000001
Argentina,Soybean,2003,691.86,14.07,16.155,26.25,Whole Year,Temperate,110.00000000000001
Australia,Potato,2021,1742.44,15.46,37.866,154.57,Whole Year,Temperate,110.00000000000001
USA,Soybean,2008,693.64,21.14,54.046,35.4,Whole Year,Subtropical,110.00000000000001
China,Potato,2014,1210.85,15.83,53.0,216.02,Whole Year,Temperate,110.00000000000001
Brazil,Potato,2005,580.31,30.22,27.925,157.66,Whole Year,Tropical,110.00000000000001
China,Cotton,2001,1129.95,16.54,14.047,20.46,Kharif,Temperate,110.00000000000001
Argentina,Wheat,2022,1069.18,23.45,54.023,39.38,Rabi,Subtropical,110.00000000000001
Brazil,Barley,2001,663.1,17.94,26.53,40.98,Rabi,Temperate,110.00000000000001
Argentina,Soybean,2021,1632.41,20.97,51.782,34.89,Whole Year,Subtropical,110.00000000000001
Brazil,Cotton,2022,1802.53,21.79,48.669,18.01,Kharif,Subtropical,110.00000000000001
India,Soybean,2021,407.2,18.25,8.838,21.47,Whole Year,Subtropical,110.00000000000001
Argentina,Sugarcane,2014,765.27,20.57,41.754,647.21,Whole Year,Subtropical,110.00000000000001
Brazil,Rice,2015,868.98,24.33,50.778,33.85,Kharif,Subtropical,110.00000000000001
USA,Sugarcane,2021,1020.88,28.47,42.41,1296.62,Whole Year,Tropical,110.00000000000001
Brazil,Rice,2021,2149.58,30.91,20.549,51.79,Kharif,Tropical,110.00000000000001
China,Cotton,2023,859.36,24.01,39.38,28.66,Kharif,Subtropical,110.00000000000001
USA,Potato,2005,2160.12,20.54,26.442,138.09,Whole Year,Subtropical,110.00000000000001
Brazil,Sugarcane,2004,991.66,14.43,25.644,358.46,Whole Year,Temperate,110.00000000000001
Brazil,Soybean,2012,1175.01,21.15,27.48,32.71,Whole Year,Subtropical,110.00000000000001
USA,Wheat,2020,992.54,20.21,58.324,47.77,Rabi,Subtropical,110.00000000000001
USA,Rice,2010,495.53,27.35,44.95,42.92,Rabi,Tropical,110.00000000000001
India,Rice,2008,1186.64,19.86,21.237,30.28,Kharif,Subtropical,110.00000000000001
Brazil,Rice,2020,851.89,15.26,21.921,24.19,Kharif,Temperate,110.00000000000001
Brazil,Cotton,2007,614.16,14.25,4.412,17.63,Rabi,Temperate,110.00000000000001
China,Rice,2012,2134.39,15.16,3.017,30.11,Kharif,Temperate,110.00000000000001
India,Sugarcane,2016,781.68,22.43,27.574,427.96,Whole Year,Subtropical,110.00000000000001
USA,Wheat,2020,1615.93,17.92,23.682,36.58,Rabi,Temperate,110.00000000000001
Australia,Potato,2023,860.48,13.12,56.939,230.05,Whole Year,Temperate,110.00000000000001
USA,Potato,2013,2179.31,26.2,35.126,133.66,Whole Year,Tropical,110.00000000000001
China,Cotton,2009,1493.75,21.06,32.905,15.75,Kharif,Subtropical,110.00000000000001
China,Rice,2021,1441.21,20.53,4.156,58.04,Kharif,Subtropical,110.00000000000001
Brazil,Rice,2011,1295.06,13.21,33.377,38.96,Kharif,Temperate,110.00000000000001
China,Cotton,2002,1520.69,15.76,12.592,10.84,Kharif,Temperate,110.00000000000001
India,Sugarcane,2016,1474.82,16.95,32.784,592.86,Whole Year,Temperate,110.00000000000001
Australia,Potato,2004,1284.66,15.92,62.234,250.0,Whole Year,Temperate,110.00000000000001
Argentina,Wheat,2023,969.7,27.51,55.82,35.68,Rabi,Tropical,110.00000000000001
Argentina,Sugarcane,2000,1113.84,30.77,30.624,750.12,Whole Year,Tropical,110.00000000000001
Brazil,Sugarcane,2010,2085.82,15.76,29.249,440.63,Whole Year,Temperate,110.00000000000001
China,Rice,2013,1378.82,31.43,18.325,43.16,Kharif,Tropical,110.00000000000001
China,Potato,2006,1999.39,31.81,32.693,122.24,Whole Year,Tropical,110.00000000000001
Brazil,Soybean,2015,790.84,23.78,23.983,39.44,Whole Year,Subtropical,110.00000000000001
Argentina,Sugarcane,2012,1106.24,16.82,3.876,613.61,Whole Year,Temperate,110.00000000000001
China,Sugarcane,2016,992.87,23.58,34.636,782.47,Whole Year,Subtropical,110.00000000000001
USA,Soybean,2010,2080.41,16.18,67.133,23.57,Whole Year,Temperate,110.00000000000001
USA,Barley,2017,606.91,13.69,56.756,46.52,Rabi,Temperate,110.00000000000001
Argentina,Rice,2015,1181.2,17.21,10.358,32.4,Kharif,Temperate,110.00000000000001
China,Sugarcane,2017,2109.94,26.28,5.931,597.67,Whole Year,Tropical,110.00000000000001
India,Sugarcane,2017,845.05,28.51,13.272,482.43,Whole Year,Tropical,110.00000000000001
USA,Potato,2002,679.17,12.3,46.591,164.83,Whole Year,Temperate,110.00000000000001
India,Soybean,2006,886.96,24.57,38.99,22.31,Whole Year,Subtropical,110.00000000000001
Australia,Rice,2002,660.73,26.79,50.237,51.03,Rabi,Tropical,110.00000000000001
USA,Potato,2015,1671.81,29.4,52.972,190.96,Whole Year,Tropical,110.00000000000001
China,Cotton,2018,866.86,13.72,15.734,15.2,Kharif,Temperate,110.00000000000001
Brazil,Cotton,2010,713.29,15.5,34.436,17.04,Rabi,Temperate,110.00000000000001
China,Potato,2001,513.67,23.87,54.787,182.51,Whole Year,Subtropical,110.00000000000001
Argentina,Sugarcane,2004,1757.56,16.78,44.257,764.63,Whole Year,Temperate,110.00000000000001
China,Soybean,2021,1631.45,14.1,30.072,22.94,Whole Year,Temperate,110.00000000000001
China,Soybean,2005,2160.58,28.46,25.061,14.65,Whole Year,Tropical,110.00000000000001
Brazil,Cotton,2003,816.55,27.39,7.447,23.31,Kharif,Tropical,110.00000000000001
China,Rice,2008,1490.39,14.56,57.298,47.32,Kharif,Temperate,110.00000000000001
Argentina,Barley,2010,1303.83,22.44,11.646,38.09,Rabi,Subtropical,110.00000000000001
Australia,Soybean,2020,2147.66,23.04,16.767,16.24,Whole Year,Subtropical,110.00000000000001
Brazil,Soybean,2018,952.06,29.16,33.242,24.68,Whole Year,Tropical,110.00000000000001
India,Maize,2003,436.29,16.87,3.825,35.14,Rabi,Temperate,110.00000000000001
USA,Rice,2011,1749.97,17.91,51.165,54.41,Kharif,Temperate,110.00000000000001
Australia,Soybean,2003,1821.58,16.73,59.3,22.57,Whole Year,Temperate,110.00000000000001
Brazil,Rice,2018,1924.24,13.16,0.352,24.54,Kharif,Temperate,110.00000000000001
China,Maize,2013,1197.98,15.45,41.975,50.47,Kharif,Temperate,110.00000000000001
Argentina,Potato,2021,1327.15,27.44,38.267,228.56,Whole Year,Tropical,110.00000000000001
Argentina,Rice,2009,1590.73,19.84,4.185,38.19,Kharif,Subtropical,110.00000000000001
India,Potato,2007,909.08,15.81,1.136,180.9,Whole Year,Temperate,110.00000000000001
Argentina,Potato,2017,987.69,25.46,31.848,238.48,Whole Year,Subtropical,110.00000000000001
Brazil,Rice,2007,669.85,16.67,36.611,27.45,Rabi,Temperate,110.00000000000001
Australia,Wheat,2008,625.36,27.11,44.502,27.9,Rabi,Tropical,110.00000000000001
Australia,Sugarcane,2013,509.47,17.56,62.468,427.07,Whole Year,Temperate,110.00000000000001
India,Potato,2017,941.17,17.21,37.859,161.05,Whole Year,Temperate,110.00000000000001
Argentina,Potato,2003,1819.51,31.9,48.192,137.77,Whole Year,Tropical,110.00000000000001
USA,Potato,2002,658.57,30.26,45.154,206.78,Whole Year,Tropical,110.00000000000001
China,Barley,2017,972.33,14.32,54.622,42.12,Rabi,Temperate,110.00000000000001
Argentina,Rice,2010,1155.97,15.06,28.166,39.9,Kharif,Temperate,110.00000000000001
Argentina,Maize,2022,766.4,16.37,40.16,65.42,Rabi,Temperate,110.00000000000001
Australia,Rice,2004,834.2,27.92,5.263,43.6,Kharif,Tropical,110.00000000000001
Australia,Cotton,2015,921.49,19.39,35.273,31.86,Kharif,Subtropical,110.00000000000001
USA,Soybean,2019,1137.21,24.63,38.944,37.43,Whole Year,Subtropical,110.00000000000001
India,Maize,2000,747.21,30.12,2.272,33.55,Rabi,Tropical,110.00000000000001
USA,Rice,2005,1620.85,29.69,51.797,67.5,Kharif,Tropical,110.00000000000001
Australia,Wheat,2006,2079.32,28.61,31.207,19.31,Rabi,Tropical,110.00000000000001
Australia,Soybean,2019,995.76,21.24,4.883,34.48,Whole Year,Subtropical,110.00000000000001
Brazil,Rice,2014,2033.89,14.67,49.037,30.65,Kharif,Temperate,110.00000000000001
Argentina,Potato,2016,912.43,25.37,18.619,195.07,Whole Year,Subtropical,110.00000000000001
USA,Cotton,2009,1278.08,30.11,35.158,34.5,Kharif,Tropical,110.00000000000001
Argentina,Potato,2006,979.03,28.09,10.431,205.81,Whole Year,Tropical,110.00000000000001
Brazil,Maize,2019,548.78,24.7,11.909,49.02,Rabi,Subtropical,110.00000000000001
China,Wheat,2012,540.21,13.12,13.415,33.41,Rabi,Temperate,110.00000000000001
Argentina,Soybean,2010,2163.64,19.37,41.725,19.97,Whole Year,Subtropical,110.00000000000001
Australia,Sugarcane,2018,1558.36,19.87,32.846,927.91,Whole Year,Subtropical,110.00000000000001
Argentina,Wheat,2010,775.02,24.15,45.538,35.83,Rabi,Subtropical,110.00000000000001
Australia,Wheat,2017,1460.49,23.67,2.269,26.24,Rabi,Subtropical,110.00000000000001
China,Barley,2001,1185.49,20.31,51.069,35.65,Rabi,Subtropical,110.00000000000001
USA,Maize,2008,1356.71,14.88,55.69,71.28,Kharif,Temperate,110.00000000000001
India,Soybean,2014,1597.47,19.44,34.253,19.01,Whole Year,Subtropical,110.00000000000001
USA,Wheat,2000,2172.92,30.06,35.685,16.68,Rabi,Tropical,110.00000000000001
Brazil,Maize,2006,1961.88,17.68,43.065,41.25,Kharif,Temperate,110.00000000000001
China,Potato,2010,797.27,12.95,13.841,171.53,Whole Year,Temperate,110.00000000000001
Brazil,Barley,2022,908.18,15.64,32.044,48.51,Rabi,Temperate,110.00000000000001
Argentina,Soybean,2007,1952.21,24.44,49.038,22.47,Whole Year,Subtropical,110.00000000000001
Brazil,Barley,2011,734.11,28.48,9.911,27.9,Rabi,Tropical,110.00000000000001
Argentina,Potato,2016,1888.97,27.38,16.898,108.96,Whole Year,Tropical,110.00000000000001
China,Soybean,2021,1523.24,30.55,22.025,18.65,Whole Year,Tropical,110.00000000000001
USA,Sugarcane,2006,1802.45,24.11,16.38,887.83,Whole Year,Subtropical,110.00000000000001
China,Potato,2005,406.2,30.35,17.53,133.07,Whole Year,Tropical,110.00000000000001
Brazil,Soybean,2019,1538.1,17.09,47.39,25.13,Whole Year,Temperate,110.00000000000001
Argentina,Potato,2017,1958.37,22.45,55.636,135.09,Whole Year,Subtropical,110.00000000000001
USA,Maize,2013,1037.32,21.28,22.145,80.64,Kharif,Subtropical,110.00000000000001
Argentina,Wheat,2009,655.59,29.12,6.55,29.36,Rabi,Tropical,110.00000000000001
China,Potato,2015,814.33,30.1,36.794,182.39,Whole Year,Tropical,110.00000000000001
Argentina,Maize,2008,578.37,29.23,50.23,64.9,Rabi,Tropical,110.00000000000001
China,Barley,2001,2040.79,18.52,9.009,24.59,Rabi,Subtropical,110.00000000000001
Brazil,Sugarcane,2010,1918.65,17.87,36.017,464.91,Whole Year,Temperate,110.00000000000001
Australia,Maize,2020,1266.6,31.81,27.948,70.03,Kharif,Tropical,110.00000000000001
Brazil,Wheat,2017,854.44,17.58,52.202,40.82,Rabi,Temperate,110.00000000000001
Australia,Sugarcane,2016,1658.69,14.57,61.557,800.15,Whole Year,Temperate,110.00000000000001
Brazil,Barley,2005,1241.05,15.82,28.632,32.51,Rabi,Temperate,110.00000000000001
Australia,Sugarcane,2016,1496.32,16.37,40.698,934.63,Whole Year,Temperate,110.00000000000001
Argentina,Barley,2010,403.29,18.81,48.792,37.72,Rabi,Subtropical,110.00000000000001
India,Rice,2017,2048.54,30.46,6.208,35.95,Kharif,Tropical,110.00000000000001
USA,Rice,2014,602.99,30.94,35.79,38.98,Rabi,Tropical,110.00000000000001
Brazil,Cotton,2005,1478.88,16.66,14.521,17.05,Kharif,Temperate,110.00000000000001
China,Soybean,2005,1122.26,15.82,25.985,32.32,Whole Year,Temperate,110.00000000000001
India,Maize,2019,641.07,27.21,39.772,48.97,Rabi,Tropical,110.00000000000001
Brazil,Sugarcane,2002,1020.89,25.46,14.969,496.0,Whole Year,Subtropical,110.00000000000001
USA,Wheat,2022,1402.22,23.63,57.8,36.09,Rabi,Subtropical,110.00000000000001
Australia,Wheat,2011,940.95,17.9,22.571,47.88,Rabi,Temperate,110.00000000000001
USA,Potato,2013,1569.64,28.94,21.098,192.34,Whole Year,Tropical,110.00000000000001
China,Sugarcane,2003,890.05,29.24,2.105,629.66,Whole Year,Tropical,110.00000000000001
Brazil,Barley,2019,1784.5,21.72,41.798,24.57,Rabi,Subtropical,110.00000000000001
Australia,Wheat,2019,2053.63,23.53,44.149,22.76,Rabi,Subtropical,110.00000000000001
Australia,Rice,2013,1494.08,22.03,39.001,49.4,Kharif,Subtropical,110.00000000000001
Australia,Barley,2013,2003.99,18.43,25.375,32.75,Rabi,Subtropical,110.00000000000001
Argentina,Soybean,2009,1783.59,23.04,24.818,24.78,Whole Year,Subtropical,110.00000000000001
Australia,Barley,2017,413.36,30.26,25.524,29.06,Rabi,Tropical,110.00000000000001
Australia,Maize,2019,933.76,28.68,10.364,54.68,Kharif,Tropical,110.00000000000001
Argentina,Maize,2007,768.93,27.49,47.983,57.66,Rabi,Tropical,110.00000000000001
India,Barley,2013,1992.23,27.48,3.169,16.59,Rabi,Tropical,110.00000000000001
China,Potato,2001,1616.47,24.5,35.812,135.65,Whole Year,Subtropical,110.00000000000001
Brazil,Cotton,2013,1986.78,25.14,16.253,14.32,Kharif,Subtropical,110.00000000000001
Argentina,Cotton,2020,2163.4,14.37,15.511,12.54,Kharif,Temperate,110.00000000000001
Australia,Cotton,2016,436.68,28.88,58.018,24.59,Rabi,Tropical,110.00000000000001
Brazil,Wheat,2012,1851.95,23.72,33.349,18.86,Rabi,Subtropical,110.00000000000001
USA,Barley,2004,1817.42,21.02,7.894,27.38,Rabi,Subtropical,110.00000000000001
Australia,Soybean,2015,598.52,27.6,55.087,39.47,Whole Year,Tropical,110.00000000000001
Australia,Soybean,2001,523.31,23.91,45.171,37.68,Whole Year,Subtropical,110.00000000000001
Argentina,Soybean,2016,1485.21,17.79,25.977,26.52,Whole Year,Temperate,110.00000000000001
USA,Maize,2000,1167.38,26.25,43.582,58.4,Kharif,Tropical,110.00000000000001
Australia,Soybean,2008,452.3,22.43,29.445,28.29,Whole Year,Subtropical,110.00000000000001
Australia,Barley,2013,1137.87,18.25,56.942,61.25,Rabi,Subtropical,110.00000000000001
China,Maize,2010,2192.4,22.57,48.303,32.82,Kharif,Subtropical,110.00000000000001
India,Barley,2003,1292.86,16.92,24.735,25.47,Rabi,Temperate,110.00000000000001
Australia,Soybean,2001,590.99,19.74,28.666,32.08,Whole Year,Subtropical,110.00000000000001
Australia,Barley,2004,1553.24,13.25,60.296,25.75,Rabi,Temperate,110.00000000000001
USA,Wheat,2010,465.59,12.07,49.128,40.26,Rabi,Temperate,110.00000000000001
India,Wheat,2006,480.76,23.24,17.399,24.45,Rabi,Subtropical,110.00000000000001
China,Soybean,2019,1035.74,31.77,41.092,26.32,Whole Year,Tropical,110.00000000000001
Brazil,Barley,2009,930.83,30.11,24.277,27.02,Rabi,Tropical,110.00000000000001
Argentina,Maize,2019,1410.79,13.12,36.413,54.97,Kharif,Temperate,110.00000000000001
Argentina,Potato,2008,1809.26,25.46,29.846,172.52,Whole Year,Subtropical,110.00000000000001
Argentina,Sugarcane,2002,1005.03,16.47,27.13,664.79,Whole Year,Temperate,110.00000000000001
USA,Rice,2016,526.6,21.67,50.09,33.54,Rabi,Subtropical,110.00000000000001
China,Soybean,2017,1626.8,13.71,10.271,19.37,Whole Year,Temperate,110.00000000000001
Argentina,Potato,2021,819.32,29.34,9.697,235.71,Whole Year,Tropical,110.00000000000001
USA,Rice,2001,1107.29,26.03,1.115,40.51,Kharif,Tropical,110.00000000000001
Australia,Sugarcane,2004,1055.55,22.01,56.571,822.9,Whole Year,Subtropical,110.00000000000001
India,Soybean,2000,1432.72,18.43,10.92,17.8,Whole Year,Subtropical,110.00000000000001
USA,Soybean,2009,1487.07,25.87,26.285,22.0,Whole Year,Subtropical,110.00000000000001
Brazil,Potato,2002,2108.48,30.87,44.838,106.42,Whole Year,Tropical,110.00000000000001
China,Rice,2002,1763.8,17.78,15.191,32.76,Kharif,Temperate,110.00000000000001
Brazil,Cotton,2019,567.78,18.68,19.302,15.08,Rabi,Subtropical,110.00000000000001
India,Barley,2009,1777.73,13.63,1.717,16.94,Rabi,Temperate,110.00000000000001
China,Sugarcane,2015,1560.97,19.49,11.975,848.27,Whole Year,Subtropical,110.00000000000001
Australia,Cotton,2013,709.85,26.83,47.073,37.62,Rabi,Tropical,110.00000000000001
India,Soybean,2015,789.13,18.2,41.083,28.79,Whole Year,Subtropical,110.00000000000001
India,Rice,2021,1522.85,19.54,3.303,33.45,Kharif,Subtropical,110.00000000000001
India,Soybean,2009,1535.29,23.92,2.756,15.54,Whole Year,Subtropical,110.00000000000001
China,Wheat,2004,471.39,17.45,23.042,32.46,Rabi,Temperate,110.00000000000001
USA,Potato,2010,1589.0,23.64,57.21,240.66,Whole Year,Subtropical,110.00000000000001
USA,Soybean,2003,998.09,30.95,57.045,39.49,Whole Year,Tropical,110.00000000000001
China,Soybean,2008,498.24,23.32,52.891,27.13,Whole Year,Subtropical,110.00000000000001
India,Maize,2001,552.46,24.01,5.764,39.9,Rabi,Subtropical,110.00000000000001
China,Sugarcane,2008,1168.97,23.55,17.107,753.36,Whole Year,Subtropical,110.00000000000001
USA,Cotton,2007,1738.77,14.19,27.332,16.8,Kharif,Temperate,110.00000000000001
USA,Barley,2012,1015.39,31.15,14.139,26.4,Rabi,Tropical,110.00000000000001
Brazil,Sugarcane,2021,817.57,31.69,27.625,833.08,Whole Year,Tropical,110.00000000000001
USA,Soybean,2003,2087.29,12.26,49.001,15.65,Whole Year,Temperate,110.00000000000001
Brazil,Cotton,2006,978.25,12.3,40.141,18.16,Kharif,Temperate,110.00000000000001
China,Rice,2005,2168.7,18.24,10.71,29.12,Kharif,Subtropical,110.00000000000001
India,Cotton,2016,1407.89,17.84,31.562,13.57,Kharif,Temperate,110.00000000000001
Brazil,Potato,2021,1040.69,12.84,15.346,169.86,Whole Year,Temperate,110.00000000000001
Brazil,Wheat,2019,1204.99,19.61,6.637,43.25,Rabi,Subtropical,110.00000000000001
India,Barley,2010,1257.46,24.99,13.873,18.23,Rabi,Subtropical,110.00000000000001
Brazil,Soybean,2015,728.22,22.55,0.469,24.8,Whole Year,Subtropical,110.00000000000001
Brazil,Rice,2003,2009.37,13.15,9.299,29.27,Kharif,Temperate,110.00000000000001
India,Cotton,2018,1309.94,27.47,4.403,21.43,Kharif,Tropical,110.00000000000001
Brazil,Cotton,2015,967.36,26.42,43.03,34.14,Kharif,Tropical,110.00000000000001
India,Sugarcane,2023,1611.77,22.92,15.909,535.02,Whole Year,Subtropical,110.00000000000001
USA,Sugarcane,2012,626.47,21.89,32.727,612.09,Whole Year,Subtropical,110.00000000000001
India,Sugarcane,2010,1211.6,23.17,0.117,499.76,Whole Year,Subtropical,110.00000000000001
Australia,Wheat,2004,1742.46,13.69,46.31,29.64,Rabi,Temperate,110.00000000000001
USA,Soybean,2014,607.29,17.0,55.122,35.01,Whole Year,Temperate,110.00000000000001
Australia,Wheat,2015,907.33,23.78,62.089,52.56,Rabi,Subtropical,110.00000000000001
China,Barley,2018,1662.47,16.17,23.322,29.65,Rabi,Temperate,110.00000000000001
Argentina,Cotton,2021,1360.93,25.06,12.174,28.97,Kharif,Subtropical,110.00000000000001
Brazil,Sugarcane,2017,2117.54,30.81,44.612,627.41,Whole Year,Tropical,110.00000000000001
India,Soybean,2014,1599.72,20.23,29.048,16.28,Whole Year,Subtropical,110.00000000000001
USA,Potato,2019,1327.76,21.32,59.548,310.68,Whole Year,Subtropical,110.00000000000001
USA,Soybean,2023,2111.8,24.92,45.736,18.41,Whole Year,Subtropical,110.00000000000001
Argentina,Potato,2016,833.64,27.77,40.543,208.64,Whole Year,Tropical,110.00000000000001
USA,Potato,2003,1472.5,12.27,21.937,201.78,Whole Year,Temperate,110.00000000000001
Argentina,Maize,2012,850.24,18.29,37.704,83.93,Kharif,Subtropical,110.00000000000001
Australia,Rice,2019,1063.04,31.25,0.927,58.87,Kharif,Tropical,110.00000000000001
China,Sugarcane,2021,1898.96,25.43,10.117,982.15,Whole Year,Subtropical,110.00000000000001
India,Rice,2013,480.81,25.84,34.804,30.71,Rabi,Subtropical,110.00000000000001
Australia,Potato,2015,927.7,27.78,55.337,278.44,Whole Year,Tropical,110.00000000000001
Brazil,Maize,2013,1224.17,22.15,5.768,47.51,Kharif,Subtropical,110.00000000000001
India,Barley,2007,998.03,20.74,40.702,29.19,Rabi,Subtropical,110.00000000000001
Brazil,Barley,2013,826.31,18.45,50.706,54.87,Rabi,Subtropical,110.00000000000001
India,Potato,2019,487.3,17.68,26.738,158.09,Whole Year,Temperate,110.00000000000001
USA,Maize,2001,1886.47,28.72,55.996,37.57,Kharif,Tropical,110.00000000000001
China,Potato,2022,1553.74,28.31,43.276,210.62,Whole Year,Tropical,110.00000000000001
China,Sugarcane,2022,1100.8,23.86,29.659,1023.35,Whole Year,Subtropical,110.00000000000001
Australia,Rice,2010,2155.6,31.77,49.681,48.59,Kharif,Tropical,110.00000000000001
USA,Soybean,2001,1652.12,30.89,21.367,19.29,Whole Year,Tropical,110.00000000000001
Brazil,Cotton,2019,2147.04,19.9,49.565,15.47,Kharif,Subtropical,110.00000000000001
Australia,Wheat,2006,1269.18,24.54,31.523,39.78,Rabi,Subtropical,110.00000000000001
India,Maize,2003,2150.19,25.44,17.834,19.78,Kharif,Subtropical,110.00000000000001
China,Cotton,2009,1680.03,20.36,3.81,13.83,Kharif,Subtropical,110.00000000000001
India,Potato,2008,2043.46,13.57,35.072,84.1,Whole Year,Temperate,110.00000000000001
USA,Cotton,2016,1484.97,24.95,35.273,26.07,Kharif,Subtropical,110.00000000000001
Argentina,Barley,2004,671.74,28.47,18.82,29.74,Rabi,Tropical,110.00000000000001
Brazil,Potato,2009,1266.06,27.78,4.043,143.46,Whole Year,Tropical,110.00000000000001
China,Cotton,2020,534.56,12.86,9.002,17.05,Rabi,Temperate,110.00000000000001
India,Wheat,2015,529.48,15.93,12.751,27.0,Rabi,Temperate,110.00000000000001
Australia,Soybean,2007,2066.68,26.33,60.81,15.14,Whole Year,Tropical,110.00000000000001
Argentina,Maize,2022,1923.21,28.36,23.764,44.98,Kharif,Tropical,110.00000000000001
China,Rice,2015,881.37,25.62,56.459,53.77,Kharif,Subtropical,110.00000000000001
Brazil,Rice,2014,743.89,22.17,11.204,38.15,Rabi,Subtropical,110.00000000000001
India,Wheat,2010,2175.25,32.0,36.955,11.79,Rabi,Tropical,110.00000000000001
Argentina,Barley,2006,1967.51,12.4,3.344,26.45,Rabi,Temperate,110.00000000000001
Australia,Barley,2006,1239.6,23.52,34.435,45.63,Rabi,Subtropical,110.00000000000001
Australia,Soybean,2012,975.68,20.76,29.401,33.19,Whole Year,Subtropical,110.00000000000001
Brazil,Wheat,2021,1545.58,19.04,17.371,32.73,Rabi,Subtropical,110.00000000000001
Argentina,Wheat,2015,1993.39,14.79,39.815,27.84,Rabi,Temperate,110.00000000000001
Argentina,Barley,2008,1578.96,13.22,26.204,36.85,Rabi,Temperate,110.00000000000001
Argentina,Potato,2010,1487.22,17.18,50.198,159.18,Whole Year,Temperate,110.00000000000001
India,Potato,2011,1238.68,25.33,28.527,129.74,Whole Year,Subtropical,110.00000000000001
Argentina,Sugarcane,2010,2040.83,12.2,46.95,401.01,Whole Year,Temperate,110.00000000000001
Brazil,Wheat,2003,1134.48,22.22,49.37,32.14,Rabi,Subtropical,110.00000000000001
China,Wheat,2004,1594.57,22.43,9.305,25.39,Rabi,Subtropical,110.00000000000001
Australia,Rice,2019,424.01,31.98,36.349,30.48,Rabi,Tropical,110.00000000000001
Brazil,Maize,2020,907.21,24.51,22.614,63.36,Kharif,Subtropical,110.00000000000001
USA,Potato,2018,1275.29,17.52,26.85,215.15,Whole Year,Temperate,110.00000000000001
Brazil,Potato,2010,2107.09,12.27,24.22,103.27,Whole Year,Temperate,110.00000000000001
Brazil,Potato,2014,2149.93,24.31,9.039,87.38,Whole Year,Subtropical,110.00000000000001
China,Wheat,2017,653.89,23.5,34.702,38.63,Rabi,Subtropical,110.00000000000001
India,Barley,2011,491.71,21.95,14.13,26.92,Rabi,Subtropical,110.00000000000001
Brazil,Cotton,2011,802.79,22.7,30.939,26.02,Kharif,Subtropical,110.00000000000001
India,Sugarcane,2000,517.42,13.56,31.577,218.26,Whole Year,Temperate,110.00000000000001
Argentina,Cotton,2001,1223.18,16.31,51.966,19.33,Kharif,Temperate,110.00000000000001
India,Barley,2001,674.74,18.95,17.517,33.81,Rabi,Subtropical,110.00000000000001
Australia,Soybean,2001,1666.81,20.24,19.201,19.54,Whole Year,Subtropical,110.00000000000001
USA,Maize,2018,857.96,30.15,42.982,75.29,Kharif,Tropical,110.00000000000001
Argentina,Wheat,2012,2080.53,18.21,21.628,22.98,Rabi,Subtropical,110.00000000000001
Australia,Cotton,2002,742.58,29.43,47.347,31.37,Rabi,Tropical,110.00000000000001
China,Maize,2017,833.33,14.38,23.546,62.14,Kharif,Temperate,110.00000000000001
China,Rice,2018,1659.27,26.44,9.921,41.71,Kharif,Tropical,110.00000000000001
USA,Sugarcane,2023,1670.8,28.2,41.211,987.34,Whole Year,Tropical,110.00000000000001
India,Potato,2002,2128.03,21.13,24.242,86.81,Whole Year,Subtropical,110.00000000000001
Brazil,Wheat,2023,1620.99,17.01,52.461,31.91,Rabi,Temperate,110.00000000000001
Australia,Sugarcane,2004,1586.61,18.24,16.609,573.36,Whole Year,Subtropical,110.00000000000001
Brazil,Wheat,2001,764.07,25.8,0.59,24.42,Rabi,Subtropical,110.00000000000001
USA,Cotton,2013,1102.71,12.23,23.783,19.32,Kharif,Temperate,110.00000000000001
Argentina,Maize,2021,725.57,15.7,9.803,74.71,Rabi,Temperate,110.00000000000001
Australia,Maize,2020,1470.5,22.3,9.783,82.2,Kharif,Subtropical,110.00000000000001
India,Wheat,2008,1319.99,31.58,5.283,15.09,Rabi,Tropical,110.00000000000001
USA,Cotton,2002,1109.69,25.98,5.93,29.47,Kharif,Subtropical,110.00000000000001
Argentina,Soybean,2013,1660.58,26.06,32.909,19.25,Whole Year,Tropical,110.00000000000001
Argentina,Cotton,2000,1259.67,30.13,0.135,18.91,Kharif,Tropical,110.00000000000001
Argentina,Wheat,2018,1681.1,24.13,50.746,25.88,Rabi,Subtropical,110.00000000000001
USA,Rice,2023,1111.02,13.91,17.346,50.41,Kharif,Temperate,110.00000000000001
India,Cotton,2008,741.26,28.14,11.715,17.49,Rabi,Tropical,110.00000000000001
India,Barley,2002,1140.41,22.07,34.617,30.92,Rabi,Subtropical,110.00000000000001
Brazil,Barley,2010,671.04,14.11,45.394,29.31,Rabi,Temperate,110.00000000000001
Argentina,Soybean,2000,1394.34,29.5,59.362,25.6,Whole Year,Tropical,110.00000000000001
China,Cotton,2007,1832.14,27.34,11.809,16.96,Kharif,Tropical,110.00000000000001
Australia,Soybean,2002,966.78,19.17,60.327,39.23,Whole Year,Subtropical,110.00000000000001
Argentina,Potato,2008,1675.85,31.12,37.499,122.39,Whole Year,Tropical,110.00000000000001
USA,Cotton,2005,424.41,22.97,10.711,20.02,Rabi,Subtropical,110.00000000000001
China,Cotton,2013,1393.93,23.72,17.391,22.34,Kharif,Subtropical,110.00000000000001
Australia,Potato,2015,1909.2,23.15,12.089,177.67,Whole Year,Subtropical,110.00000000000001
Argentina,Cotton,2000,1483.76,23.3,8.958,15.3,Kharif,Subtropical,110.00000000000001
USA,Wheat,2006,1974.91,23.15,22.349,21.89,Rabi,Subtropical,110.00000000000001
Australia,Wheat,2019,1006.68,22.96,48.345,47.09,Rabi,Subtropical,110.00000000000001
Brazil,Rice,2008,884.72,20.34,47.443,32.02,Kharif,Subtropical,110.00000000000001
China,Cotton,2021,780.54,26.9,37.16,36.24,Rabi,Tropical,110.00000000000001
Australia,Potato,2005,550.56,23.31,34.493,216.35,Whole Year,Subtropical,110.00000000000001
Argentina,Wheat,2002,1336.32,16.34,44.61,26.47,Rabi,Temperate,110.00000000000001
Argentina,Rice,2002,1341.52,30.26,1.342,51.99,Kharif,Tropical,110.00000000000001
India,Sugarcane,2022,1701.36,22.62,31.05,512.55,Whole Year,Subtropical,110.00000000000001
Brazil,Cotton,2020,2150.72,29.14,40.33,18.27,Kharif,Tropical,110.00000000000001
Australia,Cotton,2002,837.51,23.44,50.175,30.69,Kharif,Subtropical,110.00000000000001
Australia,Rice,2008,651.35,16.21,46.355,25.63,Rabi,Temperate,110.00000000000001
Argentina,Rice,2020,1493.37,15.2,46.713,42.69,Kharif,Temperate,110.00000000000001
Australia,Cotton,2008,606.64,29.39,37.465,32.03,Rabi,Tropical,110.00000000000001
USA,Sugarcane,2015,985.93,17.35,36.757,831.8,Whole Year,Temperate,110.00000000000001
Australia,Barley,2015,700.08,23.53,56.052,50.79,Rabi,Subtropical,110.00000000000001
Australia,Sugarcane,2010,2028.41,13.81,54.364,549.17,Whole Year,Temperate,110.00000000000001
Argentina,Wheat,2018,744.41,17.13,7.491,45.44,Rabi,Temperate,110.00000000000001
Australia,Maize,2002,1544.13,25.25,46.666,62.27,Kharif,Subtropical,110.00000000000001
Argentina,Wheat,2016,1930.27,16.94,10.516,29.89,Rabi,Temperate,110.00000000000001
USA,Soybean,2011,1168.88,12.5,4.454,29.31,Whole Year,Temperate,110.00000000000001
Argentina,Wheat,2018,1312.16,18.37,15.401,28.71,Rabi,Subtropical,110.00000000000001
India,Soybean,2015,2189.22,14.78,23.772,12.08,Whole Year,Temperate,110.00000000000001
Australia,Cotton,2003,842.36,23.45,59.598,31.32,Kharif,Subtropical,110.00000000000001
USA,Sugarcane,2002,1706.56,31.04,49.825,1075.4,Whole Year,Tropical,110.00000000000001
China,Cotton,2020,1145.77,17.34,11.419,23.34,Kharif,Temperate,110.00000000000001
India,Rice,2001,1897.76,17.25,37.601,28.42,Kharif,Temperate,110.00000000000001
China,Maize,2005,1771.49,15.84,18.117,31.87,Kharif,Temperate,110.00000000000001
India,Rice,2009,1268.06,15.97,5.976,21.43,Kharif,Temperate,110.00000000000001
Argentina,Cotton,2020,2149.09,14.94,45.981,8.83,Kharif,Temperate,110.00000000000001
Australia,Soybean,2009,774.41,24.86,38.566,40.2,Whole Year,Subtropical,110.00000000000001
Brazil,Barley,2011,716.97,30.38,6.083,32.21,Rabi,Tropical,110.00000000000001
USA,Cotton,2022,1453.19,31.77,39.671,23.35,Kharif,Tropical,110.00000000000001
Brazil,Rice,2023,1943.33,28.01,48.852,49.63,Kharif,Tropical,110.00000000000001
USA,Potato,2022,1409.08,19.11,38.398,220.28,Whole Year,Subtropical,110.00000000000001
USA,Cotton,2019,621.2,18.44,57.509,24.88,Rabi,Subtropical,110.00000000000001
USA,Soybean,2008,873.67,25.46,12.024,28.76,Whole Year,Subtropical,110.00000000000001
India,Potato,2004,1953.95,15.48,0.816,89.3,Whole Year,Temperate,110.00000000000001
China,Rice,2018,1114.55,20.68,42.447,51.57,Kharif,Subtropical,110.00000000000001
India,Rice,2015,2168.06,31.0,36.216,30.94,Kharif,Tropical,110.00000000000001
China,Soybean,2017,1567.27,23.67,10.55,26.74,Whole Year,Subtropical,110.00000000000001
India,Barley,2009,2011.58,23.56,27.891,14.55,Rabi,Subtropical,110.00000000000001
Australia,Barley,2023,2157.23,27.45,59.776,26.92,Rabi,Tropical,110.00000000000001
USA,Rice,2004,488.29,28.75,33.052,45.88,Rabi,Tropical,110.00000000000001
Brazil,Rice,2022,1342.55,29.4,0.477,58.25,Kharif,Tropical,110.00000000000001
India,Cotton,2014,967.97,19.1,1.975,11.98,Kharif,Subtropical,110.00000000000001
China,Potato,2007,674.63,27.17,38.26,184.69,Whole Year,Tropical,110.00000000000001
India,Sugarcane,2002,412.28,24.56,34.438,379.68,Whole Year,Subtropical,110.00000000000001
Argentina,Sugarcane,2004,589.71,17.42,4.011,330.93,Whole Year,Temperate,110.00000000000001
China,Wheat,2003,738.39,16.2,38.482,44.57,Rabi,Temperate,110.00000000000001
India,Potato,2023,794.37,31.68,36.009,118.51,Whole Year,Tropical,110.00000000000001
Brazil,Cotton,2010,1196.09,21.52,34.264,21.84,Kharif,Subtropical,110.00000000000001
Brazil,Sugarcane,2006,556.72,21.79,0.546,562.13,Whole Year,Subtropical,110.00000000000001
Brazil,Maize,2023,689.01,27.33,3.239,70.71,Rabi,Tropical,110.00000000000001
Brazil,Soybean,2015,1048.16,21.54,33.254,36.33,Whole Year,Subtropical,110.00000000000001
Brazil,Soybean,2000,2003.65,13.63,25.644,15.88,Whole Year,Temperate,110.00000000000001
Argentina,Barley,2007,1875.48,25.22,0.776,18.66,Rabi,Subtropical,110.00000000000001
India,Potato,2019,608.19,26.62,7.553,189.85,Whole Year,Tropical,110.00000000000001
Brazil,Soybean,2015,1081.99,15.99,53.409,29.96,Whole Year,Temperate,110.00000000000001
China,Wheat,2000,433.12,14.71,20.986,23.26,Rabi,Temperate,110.00000000000001
USA,Cotton,2003,1794.5,27.05,60.835,19.85,Kharif,Tropical,110.00000000000001
Argentina,Barley,2020,1704.76,20.03,1.976,27.95,Rabi,Subtropical,110.00000000000001
Australia,Cotton,2014,1986.09,15.63,45.205,16.2,Kharif,Temperate,110.00000000000001
Brazil,Maize,2022,996.75,15.5,42.266,63.46,Kharif,Temperate,110.00000000000001
Argentina,Rice,2004,1815.06,16.69,26.136,46.07,Kharif,Temperate,110.00000000000001
China,Cotton,2002,1250.47,31.39,31.471,21.38,Kharif,Tropical,110.00000000000001
Argentina,Potato,2011,1245.41,25.82,23.908,160.5,Whole Year,Subtropical,110.00000000000001
Argentina,Sugarcane,2021,1393.74,17.85,59.044,772.36,Whole Year,Temperate,110.00000000000001
Australia,Wheat,2002,929.64,21.53,61.991,43.9,Rabi,Subtropical,110.00000000000001
Argentina,Rice,2005,1062.24,12.33,50.371,36.17,Kharif,Temperate,110.00000000000001
India,Cotton,2020,1378.8,29.99,33.212,13.93,Kharif,Tropical,110.00000000000001
Brazil,Barley,2017,2195.5,27.49,22.237,17.56,Rabi,Tropical,110.00000000000001
Australia,Rice,2000,1673.97,20.98,0.757,43.67,Kharif,Subtropical,110.00000000000001
Argentina,Rice,2017,1854.36,17.06,32.365,41.93,Kharif,Temperate,110.00000000000001
USA,Soybean,2005,2101.66,26.59,37.675,19.93,Whole Year,Tropical,110.00000000000001
Brazil,Potato,2002,923.34,28.14,6.251,210.37,Whole Year,Tropical,110.00000000000001
Australia,Rice,2015,2026.75,22.78,1.977,52.73,Kharif,Subtropical,110.00000000000001
Argentina,Rice,2018,1477.08,20.6,27.92,63.68,Kharif,Subtropical,110.00000000000001
India,Potato,2020,404.91,18.28,6.265,122.16,Whole Year,Subtropical,110.00000000000001
Brazil,Soybean,2019,1068.52,24.12,35.573,31.34,Whole Year,Subtropical,110.00000000000001
Brazil,Sugarcane,2001,1471.02,31.97,51.946,628.46,Whole Year,Tropical,110.00000000000001
Australia,Barley,2009,958.72,21.42,14.635,54.03,Rabi,Subtropical,110.00000000000001
Brazil,Rice,2019,842.63,18.44,16.961,31.05,Kharif,Subtropical,110.00000000000001
Australia,Maize,2006,2154.98,25.86,25.392,34.49,Kharif,Subtropical,110.00000000000001
India,Barley,2005,751.05,27.87,29.914,26.99,Rabi,Tropical,110.00000000000001
Argentina,Cotton,2012,901.45,17.2,56.075,23.92,Kharif,Temperate,110.00000000000001
Argentina,Barley,2003,1969.42,28.94,54.02,19.16,Rabi,Tropical,110.00000000000001
China,Soybean,2001,725.49,12.44,12.848,24.06,Whole Year,Temperate,110.00000000000001
India,Cotton,2006,1337.94,31.81,21.642,12.46,Kharif,Tropical,110.00000000000001
Argentina,Rice,2011,866.55,25.97,45.491,53.87,Kharif,Subtropical,110.00000000000001
China,Cotton,2013,1547.82,31.16,24.425,25.2,Kharif,Tropical,110.00000000000001
India,Sugarcane,2010,1421.57,30.45,26.659,549.42,Whole Year,Tropical,110.00000000000001
Brazil,Cotton,2008,1660.51,29.26,9.928,21.8,Kharif,Tropical,110.00000000000001
USA,Potato,2006,1943.98,25.21,49.612,130.64,Whole Year,Subtropical,110.00000000000001
USA,Soybean,2022,402.22,28.85,34.162,30.28,Whole Year,Tropical,110.00000000000001
China,Wheat,2010,1575.17,18.4,13.982,27.38,Rabi,Subtropical,110.00000000000001
India,Rice,2020,1432.99,16.87,18.719,30.84,Kharif,Temperate,110.00000000000001
India,Maize,2000,1716.32,30.55,31.876,27.37,Kharif,Tropical,110.00000000000001
Argentina,Cotton,2014,535.56,26.38,17.511,19.45,Rabi,Tropical,110.00000000000001
Australia,Potato,2002,2155.29,16.27,10.566,101.39,Whole Year,Temperate,110.00000000000001
Argentina,Maize,2014,1780.62,16.2,29.377,36.56,Kharif,Temperate,110.00000000000001
Argentina,Sugarcane,2004,594.74,28.33,46.294,605.42,Whole Year,Tropical,110.00000000000001
Argentina,Barley,2003,543.56,14.76,22.343,43.38,Rabi,Temperate,110.00000000000001
India,Cotton,2002,1497.46,30.16,24.749,12.14,Kharif,Tropical,110.00000000000001
USA,Sugarcane,2013,1658.63,31.71,5.076,927.5,Whole Year,Tropical,110.00000000000001
USA,Potato,2006,1852.26,31.33,30.685,161.21,Whole Year,Tropical,110.00000000000001
India,Wheat,2023,836.92,24.16,41.223,36.44,Rabi,Subtropical,110.00000000000001
Argentina,Wheat,2013,1159.61,17.32,26.445,46.67,Rabi,Temperate,110.00000000000001
Australia,Potato,2006,1420.16,17.14,32.1,215.83,Whole Year,Temperate,110.00000000000001
Argentina,Cotton,2023,1447.66,30.93,53.279,29.08,Kharif,Tropical,110.00000000000001
Brazil,Soybean,2002,1909.37,15.63,33.309,15.88,Whole Year,Temperate,110.00000000000001
Australia,Maize,2004,1809.22,28.7,58.93,44.4,Kharif,Tropical,110.00000000000001
China,Soybean,2019,1225.21,22.07,19.105,24.92,Whole Year,Subtropical,110.00000000000001
Brazil,Barley,2014,1074.06,23.31,43.846,37.15,Rabi,Subtropical,110.00000000000001
China,Rice,2023,1740.22,20.38,27.944,55.22,Kharif,Subtropical,110.00000000000001
China,Sugarcane,2008,1383.03,19.5,12.817,831.51,Whole Year,Subtropical,110.00000000000001
Brazil,Wheat,2015,1626.3,31.72,51.842,22.97,Rabi,Tropical,110.00000000000001
Argentina,Potato,2014,1091.52,23.7,43.512,272.34,Whole Year,Subtropical,110.00000000000001
USA,Cotton,2011,658.73,15.25,10.991,24.43,Rabi,Temperate,110.00000000000001
India,Wheat,2003,820.43,21.37,38.928,28.26,Rabi,Subtropical,110.00000000000001
USA,Cotton,2009,2056.8,20.54,39.622,14.99,Kharif,Subtropical,110.00000000000001
India,Potato,2006,628.04,15.36,39.115,138.66,Whole Year,Temperate,110.00000000000001
Argentina,Soybean,2015,690.18,18.08,51.621,28.75,Whole Year,Subtropical,110.00000000000001
India,Maize,2017,512.19,19.57,3.645,52.96,Rabi,Subtropical,110.00000000000001
USA,Rice,2009,2006.1,24.34,35.592,46.9,Kharif,Subtropical,110.00000000000001
India,Cotton,2000,1204.41,30.21,20.895,16.42,Kharif,Tropical,110.00000000000001
USA,Barley,2000,2084.02,17.23,27.913,31.02,Rabi,Temperate,110.00000000000001
Argentina,Maize,2019,823.11,23.18,23.115,78.18,Kharif,Subtropical,110.00000000000001
China,Potato,2010,2015.61,24.2,28.65,150.26,Whole Year,Subtropical,110.00000000000001
Argentina,Soybean,2007,1196.3,28.05,55.631,36.07,Whole Year,Tropical,110.00000000000001
India,Wheat,2021,2132.63,28.25,35.58,9.88,Rabi,Tropical,110.00000000000001
India,Rice,2004,443.18,23.18,6.844,17.2,Rabi,Subtropical,110.00000000000001
Brazil,Maize,2023,893.9,14.64,51.972,56.68,Kharif,Temperate,110.00000000000001
Australia,Maize,2017,953.85,16.2,10.807,75.73,Kharif,Temperate,110.00000000000001
China,Barley,2017,627.35,19.43,33.918,46.95,Rabi,Subtropical,110.00000000000001
USA,Sugarcane,2004,1795.59,21.11,42.53,935.04,Whole Year,Subtropical,110.00000000000001
Argentina,Rice,2000,1367.66,17.36,17.193,30.27,Kharif,Temperate,110.00000000000001
Argentina,Potato,2009,1656.54,19.92,7.567,168.02,Whole Year,Subtropical,110.00000000000001
Brazil,Sugarcane,2009,2084.11,16.55,22.508,422.81,Whole Year,Temperate,110.00000000000001
Argentina,Maize,2007,1851.79,12.08,11.843,35.17,Kharif,Temperate,110.00000000000001
USA,Soybean,2001,1013.33,12.95,58.426,25.97,Whole Year,Temperate,110.00000000000001
Argentina,Wheat,2014,1023.61,28.91,42.646,39.27,Rabi,Tropical,110.00000000000001
Argentina,Wheat,2017,1184.2,15.56,4.764,34.71,Rabi,Temperate,110.00000000000001
USA,Wheat,2008,1585.31,14.32,26.147,34.29,Rabi,Temperate,110.00000000000001
Australia,Potato,2002,547.28,14.52,52.24,210.95,Whole Year,Temperate,110.00000000000001
Australia,Cotton,2018,1212.18,31.08,29.73,30.71,Kharif,Tropical,110.00000000000001
Brazil,Cotton,2019,1736.28,29.6,51.928,15.68,Kharif,Tropical,110.00000000000001
USA,Maize,2004,855.25,26.84,3.687,75.01,Kharif,Tropical,110.00000000000001
Australia,Maize,2011,1056.68,22.51,7.338,71.24,Kharif,Subtropical,110.00000000000001
China,Potato,2013,1688.4,27.22,9.555,125.86,Whole Year,Tropical,110.00000000000001
India,Rice,2019,889.61,27.92,22.972,39.84,Kharif,Tropical,110.00000000000001
USA,Sugarcane,2008,1813.48,13.7,39.337,771.69,Whole Year,Temperate,110.00000000000001
China,Cotton,2016,2090.49,12.87,35.335,11.09,Kharif,Temperate,110.00000000000001
Argentina,Cotton,2022,1812.84,19.69,6.427,17.95,Kharif,Subtropical,110.00000000000001
Brazil,Potato,2005,576.52,22.76,44.941,184.13,Whole Year,Subtropical,110.00000000000001
India,Soybean,2023,989.87,30.46,37.55,25.03,Whole Year,Tropical,110.00000000000001
Brazil,Sugarcane,2012,1429.77,17.95,54.841,815.92,Whole Year,Temperate,110.00000000000001
Argentina,Sugarcane,2008,1148.5,29.77,28.95,980.02,Whole Year,Tropical,110.00000000000001
China,Sugarcane,2013,1277.96,27.08,49.895,901.61,Whole Year,Tropical,110.00000000000001
Brazil,Maize,2021,2046.85,25.75,40.547,36.74,Kharif,Subtropical,110.00000000000001
China,Potato,2023,766.87,28.94,16.174,247.84,Whole Year,Tropical,110.00000000000001
China,Potato,2005,565.1,24.5,13.721,225.56,Whole Year,Subtropical,110.00000000000001
India,Barley,2015,1566.72,20.65,26.692,19.75,Rabi,Subtropical,110.00000000000001
Argentina,Rice,2006,410.15,20.31,26.209,31.72,Rabi,Subtropical,110.00000000000001
China,Wheat,2000,751.52,24.73,33.097,32.19,Rabi,Subtropical,110.00000000000001
Argentina,Maize,2019,1738.76,28.66,0.877,40.7,Kharif,Tropical,110.00000000000001
Argentina,Cotton,2009,1786.99,31.6,57.068,22.78,Kharif,Tropical,110.00000000000001
India,Maize,2017,473.96,19.79,27.479,41.83,Rabi,Subtropical,110.00000000000001
USA,Maize,2021,509.08,30.36,11.584,52.08,Rabi,Tropical,110.00000000000001
Argentina,Barley,2008,2051.44,29.91,54.525,21.54,Rabi,Tropical,110.00000000000001
Australia,Sugarcane,2017,1211.3,24.0,32.829,899.65,Whole Year,Subtropical,110.00000000000001
Argentina,Maize,2016,1759.99,25.49,27.959,52.94,Kharif,Subtropical,110.00000000000001
India,Potato,2021,2074.8,17.65,12.259,81.74,Whole Year,Temperate,110.00000000000001
Australia,Soybean,2010,1868.35,13.23,15.442,21.51,Whole Year,Temperate,110.00000000000001
Argentina,Maize,2014,2154.43,12.29,57.641,39.03,Kharif,Temperate,110.00000000000001
Argentina,Barley,2021,1589.31,16.86,56.326,29.75,Rabi,Temperate,110.00000000000001
India,Potato,2004,1278.51,15.27,21.017,121.45,Whole Year,Temperate,110.00000000000001
Argentina,Rice,2009,2157.29,24.49,9.111,30.79,Kharif,Subtropical,110.00000000000001
China,Maize,2004,942.1,16.9,37.385,66.3,Kharif,Temperate,110.00000000000001
Brazil,Wheat,2006,1751.37,22.12,49.648,25.47,Rabi,Subtropical,110.00000000000001
China,Sugarcane,2018,1559.69,23.35,29.629,696.48,Whole Year,Subtropical,110.00000000000001
USA,Soybean,2008,2183.89,23.48,46.818,22.71,Whole Year,Subtropical,110.00000000000001
Australia,Potato,2021,1585.87,21.52,19.864,199.29,Whole Year,Subtropical,110.00000000000001
Australia,Potato,2011,495.73,30.0,45.326,247.1,Whole Year,Tropical,110.00000000000001
Brazil,Rice,2005,1485.5,21.06,12.242,48.8,Kharif,Subtropical,110.00000000000001
Brazil,Maize,2023,1424.19,17.47,33.867,49.32,Kharif,Temperate,110.00000000000001
China,Soybean,2022,2002.71,29.23,20.838,16.59,Whole Year,Tropical,110.00000000000001
USA,Maize,2010,2088.38,25.07,65.507,49.58,Kharif,Subtropical,110.00000000000001
China,Soybean,2019,2135.24,12.44,44.201,18.85,Whole Year,Temperate,110.00000000000001
Australia,Wheat,2014,1454.89,16.46,60.011,41.84,Rabi,Temperate,110.00000000000001
India,Maize,2003,811.46,20.61,28.804,42.51,Kharif,Subtropical,110.00000000000001
Argentina,Sugarcane,2006,635.03,26.3,40.838,811.31,Whole Year,Tropical,110.00000000000001
USA,Soybean,2013,1833.34,30.09,45.566,20.06,Whole Year,Tropical,110.00000000000001
Australia,Soybean,2017,1657.44,29.74,14.425,24.64,Whole Year,Tropical,110.00000000000001
China,Soybean,2013,985.59,20.43,6.298,28.23,Whole Year,Subtropical,110.00000000000001
Argentina,Barley,2004,1516.99,25.32,46.91,25.07,Rabi,Subtropical,110.00000000000001
China,Wheat,2023,634.63,18.41,11.14,42.03,Rabi,Subtropical,110.00000000000001
China,Barley,2007,1025.78,27.72,12.861,35.84,Rabi,Tropical,110.00000000000001
USA,Maize,2008,1525.22,27.96,4.624,45.98,Kharif,Tropical,110.00000000000001
India,Sugarcane,2019,585.43,23.24,25.221,511.12,Whole Year,Subtropical,110.00000000000001
Australia,Maize,2017,1500.41,26.73,20.825,63.87,Kharif,Tropical,110.00000000000001
Argentina,Sugarcane,2010,1542.9,21.62,43.243,1084.65,Whole Year,Subtropical,110.00000000000001
India,Cotton,2008,1578.73,17.6,33.885,11.21,Kharif,Temperate,110.00000000000001
Argentina,Maize,2022,1176.87,26.86,30.086,79.54,Kharif,Tropical,110.00000000000001
USA,Maize,2001,1345.1,22.91,18.96,65.16,Kharif,Subtropical,110.00000000000001
Australia,Soybean,2013,421.38,14.33,57.738,32.72,Whole Year,Temperate,110.00000000000001
Australia,Soybean,2003,1187.62,16.71,61.516,31.27,Whole Year,Temperate,110.00000000000001
Argentina,Cotton,2002,1003.83,25.97,28.422,26.37,Kharif,Subtropical,110.00000000000001
China,Barley,2012,1768.38,18.51,25.328,26.82,Rabi,Subtropical,110.00000000000001
USA,Maize,2010,816.1,31.59,33.548,84.06,Kharif,Tropical,110.00000000000001
USA,Cotton,2014,1175.36,27.16,46.287,25.84,Kharif,Tropical,110.00000000000001
USA,Wheat,2007,1443.7,31.93,18.765,27.76,Rabi,Tropical,110.00000000000001
India,Potato,2003,1088.9,21.87,0.697,123.95,Whole Year,Subtropical,110.00000000000001
India,Wheat,2011,1680.0,27.49,0.022,15.57,Rabi,Tropical,110.00000000000001
China,Rice,2014,675.23,25.33,15.299,34.68,Rabi,Subtropical,110.00000000000001
Argentina,Rice,2007,569.44,28.91,3.393,36.9,Rabi,Tropical,110.00000000000001
Argentina,Cotton,2011,1642.47,13.22,51.44,16.64,Kharif,Temperate,110.00000000000001
India,Barley,2022,1835.19,13.22,37.778,26.34,Rabi,Temperate,110.00000000000001
Argentina,Wheat,2016,1646.58,17.85,31.309,32.8,Rabi,Temperate,110.00000000000001
India,Cotton,2012,1595.02,20.7,2.536,12.0,Kharif,Subtropical,110.00000000000001
China,Sugarcane,2007,1029.96,16.62,56.705,499.26,Whole Year,Temperate,110.00000000000001
Argentina,Wheat,2020,802.22,16.94,38.38,35.99,Rabi,Temperate,110.00000000000001
Argentina,Soybean,2021,1756.89,29.63,10.291,19.07,Whole Year,Tropical,110.00000000000001
USA,Barley,2002,1727.36,21.94,3.104,30.35,Rabi,Subtropical,110.00000000000001
China,Soybean,2004,902.8,25.5,44.766,38.55,Whole Year,Subtropical,110.00000000000001
China,Cotton,2004,858.64,20.55,51.833,23.06,Kharif,Subtropical,110.00000000000001
China,Cotton,2013,1631.81,22.82,54.877,22.24,Kharif,Subtropical,110.00000000000001
USA,Wheat,2015,1137.2,27.9,3.015,31.72,Rabi,Tropical,110.00000000000001
India,Sugarcane,2000,1687.44,26.71,42.369,716.05,Whole Year,Tropical,110.00000000000001
China,Barley,2017,1059.79,15.92,14.289,36.18,Rabi,Temperate,110.00000000000001
China,Sugarcane,2023,469.64,27.92,3.699,738.72,Whole Year,Tropical,110.00000000000001
Brazil,Sugarcane,2016,1099.23,23.75,31.799,770.38,Whole Year,Subtropical,110.00000000000001
Argentina,Potato,2009,428.57,27.74,18.688,190.59,Whole Year,Tropical,110.00000000000001
Australia,Maize,2022,1704.96,27.79,5.578,52.08,Kharif,Tropical,110.00000000000001
USA,Cotton,2007,705.08,12.02,58.671,21.62,Rabi,Temperate,110.00000000000001
India,Sugarcane,2001,1152.59,18.75,2.913,410.46,Whole Year,Subtropical,110.00000000000001
India,Rice,2021,992.41,27.42,38.95,45.24,Kharif,Tropical,110.00000000000001
Brazil,Barley,2006,1654.86,27.02,54.054,18.66,Rabi,Tropical,110.00000000000001
China,Soybean,2012,1990.92,28.84,54.383,18.4,Whole Year,Tropical,110.00000000000001
China,Sugarcane,2014,1380.35,20.71,25.947,755.5,Whole Year,Subtropical,110.00000000000001
Argentina,Maize,2023,1298.15,27.52,18.834,68.83,Kharif,Tropical,110.00000000000001
USA,Soybean,2018,839.49,30.36,31.878,33.15,Whole Year,Tropical,110.00000000000001
Australia,Wheat,2007,1612.58,20.67,20.264,33.22,Rabi,Subtropical,110.00000000000001
Australia,Maize,2017,1710.18,20.28,20.3,65.67,Kharif,Subtropical,110.00000000000001
China,Rice,2020,416.31,27.85,16.391,26.63,Rabi,Tropical,110.00000000000001
USA,Barley,2012,1434.52,24.37,63.058,32.98,Rabi,Subtropical,110.00000000000001
China,Barley,2015,1833.78,20.98,9.403,21.33,Rabi,Subtropical,110.00000000000001
Argentina,Cotton,2010,1576.22,21.42,8.609,17.82,Kharif,Subtropical,110.00000000000001
China,Wheat,2009,1641.56,23.88,43.044,21.64,Rabi,Subtropical,110.00000000000001
India,Rice,2000,578.53,23.11,22.55,17.56,Rabi,Subtropical,110.00000000000001
India,Sugarcane,2014,1091.12,25.16,3.97,621.8,Whole Year,Subtropical,110.00000000000001
India,Cotton,2003,1595.46,13.97,41.303,11.72,Kharif,Temperate,110.00000000000001
USA,Wheat,2020,1842.52,22.8,10.588,27.8,Rabi,Subtropical,110.00000000000001
USA,Rice,2014,1404.87,26.28,2.035,55.96,Kharif,Tropical,110.00000000000001
USA,Barley,2004,712.76,14.19,34.826,45.67,Rabi,Temperate,110.00000000000001
China,Potato,2001,704.12,18.53,17.425,159.64,Whole Year,Subtropical,110.00000000000001
Brazil,Soybean,2022,1541.28,19.22,36.735,27.33,Whole Year,Subtropical,110.00000000000001
Australia,Cotton,2007,1616.8,25.92,45.56,23.53,Kharif,Subtropical,110.00000000000001
India,Rice,2003,1274.91,24.0,39.719,30.66,Kharif,Subtropical,110.00000000000001
Brazil,Maize,2012,2194.3,27.58,33.688,25.75,Kharif,Tropical,110.00000000000001
USA,Wheat,2022,1989.73,26.16,16.277,28.33,Rabi,Tropical,110.00000000000001
Argentina,Wheat,2023,2164.86,12.07,7.213,20.17,Rabi,Temperate,110.00000000000001
Argentina,Maize,2000,1586.72,30.51,58.155,39.51,Kharif,Tropical,110.00000000000001
India,Sugarcane,2019,1387.79,21.32,30.818,741.88,Whole Year,Subtropical,110.00000000000001
Argentina,Wheat,2003,1606.36,30.29,20.889,18.22,Rabi,Tropical,110.00000000000001
Argentina,Sugarcane,2004,1169.86,26.47,49.768,1045.69,Whole Year,Tropical,110.00000000000001
Australia,Wheat,2003,607.82,22.72,31.971,30.52,Rabi,Subtropical,110.00000000000001
India,Wheat,2009,1598.43,13.33,37.229,24.74,Rabi,Temperate,110.00000000000001
USA,Maize,2002,636.6,27.95,8.043,58.96,Rabi,Tropical,110.00000000000001
Brazil,Rice,2015,842.9,16.52,46.761,29.44,Kharif,Temperate,110.00000000000001
China,Wheat,2020,2130.38,16.89,14.228,26.67,Rabi,Temperate,110.00000000000001
Brazil,Maize,2023,786.79,17.68,3.414,58.53,Rabi,Temperate,110.00000000000001
Argentina,Maize,2017,930.4,13.8,12.386,72.7,Kharif,Temperate,110.00000000000001
USA,Sugarcane,2012,1522.39,15.82,27.324,832.92,Whole Year,Temperate,110.00000000000001
Brazil,Rice,2005,884.54,30.52,15.936,35.89,Kharif,Tropical,110.00000000000001
India,Cotton,2009,1677.24,27.27,31.014,16.95,Kharif,Tropical,110.00000000000001
Australia,Cotton,2018,1089.56,31.09,4.501,25.89,Kharif,Tropical,110.00000000000001
USA,Cotton,2016,1875.78,14.53,45.349,11.34,Kharif,Temperate,110.00000000000001
USA,Barley,2011,898.71,16.29,61.75,64.28,Rabi,Temperate,110.00000000000001
Australia,Rice,2015,1341.84,15.68,17.58,42.98,Kharif,Temperate,110.00000000000001
Brazil,Sugarcane,2015,1987.03,25.21,6.689,789.81,Whole Year,Subtropical,110.00000000000001
China,Cotton,2001,921.19,23.15,34.598,29.79,Kharif,Subtropical,110.00000000000001
China,Rice,2015,414.93,14.6,11.483,23.53,Rabi,Temperate,110.00000000000001
China,Soybean,2008,1684.67,25.25,0.361,17.11,Whole Year,Subtropical,110.00000000000001
Brazil,Wheat,2008,1788.97,26.78,4.504,17.24,Rabi,Tropical,110.00000000000001
Argentina,Barley,2003,1433.68,13.79,53.405,42.3,Rabi,Temperate,110.00000000000001
India,Maize,2008,1915.49,22.8,13.741,31.24,Kharif,Subtropical,110.00000000000001
Argentina,Potato,2018,1882.39,29.87,2.896,110.85,Whole Year,Tropical,110.00000000000001
USA,Barley,2014,1273.85,27.98,64.205,46.5,Rabi,Tropical,110.00000000000001
Brazil,Sugarcane,2019,815.25,20.06,47.915,473.56,Whole Year,Subtropical,110.00000000000001
Argentina,Cotton,2014,1383.29,13.24,52.855,13.89,Kharif,Temperate,110.00000000000001
USA,Soybean,2013,638.84,15.15,47.33,39.59,Whole Year,Temperate,110.00000000000001
India,Cotton,2013,1467.23,27.21,25.811,17.62,Kharif,Tropical,110.00000000000001
China,Soybean,2004,569.26,17.64,36.379,23.22,Whole Year,Temperate,110.00000000000001
USA,Wheat,2001,1903.43,22.27,49.347,19.87,Rabi,Subtropical,110.00000000000001
Australia,Rice,2014,804.14,17.32,5.845,34.14,Kharif,Temperate,110.00000000000001
China,Cotton,2001,703.76,28.76,50.392,26.49,Rabi,Tropical,110.00000000000001
China,Soybean,2014,1963.38,13.92,0.758,15.62,Whole Year,Temperate,110.00000000000001
India,Barley,2008,790.3,29.3,36.437,29.05,Rabi,Tropical,110.00000000000001
Brazil,Rice,2021,1262.5,22.73,30.021,43.63,Kharif,Subtropical,110.00000000000001
USA,Cotton,2013,768.25,12.24,23.647,15.87,Rabi,Temperate,110.00000000000001
Brazil,Soybean,2022,875.13,19.33,2.66,34.98,Whole Year,Subtropical,110.00000000000001
Argentina,Cotton,2011,2147.78,22.99,10.95,15.13,Kharif,Subtropical,110.00000000000001
Brazil,Cotton,2010,769.57,26.11,3.678,23.58,Rabi,Tropical,110.00000000000001
Brazil,Maize,2001,1433.84,16.44,22.185,56.89,Kharif,Temperate,110.00000000000001
Argentina,Wheat,2022,469.61,18.38,47.557,38.54,Rabi,Subtropical,110.00000000000001
USA,Cotton,2019,1313.25,21.62,22.969,21.28,Kharif,Subtropical,110.00000000000001
Australia,Cotton,2019,1674.48,13.4,58.048,14.66,Kharif,Temperate,110.00000000000001
China,Potato,2012,2016.31,15.35,36.036,140.48,Whole Year,Temperate,110.00000000000001
USA,Barley,2010,790.19,18.09,67.331,61.38,Rabi,Subtropical,110.00000000000001
USA,Potato,2020,1730.27,21.26,40.334,211.09,Whole Year,Subtropical,110.00000000000001
China,Cotton,2005,2164.97,21.92,46.639,13.5,Kharif,Subtropical,110.00000000000001
China,Rice,2010,1223.44,26.75,9.068,43.63,Kharif,Tropical,110.00000000000001
Argentina,Rice,2000,2066.21,16.65,31.805,29.77,Kharif,Temperate,110.00000000000001
Brazil,Wheat,2018,1547.94,21.54,51.401,27.45,Rabi,Subtropical,110.00000000000001
China,Maize,2014,675.85,23.55,47.123,61.44,Rabi,Subtropical,110.00000000000001
USA,Maize,2010,414.69,26.68,8.85,53.15,Rabi,Tropical,110.00000000000001
USA,Barley,2020,1836.72,14.65,67.106,33.5,Rabi,Temperate,110.00000000000001
USA,Wheat,2019,796.67,16.48,63.137,51.34,Rabi,Temperate,110.00000000000001
USA,Soybean,2000,1459.96,15.73,33.653,24.18,Whole Year,Temperate,110.00000000000001
Brazil,Cotton,2019,1224.88,26.43,23.834,28.31,Kharif,Tropical,110.00000000000001
Brazil,Wheat,2000,1307.17,31.34,36.389,25.76,Rabi,Tropical,110.00000000000001
Australia,Maize,2004,2161.62,28.95,57.004,29.0,Kharif,Tropical,110.00000000000001
India,Potato,2015,1201.38,13.47,37.38,123.05,Whole Year,Temperate,110.00000000000001
Australia,Cotton,2012,680.36,14.98,30.277,16.29,Rabi,Temperate,110.00000000000001
USA,Wheat,2018,1741.07,14.36,16.189,26.31,Rabi,Temperate,110.00000000000001
Argentina,Potato,2013,2117.32,24.05,54.112,124.58,Whole Year,Subtropical,110.00000000000001
Brazil,Rice,2016,530.88,15.76,41.035,27.36,Rabi,Temperate,110.00000000000001
India,Rice,2011,998.03,31.32,10.227,37.56,Kharif,Tropical,110.00000000000001
Brazil,Maize,2017,1456.2,25.25,40.782,59.94,Kharif,Subtropical,110.00000000000001
Brazil,Potato,2019,1427.66,28.88,50.638,180.58,Whole Year,Tropical,110.00000000000001
USA,Sugarcane,2015,419.97,18.62,41.049,469.1,Whole Year,Subtropical,110.00000000000001
China,Maize,2003,1603.48,20.52,56.813,44.62,Kharif,Subtropical,110.00000000000001
Australia,Maize,2016,948.62,21.63,44.407,75.48,Kharif,Subtropical,110.00000000000001
Argentina,Soybean,2005,1629.82,25.11,33.33,21.37,Whole Year,Subtropical,110.00000000000001
Brazil,Rice,2006,1377.92,17.6,29.851,32.74,Kharif,Temperate,110.00000000000001
India,Maize,2006,1535.78,20.36,16.842,42.17,Kharif,Subtropical,110.00000000000001
India,Cotton,2001,2144.68,31.11,17.528,10.57,Kharif,Tropical,110.00000000000001
Australia,Wheat,2020,1333.39,20.8,35.532,43.25,Rabi,Subtropical,110.00000000000001
India,Maize,2022,758.09,19.94,3.027,51.0,Rabi,Subtropical,110.00000000000001
Brazil,Sugarcane,2009,1409.26,20.77,15.764,578.94,Whole Year,Subtropical,110.00000000000001
Australia,Barley,2023,1020.74,16.08,9.162,51.75,Rabi,Temperate,110.00000000000001
China,Cotton,2000,729.86,28.96,33.23,22.01,Rabi,Tropical,110.00000000000001
Argentina,Maize,2002,437.55,24.24,1.31,68.06,Rabi,Subtropical,110.00000000000001
USA,Barley,2018,679.11,22.8,5.441,49.81,Rabi,Subtropical,110.00000000000001
USA,Maize,2019,987.89,24.98,66.977,100.93,Kharif,Subtropical,110.00000000000001
China,Wheat,2011,617.72,31.75,28.037,21.67,Rabi,Tropical,110.00000000000001
China,Soybean,2007,2083.21,20.24,45.408,19.8,Whole Year,Subtropical,110.00000000000001
Brazil,Rice,2010,1143.85,21.83,9.206,38.72,Kharif,Subtropical,110.00000000000001
Australia,Rice,2009,1260.88,29.97,0.121,58.05,Kharif,Tropical,110.00000000000001
China,Rice,2003,974.87,24.91,8.449,36.32,Kharif,Subtropical,110.00000000000001
USA,Barley,2017,1878.61,18.7,47.649,39.51,Rabi,Subtropical,110.00000000000001
India,Potato,2009,1728.1,12.98,19.66,81.42,Whole Year,Temperate,110.00000000000001
China,Potato,2008,825.46,18.37,40.392,259.31,Whole Year,Subtropical,110.00000000000001
USA,Sugarcane,2006,1963.63,20.34,22.071,773.09,Whole Year,Subtropical,110.00000000000001
India,Barley,2013,1727.85,12.38,39.348,23.58,Rabi,Temperate,110.00000000000001
India,Barley,2002,1939.35,23.54,22.026,15.3,Rabi,Subtropical,110.00000000000001
Argentina,Wheat,2008,2106.21,12.08,58.61,23.02,Rabi,Temperate,110.00000000000001
USA,Maize,2007,1093.06,25.84,9.099,71.99,Kharif,Subtropical,110.00000000000001
Brazil,Maize,2023,767.42,16.01,3.588,68.31,Rabi,Temperate,110.00000000000001
India,Cotton,2011,526.51,29.39,19.39,17.19,Rabi,Tropical,110.00000000000001
Brazil,Potato,2004,1072.34,29.34,17.064,138.56,Whole Year,Tropical,110.00000000000001
Brazil,Maize,2021,1959.1,18.08,43.892,53.11,Kharif,Subtropical,110.00000000000001
India,Cotton,2006,901.91,20.81,15.169,18.64,Kharif,Subtropical,110.00000000000001
Brazil,Potato,2013,1190.53,13.59,34.234,139.25,Whole Year,Temperate,110.00000000000001
Argentina,Soybean,2014,1685.86,22.68,49.014,26.94,Whole Year,Subtropical,110.00000000000001
Australia,Potato,2022,1366.05,24.57,50.625,278.01,Whole Year,Subtropical,110.00000000000001
Australia,Barley,2004,1709.45,21.83,4.184,33.34,Rabi,Subtropical,110.00000000000001
India,Rice,2004,2045.02,27.16,17.034,28.85,Kharif,Tropical,110.00000000000001
USA,Maize,2016,1081.86,24.84,38.578,84.44,Kharif,Subtropical,110.00000000000001
Argentina,Soybean,2015,1578.62,30.15,59.596,26.72,Whole Year,Tropical,110.00000000000001
Argentina,Wheat,2014,931.07,30.66,4.249,26.65,Rabi,Tropical,110.00000000000001
China,Potato,2011,2193.08,12.09,36.779,118.74,Whole Year,Temperate,110.00000000000001
Australia,Rice,2014,2124.96,29.87,27.122,49.5,Kharif,Tropical,110.00000000000001
USA,Wheat,2003,1121.13,13.37,40.372,48.33,Rabi,Temperate,110.00000000000001
Brazil,Barley,2008,776.53,25.14,28.093,29.64,Rabi,Subtropical,110.00000000000001
India,Sugarcane,2022,598.15,19.41,15.679,451.13,Whole Year,Subtropical,110.00000000000001
China,Maize,2021,1602.22,31.33,22.441,49.44,Kharif,Tropical,110.00000000000001
Brazil,Cotton,2023,912.09,21.18,36.031,30.22,Kharif,Subtropical,110.00000000000001
USA,Sugarcane,2023,1123.27,24.87,34.968,814.27,Whole Year,Subtropical,110.00000000000001
USA,Cotton,2007,1187.85,24.36,5.911,25.54,Kharif,Subtropical,110.00000000000001
India,Potato,2000,1322.97,23.03,17.608,115.39,Whole Year,Subtropical,110.00000000000001
China,Sugarcane,2019,1309.79,24.03,0.336,660.29,Whole Year,Subtropical,110.00000000000001
Australia,Wheat,2008,733.23,29.2,59.051,25.93,Rabi,Tropical,110.00000000000001
India,Barley,2019,1100.15,25.79,11.316,19.85,Rabi,Subtropical,110.00000000000001
China,Potato,2018,978.37,21.49,42.31,247.64,Whole Year,Subtropical,110.00000000000001
China,Cotton,2002,1229.99,28.22,47.413,28.04,Kharif,Tropical,110.00000000000001
Australia,Sugarcane,2022,1134.57,15.55,34.314,734.94,Whole Year,Temperate,110.00000000000001
Australia,Cotton,2002,1538.38,22.78,9.414,18.16,Kharif,Subtropical,110.00000000000001
China,Cotton,2021,1059.77,31.6,31.182,23.64,Kharif,Tropical,110.00000000000001
Argentina,Soybean,2016,1954.87,28.5,35.365,21.99,Whole Year,Tropical,110.00000000000001
Argentina,Sugarcane,2015,1767.62,14.38,28.386,567.79,Whole Year,Temperate,110.00000000000001
Argentina,Barley,2021,1654.98,30.52,42.716,24.87,Rabi,Tropical,110.00000000000001
India,Cotton,2020,1135.24,25.41,4.465,22.22,Kharif,Subtropical,110.00000000000001
Brazil,Rice,2016,1672.63,14.43,31.856,44.68,Kharif,Temperate,110.00000000000001
Australia,Maize,2010,2119.12,17.37,23.444,42.24,Kharif,Temperate,110.00000000000001
Brazil,Cotton,2019,1168.91,17.73,26.227,23.38,Kharif,Temperate,110.00000000000001
Australia,Soybean,2012,1476.08,18.63,13.941,23.96,Whole Year,Subtropical,110.00000000000001
China,Cotton,2012,1110.42,26.68,28.629,24.19,Kharif,Tropical,110.00000000000001
Argentina,Rice,2017,510.72,31.44,5.799,34.57,Rabi,Tropical,110.00000000000001
India,Sugarcane,2019,2048.07,21.43,6.083,537.97,Whole Year,Subtropical,110.00000000000001
Argentina,Rice,2002,882.03,13.2,43.987,30.58,Kharif,Temperate,110.00000000000001
Argentina,Sugarcane,2013,1390.74,25.89,58.098,1176.77,Whole Year,Subtropical,110.00000000000001
USA,Maize,2005,575.73,24.89,12.2,59.54,Rabi,Subtropical,110.00000000000001
China,Cotton,2019,609.07,20.59,11.301,25.05,Rabi,Subtropical,110.00000000000001
China,Potato,2006,984.01,19.58,45.017,268.16,Whole Year,Subtropical,110.00000000000001
China,Potato,2008,1832.0,20.15,47.237,160.29,Whole Year,Subtropical,110.00000000000001
USA,Cotton,2006,1582.54,28.46,25.283,28.74,Kharif,Tropical,110.00000000000001
Brazil,Cotton,2021,2130.45,30.76,38.266,13.36,Kharif,Tropical,110.00000000000001
China,Cotton,2007,1675.58,22.07,32.907,16.75,Kharif,Subtropical,110.00000000000001
China,Wheat,2015,824.85,17.31,57.176,38.97,Rabi,Temperate,110.00000000000001
Australia,Sugarcane,2022,2107.35,18.13,5.597,552.1,Whole Year,Subtropical,110.00000000000001
China,Maize,2013,511.34,13.02,39.882,54.54,Rabi,Temperate,110.00000000000001
Australia,Maize,2018,1403.94,25.72,14.92,72.76,Kharif,Subtropical,110.00000000000001
China,Soybean,2016,1596.63,21.05,9.058,25.64,Whole Year,Subtropical,110.00000000000001
China,Soybean,2006,1135.68,26.4,11.062,31.3,Whole Year,Tropical,110.00000000000001
Brazil,Cotton,2004,1785.26,31.6,54.891,19.91,Kharif,Tropical,110.00000000000001
Brazil,Soybean,2001,1361.42,14.48,44.475,18.16,Whole Year,Temperate,110.00000000000001
USA,Maize,2013,798.61,19.81,34.829,85.5,Rabi,Subtropical,110.00000000000001
Brazil,Rice,2022,2103.65,18.86,16.514,38.75,Kharif,Subtropical,110.00000000000001
India,Potato,2020,641.1,15.69,32.561,164.75,Whole Year,Temperate,110.00000000000001
Australia,Wheat,2010,1604.72,27.2,61.214,26.59,Rabi,Tropical,110.00000000000001
USA,Maize,2010,1712.78,16.73,17.825,44.66,Kharif,Temperate,110.00000000000001
China,Maize,2015,1156.79,30.0,4.591,63.46,Kharif,Tropical,110.00000000000001
China,Barley,2019,750.72,26.7,11.191,36.55,Rabi,Tropical,110.00000000000001
Australia,Potato,2001,1466.66,14.78,29.299,208.79,Whole Year,Temperate,110.00000000000001
USA,Wheat,2014,2149.99,15.59,14.412,17.74,Rabi,Temperate,110.00000000000001
China,Rice,2023,1065.75,23.35,45.637,38.9,Kharif,Subtropical,110.00000000000001
Brazil,Soybean,2007,1070.24,21.11,38.43,24.55,Whole Year,Subtropical,110.00000000000001
Argentina,Potato,2003,1704.24,23.37,20.451,183.61,Whole Year,Subtropical,110.00000000000001
USA,Wheat,2022,1207.57,12.79,18.565,30.81,Rabi,Temperate,110.00000000000001
Brazil,Cotton,2004,1016.11,14.5,33.002,16.02,Kharif,Temperate,110.00000000000001
USA,Potato,2016,1914.42,16.14,66.77,210.89,Whole Year,Temperate,110.00000000000001
India,Soybean,2021,2178.5,25.82,39.59,10.78,Whole Year,Subtropical,110.00000000000001
Argentina,Barley,2014,2161.87,13.71,43.349,19.33,Rabi,Temperate,110.00000000000001
Australia,Cotton,2014,1980.87,14.37,21.157,10.58,Kharif,Temperate,110.00000000000001
India,Sugarcane,2014,993.68,12.48,21.203,365.37,Whole Year,Temperate,110.00000000000001
Australia,Rice,2012,1112.36,29.8,32.52,49.69,Kharif,Tropical,110.00000000000001
USA,Wheat,2010,1771.53,28.61,15.677,18.17,Rabi,Tropical,110.00000000000001
Argentina,Rice,2015,1806.5,12.79,18.498,35.66,Kharif,Temperate,110.00000000000001
Brazil,Potato,2005,987.36,13.43,16.092,135.89,Whole Year,Temperate,110.00000000000001
Australia,Soybean,2020,1540.32,25.13,29.509,23.86,Whole Year,Subtropical,110.00000000000001
Argentina,Soybean,2014,1994.48,27.77,28.511,16.79,Whole Year,Tropical,110.00000000000001
India,Sugarcane,2003,1169.99,24.52,31.201,637.1,Whole Year,Subtropical,110.00000000000001
Australia,Sugarcane,2008,831.29,20.69,13.138,732.45,Whole Year,Subtropical,110.00000000000001
India,Cotton,2020,1192.97,22.33,12.391,19.81,Kharif,Subtropical,110.00000000000001
USA,Barley,2001,920.16,25.15,18.577,47.1,Rabi,Subtropical,110.00000000000001
Australia,Soybean,2017,1018.0,16.27,56.81,42.71,Whole Year,Temperate,110.00000000000001
India,Sugarcane,2013,424.06,20.77,1.698,347.89,Whole Year,Subtropical,110.00000000000001
China,Sugarcane,2014,742.09,19.43,49.424,582.41,Whole Year,Subtropical,110.00000000000001
Australia,Maize,2004,2043.95,20.57,23.617,35.88,Kharif,Subtropical,110.00000000000001
USA,Barley,2001,1579.19,16.65,65.739,40.39,Rabi,Temperate,110.00000000000001
USA,Potato,2006,1504.59,21.01,21.727,169.6,Whole Year,Subtropical,110.00000000000001
China,Barley,2003,421.15,25.76,18.346,24.22,Rabi,Subtropical,110.00000000000001
USA,Soybean,2023,859.16,15.84,25.514,36.15,Whole Year,Temperate,110.00000000000001
USA,Barley,2020,1658.87,18.51,29.496,34.56,Rabi,Subtropical,110.00000000000001
Brazil,Soybean,2008,639.09,14.55,17.728,27.02,Whole Year,Temperate,110.00000000000001
USA,Wheat,2007,1578.83,13.55,3.917,29.6,Rabi,Temperate,110.00000000000001
India,Wheat,2001,1944.45,15.8,42.375,14.87,Rabi,Temperate,110.00000000000001
Australia,Rice,2014,1497.36,32.0,50.13,61.04,Kharif,Tropical,110.00000000000001
Australia,Cotton,2018,1315.63,13.17,9.609,20.68,Kharif,Temperate,110.00000000000001
Argentina,Maize,2000,1084.78,17.73,48.353,49.44,Kharif,Temperate,110.00000000000001
Australia,Potato,2020,1717.97,13.76,45.424,137.64,Whole Year,Temperate,110.00000000000001
China,Soybean,2016,413.75,13.57,41.476,23.34,Whole Year,Temperate,110.00000000000001
Argentina,Soybean,2008,1534.38,13.57,10.522,18.33,Whole Year,Temperate,110.00000000000001
Brazil,Sugarcane,2021,518.49,24.9,54.127,729.08,Whole Year,Subtropical,110.00000000000001
Argentina,Rice,2000,598.62,14.03,45.07,22.66,Rabi,Temperate,110.00000000000001
Australia,Cotton,2002,2003.85,27.55,40.804,13.85,Kharif,Tropical,110.00000000000001
China,Rice,2004,2071.07,17.28,13.818,32.98,Kharif,Temperate,110.00000000000001
Argentina,Maize,2015,1494.0,19.49,44.847,71.49,Kharif,Subtropical,110.00000000000001
USA,Soybean,2021,1217.92,16.35,60.648,33.14,Whole Year,Temperate,110.00000000000001
Argentina,Soybean,2018,936.61,16.46,12.651,33.42,Whole Year,Temperate,110.00000000000001
China,Sugarcane,2017,755.14,12.96,44.946,487.53,Whole Year,Temperate,110.00000000000001
Argentina,Maize,2007,1542.22,20.6,1.116,53.91,Kharif,Subtropical,110.00000000000001
USA,Wheat,2009,894.51,22.64,4.489,39.75,Rabi,Subtropical,110.00000000000001
China,Wheat,2019,1467.0,27.5,35.38,28.47,Rabi,Tropical,110.00000000000001
Australia,Sugarcane,2015,1934.11,12.25,18.638,687.14,Whole Year,Temperate,110.00000000000001
India,Wheat,2018,632.3,14.12,24.873,23.22,Rabi,Temperate,110.00000000000001
Australia,Cotton,2020,811.9,15.12,14.394,21.54,Kharif,Temperate,110.00000000000001
USA,Soybean,2000,1006.41,31.95,66.055,34.81,Whole Year,Tropical,110.00000000000001
Argentina,Cotton,2012,470.15,13.18,5.458,17.41,Rabi,Temperate,110.00000000000001
China,Rice,2011,1334.15,19.73,26.95,47.52,Kharif,Subtropical,110.00000000000001
China,Barley,2003,1138.75,21.18,55.46,45.54,Rabi,Subtropical,110.00000000000001
India,Barley,2006,539.98,28.74,41.478,17.11,Rabi,Tropical,110.00000000000001
Argentina,Barley,2009,1425.55,26.15,25.761,23.98,Rabi,Tropical,110.00000000000001
Argentina,Wheat,2000,1567.02,26.04,30.216,19.9,Rabi,Tropical,110.00000000000001
Argentina,Potato,2010,2166.97,26.74,28.339,125.93,Whole Year,Tropical,110.00000000000001
Brazil,Sugarcane,2002,1514.82,26.56,38.467,933.89,Whole Year,Tropical,110.00000000000001
USA,Cotton,2020,849.19,29.77,38.694,37.26,Kharif,Tropical,110.00000000000001
China,Sugarcane,2017,2075.74,27.5,54.093,761.87,Whole Year,Tropical,110.00000000000001
China,Soybean,2005,1997.14,20.26,19.776,18.24,Whole Year,Subtropical,110.00000000000001
USA,Rice,2019,749.25,19.83,64.921,51.27,Rabi,Subtropical,110.00000000000001
Australia,Maize,2011,554.45,22.95,32.625,79.88,Rabi,Subtropical,110.00000000000001
Brazil,Barley,2022,1095.94,22.56,29.042,44.85,Rabi,Subtropical,110.00000000000001
India,Rice,2023,714.78,29.66,17.209,27.48,Rabi,Tropical,110.00000000000001
China,Wheat,2004,1604.67,29.96,37.516,20.74,Rabi,Tropical,110.00000000000001
China,Barley,2011,1173.73,24.2,52.259,36.46,Rabi,Subtropical,110.00000000000001
Australia,Wheat,2022,1376.44,20.06,53.196,34.63,Rabi,Subtropical,110.00000000000001
Brazil,Potato,2016,666.79,20.66,41.245,229.11,Whole Year,Subtropical,110.00000000000001
India,Barley,2018,1902.69,22.78,0.193,21.55,Rabi,Subtropical,110.00000000000001
Brazil,Maize,2013,1124.16,20.28,18.36,66.03,Kharif,Subtropical,110.00000000000001
China,Cotton,2013,1415.4,19.47,44.565,23.11,Kharif,Subtropical,110.00000000000001
Argentina,Barley,2004,1392.14,21.55,40.06,40.18,Rabi,Subtropical,110.00000000000001
Australia,Potato,2005,1973.99,12.02,33.14,100.75,Whole Year,Temperate,110.00000000000001
Argentina,Rice,2000,890.02,29.31,17.0,38.43,Kharif,Tropical,110.00000000000001
China,Potato,2023,1088.67,19.0,37.156,200.49,Whole Year,Subtropical,110.00000000000001
Australia,Sugarcane,2004,1359.65,27.0,35.636,1015.7,Whole Year,Tropical,110.00000000000001
India,Wheat,2008,2001.32,26.05,2.546,14.12,Rabi,Tropical,110.00000000000001
USA,Wheat,2011,1458.72,30.97,47.242,24.49,Rabi,Tropical,110.00000000000001
India,Barley,2011,826.19,20.89,26.913,33.23,Rabi,Subtropical,110.00000000000001
Australia,Cotton,2020,595.6,13.01,55.579,15.92,Rabi,Temperate,110.00000000000001
Australia,Maize,2020,1477.98,19.56,57.224,82.27,Kharif,Subtropical,110.00000000000001
China,Maize,2018,890.63,16.41,31.122,83.46,Kharif,Temperate,110.00000000000001
USA,Wheat,2023,1361.4,28.89,49.229,39.74,Rabi,Tropical,110.00000000000001
USA,Rice,2011,457.79,23.79,23.426,30.96,Rabi,Subtropical,110.00000000000001
China,Rice,2006,1912.73,19.6,2.578,39.85,Kharif,Subtropical,110.00000000000001
Argentina,Barley,2009,1441.21,16.6,0.923,37.44,Rabi,Temperate,110.00000000000001
USA,Sugarcane,2008,1814.46,21.01,17.684,619.86,Whole Year,Subtropical,110.00000000000001
India,Maize,2003,2089.18,31.65,40.243,25.69,Kharif,Tropical,110.00000000000001
USA,Wheat,2005,586.75,17.43,0.384,31.75,Rabi,Temperate,110.00000000000001
Australia,Potato,2007,2089.55,14.14,8.649,102.91,Whole Year,Temperate,110.00000000000001
China,Rice,2006,2195.59,31.53,23.583,33.08,Kharif,Tropical,110.00000000000001
Australia,Barley,2021,1688.96,15.9,48.054,29.31,Rabi,Temperate,110.00000000000001
USA,Rice,2016,1415.24,30.86,17.995,78.26,Kharif,Tropical,110.00000000000001
India,Soybean,2007,1816.37,24.11,10.373,12.6,Whole Year,Subtropical,110.00000000000001
India,Wheat,2016,783.77,24.3,19.021,21.41,Rabi,Subtropical,110.00000000000001
China,Sugarcane,2000,2163.04,25.56,51.837,549.59,Whole Year,Subtropical,110.00000000000001
India,Maize,2015,863.79,12.61,5.341,34.59,Kharif,Temperate,110.00000000000001
Argentina,Wheat,2020,1056.2,27.86,42.189,26.54,Rabi,Tropical,110.00000000000001
China,Wheat,2017,1056.03,15.2,23.237,39.63,Rabi,Temperate,110.00000000000001
India,Soybean,2003,1456.83,20.01,36.674,14.69,Whole Year,Subtropical,110.00000000000001
Australia,Wheat,2006,1015.47,22.59,24.197,41.3,Rabi,Subtropical,110.00000000000001
USA,Barley,2019,1557.57,25.74,25.022,40.83,Rabi,Subtropical,110.00000000000001
China,Sugarcane,2022,1947.06,20.64,2.302,518.59,Whole Year,Subtropical,110.00000000000001
China,Sugarcane,2014,2047.81,16.62,14.776,517.16,Whole Year,Temperate,110.00000000000001
Australia,Potato,2016,1624.99,22.04,36.422,249.14,Whole Year,Subtropical,110.00000000000001
Argentina,Sugarcane,2023,726.32,24.8,4.573,730.87,Whole Year,Subtropical,110.00000000000001
India,Maize,2006,528.13,25.84,14.421,36.02,Rabi,Subtropical,110.00000000000001
USA,Maize,2003,1741.58,21.83,40.534,47.89,Kharif,Subtropical,110.00000000000001
Brazil,Barley,2018,1574.73,18.11,13.111,32.92,Rabi,Subtropical,110.00000000000001
India,Maize,2001,1756.01,17.42,26.768,23.54,Kharif,Temperate,110.00000000000001
Australia,Rice,2020,2061.25,30.94,42.7,44.4,Kharif,Tropical,110.00000000000001
Australia,Soybean,2000,2137.98,21.24,53.437,18.62,Whole Year,Subtropical,110.00000000000001
Australia,Wheat,2023,849.76,20.73,39.414,39.7,Rabi,Subtropical,110.00000000000001
USA,Potato,2015,1871.38,13.96,45.884,143.97,Whole Year,Temperate,110.00000000000001
USA,Sugarcane,2004,2175.56,31.36,28.0,816.56,Whole Year,Tropical,110.00000000000001
China,Soybean,2017,1563.51,17.86,28.428,19.18,Whole Year,Temperate,110.00000000000001
Argentina,Sugarcane,2020,2079.89,23.93,28.778,633.76,Whole Year,Subtropical,110.00000000000001
Brazil,Maize,2017,2001.03,27.04,0.251,33.84,Kharif,Tropical,110.00000000000001
Argentina,Potato,2009,801.81,13.33,16.255,186.38,Whole Year,Temperate,110.00000000000001
Brazil,Sugarcane,2017,1555.53,27.89,33.412,836.67,Whole Year,Tropical,110.00000000000001
Argentina,Cotton,2017,918.71,13.26,23.09,18.55,Kharif,Temperate,110.00000000000001
Brazil,Potato,2004,944.26,12.9,30.618,211.1,Whole Year,Temperate,110.00000000000001
China,Soybean,2007,1163.21,18.27,48.261,33.95,Whole Year,Subtropical,110.00000000000001
Brazil,Potato,2008,1290.13,14.56,31.345,168.4,Whole Year,Temperate,110.00000000000001
China,Barley,2016,1231.55,18.78,1.943,32.15,Rabi,Subtropical,110.00000000000001
Australia,Potato,2021,2110.7,24.99,17.341,143.98,Whole Year,Subtropical,110.00000000000001
India,Maize,2017,719.93,12.67,14.358,39.79,Rabi,Temperate,110.00000000000001
USA,Barley,2016,1019.34,30.27,10.423,28.1,Rabi,Tropical,110.00000000000001
USA,Soybean,2002,1996.41,31.94,49.352,15.93,Whole Year,Tropical,110.00000000000001
Argentina,Wheat,2002,567.6,18.06,29.881,30.59,Rabi,Subtropical,110.00000000000001
Australia,Cotton,2015,1069.17,29.85,9.087,28.9,Kharif,Tropical,110.00000000000001
Australia,Sugarcane,2012,1735.2,29.65,11.638,1144.6,Whole Year,Tropical,110.00000000000001
USA,Maize,2016,711.51,24.33,38.043,70.58,Rabi,Subtropical,110.00000000000001
India,Barley,2010,574.72,14.41,24.815,33.49,Rabi,Temperate,110.00000000000001
Australia,Cotton,2021,1199.44,20.72,31.25,27.39,Kharif,Subtropical,110.00000000000001
Australia,Sugarcane,2007,452.71,20.8,31.937,536.57,Whole Year,Subtropical,110.00000000000001
USA,Wheat,2012,1248.2,31.28,45.859,37.67,Rabi,Tropical,110.00000000000001
USA,Barley,2007,1199.91,31.61,25.003,37.81,Rabi,Tropical,110.00000000000001
India,Potato,2007,1801.05,29.02,11.558,99.39,Whole Year,Tropical,110.00000000000001
Argentina,Barley,2011,1631.56,14.86,40.062,35.19,Rabi,Temperate,110.00000000000001
Argentina,Wheat,2009,2121.63,21.32,57.374,26.27,Rabi,Subtropical,110.00000000000001
India,Soybean,2014,1714.9,26.48,26.839,18.71,Whole Year,Tropical,110.00000000000001
Argentina,Potato,2021,1406.32,17.3,23.066,154.36,Whole Year,Temperate,110.00000000000001
Australia,Barley,2000,1964.9,12.5,28.643,18.19,Rabi,Temperate,110.00000000000001
Argentina,Wheat,2004,1128.45,30.64,2.471,27.06,Rabi,Tropical,110.00000000000001
Brazil,Maize,2019,1195.1,26.75,21.747,46.14,Kharif,Tropical,110.00000000000001
Australia,Barley,2017,1908.21,14.28,32.081,29.36,Rabi,Temperate,110.00000000000001
Argentina,Barley,2003,1547.97,15.27,17.032,35.31,Rabi,Temperate,110.00000000000001
Brazil,Potato,2001,1497.78,12.82,41.956,149.98,Whole Year,Temperate,110.00000000000001
Brazil,Soybean,2006,1747.89,18.67,38.509,25.49,Whole Year,Subtropical,110.00000000000001
India,Wheat,2004,761.17,15.17,3.273,29.95,Rabi,Temperate,110.00000000000001
Brazil,Rice,2015,904.91,20.27,39.273,44.36,Kharif,Subtropical,110.00000000000001
Brazil,Cotton,2022,1034.61,31.61,16.441,19.22,Kharif,Tropical,110.00000000000001
China,Rice,2001,1606.89,29.52,48.549,45.92,Kharif,Tropical,110.00000000000001
Australia,Wheat,2014,1533.64,23.93,41.614,26.53,Rabi,Subtropical,110.00000000000001
Argentina,Potato,2003,1878.53,21.32,13.404,172.91,Whole Year,Subtropical,110.00000000000001
China,Cotton,2009,1215.36,21.27,15.681,24.58,Kharif,Subtropical,110.00000000000001
Australia,Barley,2005,1954.86,22.16,58.414,31.49,Rabi,Subtropical,110.00000000000001
Australia,Potato,2006,1276.11,18.42,21.966,226.64,Whole Year,Subtropical,110.00000000000001
India,Rice,2009,1239.89,23.18,37.641,36.75,Kharif,Subtropical,110.00000000000001
Brazil,Sugarcane,2018,891.25,21.51,22.456,585.47,Whole Year,Subtropical,110.00000000000001
India,Potato,2016,943.3,25.22,13.566,168.67,Whole Year,Subtropical,110.00000000000001
Argentina,Cotton,2004,1034.33,28.42,20.572,24.71,Kharif,Tropical,110.00000000000001
Brazil,Sugarcane,2017,651.04,25.15,42.146,658.5,Whole Year,Subtropical,110.00000000000001
USA,Potato,2000,835.86,29.39,42.214,173.54,Whole Year,Tropical,110.00000000000001
Argentina,Sugarcane,2004,1808.72,23.04,57.19,757.76,Whole Year,Subtropical,110.00000000000001
Argentina,Soybean,2003,1395.83,18.64,14.624,29.23,Whole Year,Subtropical,110.00000000000001
China,Wheat,2001,586.62,22.39,33.207,35.07,Rabi,Subtropical,110.00000000000001
Australia,Soybean,2005,1028.27,13.69,53.35,32.94,Whole Year,Temperate,110.00000000000001
Argentina,Sugarcane,2019,1043.9,12.05,16.676,534.66,Whole Year,Temperate,110.00000000000001
Australia,Rice,2014,1412.27,12.12,44.543,34.33,Kharif,Temperate,110.00000000000001
USA,Rice,2019,1787.88,14.13,15.514,31.7,Kharif,Temperate,110.00000000000001
USA,Rice,2003,536.26,23.67,19.575,28.52,Rabi,Subtropical,110.00000000000001
China,Cotton,2015,1122.23,23.38,32.136,19.97,Kharif,Subtropical,110.00000000000001
Australia,Barley,2017,435.61,15.96,29.883,40.14,Rabi,Temperate,110.00000000000001
India,Barley,2006,2193.09,17.08,20.732,13.91,Rabi,Temperate,110.00000000000001
USA,Maize,2000,1388.35,21.1,9.039,72.75,Kharif,Subtropical,110.00000000000001
Argentina,Barley,2005,1732.59,21.23,59.061,30.06,Rabi,Subtropical,110.00000000000001
Brazil,Wheat,2014,441.08,23.0,17.0,29.2,Rabi,Subtropical,110.00000000000001
Brazil,Potato,2015,1661.12,12.24,37.54,161.98,Whole Year,Temperate,110.00000000000001
India,Sugarcane,2013,1806.75,25.43,18.919,536.07,Whole Year,Subtropical,110.00000000000001
USA,Rice,2003,689.83,22.66,65.537,39.38,Rabi,Subtropical,110.00000000000001
USA,Maize,2020,2068.37,15.62,61.592,36.52,Kharif,Temperate,110.00000000000001
Argentina,Soybean,2003,1881.8,19.53,0.27,20.64,Whole Year,Subtropical,110.00000000000001
USA,Wheat,2020,1830.73,20.79,50.497,38.55,Rabi,Subtropical,110.00000000000001
China,Rice,2004,1801.26,21.89,2.396,33.13,Kharif,Subtropical,110.00000000000001
Brazil,Wheat,2008,856.98,12.99,46.021,28.08,Rabi,Temperate,110.00000000000001
Australia,Sugarcane,2019,517.47,23.26,31.403,620.5,Whole Year,Subtropical,110.00000000000001
Argentina,Cotton,2016,1593.31,22.05,20.085,22.38,Kharif,Subtropical,110.00000000000001
Argentina,Barley,2020,1863.6,18.92,30.195,33.16,Rabi,Subtropical,110.00000000000001
India,Barley,2013,487.16,18.55,30.896,35.3,Rabi,Subtropical,110.00000000000001
China,Wheat,2018,566.27,13.22,34.741,43.04,Rabi,Temperate,110.00000000000001
China,Potato,2004,1137.87,26.59,15.028,151.75,Whole Year,Tropical,110.00000000000001
USA,Potato,2017,1607.68,13.34,3.653,176.86,Whole Year,Temperate,110.00000000000001
Australia,Cotton,2021,1223.83,30.74,6.081,30.27,Kharif,Tropical,110.00000000000001
Argentina,Cotton,2010,1198.3,17.81,25.118,19.35,Kharif,Temperate,110.00000000000001
Argentina,Soybean,2003,1806.98,17.77,20.068,22.67,Whole Year,Temperate,110.00000000000001
USA,Soybean,2018,1832.1,23.14,14.491,25.68,Whole Year,Subtropical,110.00000000000001
Australia,Sugarcane,2006,2127.53,24.11,32.932,545.61,Whole Year,Subtropical,110.00000000000001
Australia,Soybean,2015,1389.47,15.02,58.78,21.59,Whole Year,Temperate,110.00000000000001
India,Maize,2008,1249.56,17.55,40.495,35.03,Kharif,Temperate,110.00000000000001
USA,Soybean,2007,1331.22,20.61,18.911,37.69,Whole Year,Subtropical,110.00000000000001
Brazil,Barley,2009,884.86,23.25,15.326,34.95,Rabi,Subtropical,110.00000000000001
China,Sugarcane,2013,1328.83,16.76,11.108,804.35,Whole Year,Temperate,110.00000000000001
Australia,Cotton,2002,1064.15,31.71,23.01,23.19,Kharif,Tropical,110.00000000000001
Brazil,Maize,2014,794.68,18.84,11.354,78.2,Rabi,Subtropical,110.00000000000001
USA,Sugarcane,2000,1967.38,15.73,39.825,486.46,Whole Year,Temperate,110.00000000000001
USA,Barley,2022,1040.11,16.16,30.799,46.03,Rabi,Temperate,110.00000000000001
Brazil,Barley,2022,1511.38,29.11,9.141,30.33,Rabi,Tropical,110.00000000000001
USA,Barley,2011,1539.61,31.03,5.344,27.22,Rabi,Tropical,110.00000000000001
Argentina,Maize,2015,1239.55,23.12,37.893,89.21,Kharif,Subtropical,110.00000000000001
India,Potato,2006,604.22,16.3,7.386,124.11,Whole Year,Temperate,110.00000000000001
USA,Cotton,2020,1421.1,15.58,33.267,24.17,Kharif,Temperate,110.00000000000001
Australia,Potato,2011,1951.73,17.48,41.607,123.83,Whole Year,Temperate,110.00000000000001
Australia,Soybean,2013,1601.61,14.26,8.97,21.71,Whole Year,Temperate,110.00000000000001
USA,Soybean,2004,2005.08,19.64,48.189,23.81,Whole Year,Subtropical,110.00000000000001
Australia,Sugarcane,2022,405.97,15.8,13.73,545.97,Whole Year,Temperate,110.00000000000001
Argentina,Rice,2009,1349.91,30.86,1.018,49.07,Kharif,Tropical,110.00000000000001
Brazil,Cotton,2019,1706.57,13.62,24.807,13.98,Kharif,Temperate,110.00000000000001
India,Wheat,2008,1122.36,14.28,30.557,29.92,Rabi,Temperate,110.00000000000001
Brazil,Sugarcane,2016,684.0,12.68,49.05,489.15,Whole Year,Temperate,110.00000000000001
China,Maize,2012,1130.31,24.46,50.747,87.37,Kharif,Subtropical,110.00000000000001
China,Maize,2003,1702.67,28.87,26.755,46.81,Kharif,Tropical,110.00000000000001
Brazil,Potato,2012,1346.96,25.52,39.979,179.81,Whole Year,Subtropical,110.00000000000001
India,Maize,2000,809.05,15.86,28.759,41.26,Kharif,Temperate,110.00000000000001
Brazil,Rice,2002,1380.62,28.84,41.223,57.5,Kharif,Tropical,110.00000000000001
USA,Cotton,2000,691.15,18.99,65.589,29.7,Rabi,Subtropical,110.00000000000001
China,Cotton,2004,1085.5,12.15,14.506,16.13,Kharif,Temperate,110.00000000000001
Brazil,Potato,2013,930.83,30.68,24.853,170.08,Whole Year,Tropical,110.00000000000001
USA,Cotton,2005,2101.98,18.15,54.674,14.39,Kharif,Subtropical,110.00000000000001
Argentina,Wheat,2005,1643.88,18.59,19.574,25.65,Rabi,Subtropical,110.00000000000001
Argentina,Maize,2012,1904.1,28.09,37.272,37.66,Kharif,Tropical,110.00000000000001
Brazil,Barley,2012,1836.67,27.6,36.85,17.5,Rabi,Tropical,110.00000000000001
Argentina,Sugarcane,2009,836.28,19.54,32.439,522.63,Whole Year,Subtropical,110.00000000000001
Brazil,Sugarcane,2017,1426.87,29.58,15.562,963.93,Whole Year,Tropical,110.00000000000001
India,Maize,2011,1611.22,28.05,2.098,34.35,Kharif,Tropical,110.00000000000001
India,Soybean,2003,682.05,19.07,6.402,23.18,Whole Year,Subtropical,110.00000000000001
India,Rice,2014,706.83,14.81,26.483,18.79,Rabi,Temperate,110.00000000000001
USA,Cotton,2003,914.28,29.42,60.03,35.91,Kharif,Tropical,110.00000000000001
Australia,Soybean,2001,863.13,22.18,34.536,33.16,Whole Year,Subtropical,110.00000000000001
Australia,Cotton,2000,863.81,17.65,5.806,22.28,Kharif,Temperate,110.00000000000001
Brazil,Soybean,2003,809.8,12.18,53.813,29.21,Whole Year,Temperate,110.00000000000001
Brazil,Rice,2006,1618.82,27.03,37.398,59.49,Kharif,Tropical,110.00000000000001
Brazil,Potato,2000,1928.88,12.39,6.789,85.12,Whole Year,Temperate,110.00000000000001
China,Cotton,2023,1967.12,21.16,41.647,18.23,Kharif,Subtropical,110.00000000000001
USA,Barley,2002,2055.71,23.53,12.563,18.67,Rabi,Subtropical,110.00000000000001
India,Cotton,2021,1324.11,13.39,9.495,11.43,Kharif,Temperate,110.00000000000001
Brazil,Potato,2020,563.92,14.86,39.184,148.65,Whole Year,Temperate,110.00000000000001
Australia,Cotton,2007,1742.95,16.46,58.701,15.6,Kharif,Temperate,110.00000000000001
Australia,Maize,2016,2095.9,20.65,41.87,40.06,Kharif,Subtropical,110.00000000000001
China,Maize,2016,1084.17,28.77,14.92,53.74,Kharif,Tropical,110.00000000000001
Australia,Barley,2005,694.88,18.88,41.655,54.96,Rabi,Subtropical,110.00000000000001
Brazil,Cotton,2013,1890.07,22.87,3.791,11.36,Kharif,Subtropical,110.00000000000001
China,Cotton,2014,845.22,26.26,25.692,24.98,Kharif,Tropical,110.00000000000001
India,Barley,2023,1722.85,31.7,12.547,17.18,Rabi,Tropical,110.00000000000001
Australia,Barley,2002,1912.74,18.59,46.754,33.72,Rabi,Subtropical,110.00000000000001
India,Wheat,2003,2088.43,25.2,24.469,13.97,Rabi,Subtropical,110.00000000000001
Australia,Cotton,2004,1113.4,17.28,35.105,19.85,Kharif,Temperate,110.00000000000001
Argentina,Maize,2019,1412.23,31.92,15.351,54.87,Kharif,Tropical,110.00000000000001
Australia,Wheat,2023,2131.71,19.31,23.819,26.52,Rabi,Subtropical,110.00000000000001
Australia,Cotton,2013,2010.04,22.27,40.298,12.4,Kharif,Subtropical,110.00000000000001
Australia,Wheat,2009,1048.78,22.41,2.109,32.69,Rabi,Subtropical,110.00000000000001
USA,Wheat,2001,1871.07,19.75,40.713,23.99,Rabi,Subtropical,110.00000000000001
India,Soybean,2017,1419.61,30.04,38.336,22.1,Whole Year,Tropical,110.00000000000001
Brazil,Cotton,2005,1625.87,25.32,33.341,19.97,Kharif,Subtropical,110.00000000000001
Argentina,Maize,2010,1517.45,20.05,1.533,53.41,Kharif,Subtropical,110.00000000000001
Argentina,Cotton,2016,1937.38,30.92,54.951,17.5,Kharif,Tropical,110.00000000000001
Brazil,Cotton,2009,1248.75,18.74,20.587,16.87,Kharif,Subtropical,110.00000000000001
Australia,Soybean,2002,2170.98,23.32,31.066,17.87,Whole Year,Subtropical,110.00000000000001
Brazil,Potato,2009,1129.58,23.1,13.93,161.33,Whole Year,Subtropical,110.00000000000001
USA,Barley,2021,692.45,27.74,50.028,36.14,Rabi,Tropical,110.00000000000001
Brazil,Wheat,2020,1767.94,28.75,5.213,20.37,Rabi,Tropical,110.00000000000001
India,Potato,2000,958.71,24.16,15.556,134.8,Whole Year,Subtropical,110.00000000000001
India,Maize,2001,1847.85,13.79,36.528,24.23,Kharif,Temperate,110.00000000000001
Argentina,Barley,2012,561.1,13.85,41.57,33.74,Rabi,Temperate,110.00000000000001
China,Sugarcane,2023,1626.65,28.79,7.093,937.01,Whole Year,Tropical,110.00000000000001
India,Barley,2020,1984.31,20.57,3.145,18.7,Rabi,Subtropical,110.00000000000001
India,Rice,2011,788.61,14.89,13.788,17.22,Rabi,Temperate,110.00000000000001
Argentina,Barley,2019,695.85,27.99,3.759,37.81,Rabi,Tropical,110.00000000000001
China,Soybean,2008,1859.55,20.69,19.618,21.76,Whole Year,Subtropical,110.00000000000001
Brazil,Sugarcane,2006,1559.19,30.43,24.521,835.38,Whole Year,Tropical,110.00000000000001
USA,Sugarcane,2005,1345.29,16.83,13.955,698.9,Whole Year,Temperate,110.00000000000001
Australia,Potato,2008,2007.67,14.43,39.352,110.22,Whole Year,Temperate,110.00000000000001
USA,Sugarcane,2010,1950.1,12.58,12.404,608.02,Whole Year,Temperate,110.00000000000001
Argentina,Rice,2004,1300.4,22.39,38.138,52.88,Kharif,Subtropical,110.00000000000001
USA,Sugarcane,2023,728.25,21.48,18.612,861.93,Whole Year,Subtropical,110.00000000000001
India,Potato,2001,1395.16,17.04,4.713,142.43,Whole Year,Temperate,110.00000000000001
USA,Barley,2008,1036.99,24.94,28.7,45.7,Rabi,Subtropical,110.00000000000001
China,Soybean,2008,1804.05,13.49,18.319,15.79,Whole Year,Temperate,110.00000000000001
Australia,Potato,2006,1969.57,24.84,31.649,180.01,Whole Year,Subtropical,110.00000000000001
USA,Potato,2016,1047.21,28.34,6.025,213.69,Whole Year,Tropical,110.00000000000001
Brazil,Wheat,2022,2091.25,23.9,22.422,24.19,Rabi,Subtropical,110.00000000000001
USA,Cotton,2011,1605.85,24.86,60.933,19.87,Kharif,Subtropical,110.00000000000001
China,Barley,2021,1133.29,30.23,44.938,36.58,Rabi,Tropical,110.00000000000001
China,Maize,2022,674.34,25.07,3.037,50.48,Rabi,Subtropical,110.00000000000001
Brazil,Soybean,2014,555.64,18.08,52.101,23.19,Whole Year,Subtropical,110.00000000000001
India,Rice,2008,1755.58,17.16,13.185,27.21,Kharif,Temperate,110.00000000000001
Argentina,Barley,2022,1252.99,14.16,7.577,38.36,Rabi,Temperate,110.00000000000001
Australia,Sugarcane,2014,815.09,13.96,29.926,610.62,Whole Year,Temperate,110.00000000000001
Argentina,Soybean,2006,1395.96,25.61,44.442,26.16,Whole Year,Subtropical,110.00000000000001
Australia,Potato,2011,1199.23,20.48,33.911,302.33,Whole Year,Subtropical,110.00000000000001
China,Potato,2013,1009.82,22.26,17.633,293.72,Whole Year,Subtropical,110.00000000000001
Brazil,Cotton,2023,1555.7,22.02,49.675,24.65,Kharif,Subtropical,110.00000000000001
Brazil,Sugarcane,2011,1267.1,21.07,43.172,593.85,Whole Year,Subtropical,110.00000000000001
China,Cotton,2003,1975.47,31.89,29.785,11.41,Kharif,Tropical,110.00000000000001
Australia,Sugarcane,2018,1867.62,17.94,60.993,868.99,Whole Year,Temperate,110.00000000000001
Argentina,Soybean,2000,1307.06,21.33,47.703,34.83,Whole Year,Subtropical,110.00000000000001
Argentina,Wheat,2006,1276.95,27.82,48.921,25.04,Rabi,Tropical,110.00000000000001
Argentina,Maize,2004,2183.02,15.04,27.801,35.41,Kharif,Temperate,110.00000000000001
USA,Barley,2002,1579.73,17.46,3.441,32.58,Rabi,Temperate,110.00000000000001
Argentina,Rice,2002,2136.61,22.07,16.554,30.71,Kharif,Subtropical,110.00000000000001
China,Maize,2022,1333.78,31.28,0.941,55.41,Kharif,Tropical,110.00000000000001
Argentina,Maize,2010,1358.87,19.83,32.251,66.26,Kharif,Subtropical,110.00000000000001
Argentina,Sugarcane,2010,2187.29,25.59,26.661,854.88,Whole Year,Subtropical,110.00000000000001
USA,Maize,2012,1071.8,29.89,13.907,63.6,Kharif,Tropical,110.00000000000001
Australia,Sugarcane,2006,896.36,29.18,0.14,628.54,Whole Year,Tropical,110.00000000000001
Argentina,Maize,2015,650.12,17.44,10.069,51.77,Rabi,Temperate,110.00000000000001
Argentina,Potato,2009,1243.88,21.17,46.106,231.15,Whole Year,Subtropical,110.00000000000001
China,Barley,2023,1574.03,15.01,35.49,41.23,Rabi,Temperate,110.00000000000001
Argentina,Cotton,2023,482.93,26.18,43.215,23.61,Rabi,Tropical,110.00000000000001
India,Cotton,2020,1838.04,31.46,7.702,15.11,Kharif,Tropical,110.00000000000001
Australia,Barley,2021,1003.04,17.43,57.496,47.85,Rabi,Temperate,110.00000000000001
Australia,Cotton,2018,956.67,18.53,37.083,31.0,Kharif,Subtropical,110.00000000000001
Australia,Cotton,2012,1010.07,13.79,56.955,20.03,Kharif,Temperate,110.00000000000001
USA,Wheat,2016,1209.27,23.32,48.294,48.18,Rabi,Subtropical,110.00000000000001
India,Rice,2018,1607.15,21.95,24.389,35.32,Kharif,Subtropical,110.00000000000001
Australia,Rice,2000,439.47,30.96,1.023,34.94,Rabi,Tropical,110.00000000000001
Australia,Potato,2009,2125.49,13.44,21.067,133.69,Whole Year,Temperate,110.00000000000001
China,Maize,2004,1592.39,18.83,19.969,53.73,Kharif,Subtropical,110.00000000000001
Argentina,Cotton,2003,989.85,18.88,38.209,19.17,Kharif,Subtropical,110.00000000000001
Australia,Barley,2008,1800.51,16.49,49.207,35.33,Rabi,Temperate,110.00000000000001
Brazil,Potato,2002,1985.66,18.73,14.96,138.06,Whole Year,Subtropical,110.00000000000001
Argentina,Cotton,2002,404.53,22.2,55.43,24.74,Rabi,Subtropical,110.00000000000001
Brazil,Sugarcane,2002,1654.5,12.24,35.061,529.06,Whole Year,Temperate,110.00000000000001
China,Maize,2021,2156.95,29.88,11.738,27.28,Kharif,Tropical,110.00000000000001
China,Rice,2023,654.44,19.93,3.852,36.9,Rabi,Subtropical,110.00000000000001
USA,Wheat,2018,979.95,28.89,36.101,46.38,Rabi,Tropical,110.00000000000001
Australia,Potato,2006,2115.57,26.63,54.852,153.81,Whole Year,Tropical,110.00000000000001
Argentina,Barley,2006,848.7,21.71,32.529,47.92,Rabi,Subtropical,110.00000000000001
India,Rice,2009,649.81,21.75,20.393,21.88,Rabi,Subtropical,110.00000000000001
China,Cotton,2012,2164.34,13.34,22.675,10.83,Kharif,Temperate,110.00000000000001
India,Maize,2020,1845.18,23.59,40.634,32.57,Kharif,Subtropical,110.00000000000001
India,Maize,2021,2165.79,28.13,1.561,20.52,Kharif,Tropical,110.00000000000001
Australia,Sugarcane,2003,1354.97,24.18,38.085,997.38,Whole Year,Subtropical,110.00000000000001
Australia,Barley,2019,548.37,26.61,24.804,37.36,Rabi,Tropical,110.00000000000001
India,Soybean,2014,983.73,28.28,18.126,19.69,Whole Year,Tropical,110.00000000000001
Brazil,Wheat,2000,2003.09,23.04,5.765,15.6,Rabi,Subtropical,110.00000000000001
Argentina,Cotton,2013,1021.83,28.96,0.672,29.02,Kharif,Tropical,110.00000000000001
Argentina,Potato,2004,1801.43,22.0,12.761,170.05,Whole Year,Subtropical,110.00000000000001
Brazil,Soybean,2013,1673.91,28.74,52.964,16.9,Whole Year,Tropical,110.00000000000001
Argentina,Sugarcane,2003,1385.31,20.4,54.573,701.9,Whole Year,Subtropical,110.00000000000001
Australia,Potato,2017,533.33,28.73,20.31,191.34,Whole Year,Tropical,110.00000000000001
USA,Soybean,2015,1128.47,12.98,65.222,29.33,Whole Year,Temperate,110.00000000000001
Brazil,Cotton,2017,1896.57,25.28,47.371,21.34,Kharif,Subtropical,110.00000000000001
Brazil,Maize,2015,1866.11,26.23,3.388,48.03,Kharif,Tropical,110.00000000000001
China,Potato,2015,1485.65,23.46,33.051,176.13,Whole Year,Subtropical,110.00000000000001
India,Potato,2003,1099.6,24.61,10.369,115.94,Whole Year,Subtropical,110.00000000000001
Argentina,Wheat,2006,1702.45,25.41,22.16,22.46,Rabi,Subtropical,110.00000000000001
Brazil,Soybean,2004,1080.59,30.98,23.078,27.02,Whole Year,Tropical,110.00000000000001
China,Cotton,2015,578.03,15.48,39.081,14.12,Rabi,Temperate,110.00000000000001
India,Soybean,2022,481.26,16.8,25.254,15.95,Whole Year,Temperate,110.00000000000001
India,Maize,2019,1744.72,17.93,10.42,43.12,Kharif,Temperate,110.00000000000001
Argentina,Sugarcane,2007,1683.64,16.48,6.587,720.83,Whole Year,Temperate,110.00000000000001
Brazil,Wheat,2009,1758.89,27.15,3.331,16.4,Rabi,Tropical,110.00000000000001
Argentina,Soybean,2019,1777.93,19.83,42.642,26.35,Whole Year,Subtropical,110.00000000000001
China,Soybean,2015,513.51,20.17,48.355,25.86,Whole Year,Subtropical,110.00000000000001
Brazil,Potato,2023,2165.46,16.3,46.637,141.36,Whole Year,Temperate,110.00000000000001
Argentina,Cotton,2022,1530.07,23.84,1.617,16.62,Kharif,Subtropical,110.00000000000001
India,Barley,2017,793.22,27.15,40.994,32.57,Rabi,Tropical,110.00000000000001
India,Sugarcane,2002,1348.67,13.8,19.69,478.06,Whole Year,Temperate,110.00000000000001
Brazil,Barley,2016,859.61,14.08,13.896,40.07,Rabi,Temperate,110.00000000000001
USA,Sugarcane,2000,1628.11,19.72,42.697,858.35,Whole Year,Subtropical,110.00000000000001
Brazil,Sugarcane,2007,1338.78,12.47,23.746,547.41,Whole Year,Temperate,110.00000000000001
India,Sugarcane,2020,1854.05,26.1,19.042,573.79,Whole Year,Tropical,110.00000000000001
Australia,Potato,2022,1575.56,24.97,59.368,262.16,Whole Year,Subtropical,110.00000000000001
China,Potato,2019,1996.95,24.48,56.202,124.1,Whole Year,Subtropical,110.00000000000001
India,Maize,2005,1731.2,12.61,29.531,34.23,Kharif,Temperate,110.00000000000001
Argentina,Maize,2008,1935.98,22.7,24.936,41.6,Kharif,Subtropical,110.00000000000001
Brazil,Barley,2007,1848.69,28.2,6.629,17.21,Rabi,Tropical,110.00000000000001
Brazil,Wheat,2003,1169.0,24.91,15.621,25.32,Rabi,Subtropical,110.00000000000001
China,Rice,2004,1117.59,16.6,18.781,39.83,Kharif,Temperate,110.00000000000001
USA,Barley,2018,1379.67,14.66,0.362,35.68,Rabi,Temperate,110.00000000000001
India,Maize,2017,1918.56,23.25,37.84,33.13,Kharif,Subtropical,110.00000000000001
USA,Soybean,2006,1207.42,16.23,19.367,32.28,Whole Year,Temperate,110.00000000000001
Brazil,Potato,2021,1142.33,15.38,4.071,165.57,Whole Year,Temperate,110.00000000000001
Brazil,Cotton,2016,1786.07,23.97,1.199,14.57,Kharif,Subtropical,110.00000000000001
India,Soybean,2004,614.49,22.02,27.463,23.52,Whole Year,Subtropical,110.00000000000001
Argentina,Maize,2013,1170.76,16.77,45.547,78.71,Kharif,Temperate,110.00000000000001
USA,Sugarcane,2014,856.17,14.08,21.763,585.67,Whole Year,Temperate,110.00000000000001
India,Wheat,2017,796.07,15.34,7.354,23.82,Rabi,Temperate,110.00000000000001
India,Sugarcane,2011,1792.3,16.54,37.351,374.44,Whole Year,Temperate,110.00000000000001
Brazil,Potato,2012,2063.59,12.81,8.318,119.33,Whole Year,Temperate,110.00000000000001
Argentina,Rice,2018,1030.61,13.72,11.156,28.02,Kharif,Temperate,110.00000000000001
Australia,Sugarcane,2013,1807.54,26.18,12.003,920.43,Whole Year,Tropical,110.00000000000001
Argentina,Potato,2002,2047.7,21.56,54.66,167.49,Whole Year,Subtropical,110.00000000000001
China,Rice,2010,1429.37,16.85,48.232,43.46,Kharif,Temperate,110.00000000000001
China,Rice,2008,1082.95,20.47,16.909,31.99,Kharif,Subtropical,110.00000000000001
Argentina,Rice,2011,1572.28,13.12,48.672,48.95,Kharif,Temperate,110.00000000000001
USA,Cotton,2011,1541.0,21.05,41.201,25.43,Kharif,Subtropical,110.00000000000001
Brazil,Potato,2004,2081.66,26.05,15.13,99.47,Whole Year,Tropical,110.00000000000001
Brazil,Wheat,2021,990.29,19.15,18.48,40.25,Rabi,Subtropical,110.00000000000001
USA,Barley,2009,1106.63,25.26,48.646,38.32,Rabi,Subtropical,110.00000000000001
Australia,Maize,2007,1019.89,18.5,35.783,82.07,Kharif,Subtropical,110.00000000000001
India,Maize,2017,1980.65,22.73,1.594,33.58,Kharif,Subtropical,110.00000000000001
Australia,Wheat,2023,1775.97,30.67,20.168,22.01,Rabi,Tropical,110.00000000000001
USA,Potato,2022,1139.24,28.35,46.936,198.16,Whole Year,Tropical,110.00000000000001
USA,Rice,2016,1612.3,31.38,44.23,57.37,Kharif,Tropical,110.00000000000001
Brazil,Potato,2022,1534.75,25.92,21.522,167.29,Whole Year,Subtropical,110.00000000000001
Argentina,Wheat,2009,1013.51,25.21,32.943,31.01,Rabi,Subtropical,110.00000000000001
China,Potato,2017,2129.23,27.82,8.383,126.44,Whole Year,Tropical,110.00000000000001
Brazil,Barley,2016,612.57,21.51,21.982,41.09,Rabi,Subtropical,110.00000000000001
Brazil,Rice,2004,685.45,28.49,23.687,34.05,Rabi,Tropical,110.00000000000001
USA,Sugarcane,2009,904.98,29.9,22.426,864.62,Whole Year,Tropical,110.00000000000001
USA,Rice,2019,1793.56,17.93,46.005,56.78,Kharif,Temperate,110.00000000000001
Argentina,Wheat,2005,956.16,19.81,18.496,43.38,Rabi,Subtropical,110.00000000000001
Argentina,Maize,2005,808.0,26.19,18.056,78.93,Kharif,Tropical,110.00000000000001
China,Wheat,2001,2179.26,17.4,38.163,16.19,Rabi,Temperate,110.00000000000001
China,Potato,2011,2064.81,18.88,23.122,107.43,Whole Year,Subtropical,110.00000000000001
Brazil,Sugarcane,2015,1612.36,28.9,9.424,862.05,Whole Year,Tropical,110.00000000000001
Argentina,Maize,2020,1805.17,28.61,47.863,41.29,Kharif,Tropical,110.00000000000001
USA,Rice,2008,1136.69,17.9,3.642,42.1,Kharif,Temperate,110.00000000000001
USA,Wheat,2020,696.07,15.18,0.609,49.14,Rabi,Temperate,110.00000000000001
India,Soybean,2007,2025.36,16.16,11.006,9.83,Whole Year,Temperate,110.00000000000001
Argentina,Sugarcane,2010,1527.71,28.03,43.89,1030.08,Whole Year,Tropical,110.00000000000001
Australia,Maize,2002,616.66,22.8,45.535,73.2,Rabi,Subtropical,110.00000000000001
Australia,Barley,2022,1175.48,22.07,47.364,43.52,Rabi,Subtropical,110.00000000000001
Argentina,Cotton,2005,1929.63,16.66,18.88,14.08,Kharif,Temperate,110.00000000000001
Australia,Potato,2011,1207.03,15.74,11.245,194.17,Whole Year,Temperate,110.00000000000001
Argentina,Maize,2008,2162.62,13.48,13.001,33.95,Kharif,Temperate,110.00000000000001
Argentina,Barley,2018,1791.02,16.66,44.187,34.26,Rabi,Temperate,110.00000000000001
China,Barley,2008,593.66,31.71,48.409,26.62,Rabi,Tropical,110.00000000000001
India,Potato,2000,987.33,22.78,25.145,172.12,Whole Year,Subtropical,110.00000000000001
Brazil,Potato,2013,1099.8,18.02,2.114,162.45,Whole Year,Subtropical,110.00000000000001
China,Rice,2015,1497.98,12.93,41.841,37.82,Kharif,Temperate,110.00000000000001
India,Potato,2011,460.5,19.9,4.467,113.71,Whole Year,Subtropical,110.00000000000001
India,Potato,2019,1123.73,16.81,13.767,135.61,Whole Year,Temperate,110.00000000000001
Australia,Barley,2007,1867.0,21.05,23.703,34.29,Rabi,Subtropical,110.00000000000001
Argentina,Potato,2013,1135.28,13.96,16.092,148.66,Whole Year,Temperate,110.00000000000001
China,Maize,2000,511.81,24.6,12.574,58.97,Rabi,Subtropical,110.00000000000001
Brazil,Rice,2019,1528.02,20.16,10.646,50.21,Kharif,Subtropical,110.00000000000001
China,Sugarcane,2000,614.58,30.92,24.951,464.86,Whole Year,Tropical,110.00000000000001
Australia,Potato,2022,462.32,31.19,20.003,211.69,Whole Year,Tropical,110.00000000000001
Australia,Cotton,2016,1258.8,12.09,60.982,17.05,Kharif,Temperate,110.00000000000001
Brazil,Rice,2021,645.32,27.09,18.169,34.8,Rabi,Tropical,110.00000000000001
USA,Wheat,2022,1555.4,19.37,60.637,46.89,Rabi,Subtropical,110.00000000000001
India,Potato,2022,904.37,27.03,6.226,210.84,Whole Year,Tropical,110.00000000000001
Brazil,Wheat,2020,584.39,16.89,32.73,33.32,Rabi,Temperate,110.00000000000001
Australia,Cotton,2007,483.94,16.6,59.1,23.29,Rabi,Temperate,110.00000000000001
India,Sugarcane,2001,1473.6,29.35,29.145,620.04,Whole Year,Tropical,110.00000000000001
Australia,Sugarcane,2017,1347.51,25.37,9.827,1027.85,Whole Year,Subtropical,110.00000000000001
India,Cotton,2012,1608.66,23.84,27.587,17.34,Kharif,Subtropical,110.00000000000001
Brazil,Barley,2001,1468.89,17.67,36.822,26.65,Rabi,Temperate,110.00000000000001
China,Wheat,2001,927.66,14.96,7.461,36.85,Rabi,Temperate,110.00000000000001
China,Rice,2021,1485.2,12.55,7.054,39.12,Kharif,Temperate,110.00000000000001
China,Rice,2018,1381.0,29.12,19.234,51.59,Kharif,Tropical,110.00000000000001
USA,Wheat,2022,1821.95,21.98,6.471,27.6,Rabi,Subtropical,110.00000000000001
USA,Barley,2000,1581.43,27.7,47.203,33.31,Rabi,Tropical,110.00000000000001
Australia,Cotton,2017,1326.28,21.35,57.985,28.07,Kharif,Subtropical,110.00000000000001
Argentina,Barley,2021,837.43,12.82,15.149,53.67,Rabi,Temperate,110.00000000000001
Argentina,Sugarcane,2015,1549.02,29.59,45.616,1273.35,Whole Year,Tropical,110.00000000000001
China,Maize,2008,1160.65,24.49,50.181,65.61,Kharif,Subtropical,110.00000000000001
China,Barley,2012,1146.17,22.02,40.278,30.15,Rabi,Subtropical,110.00000000000001
Brazil,Barley,2006,2015.34,30.58,4.189,15.86,Rabi,Tropical,110.00000000000001
India,Cotton,2007,1773.66,21.13,31.3,9.5,Kharif,Subtropical,110.00000000000001
Brazil,Maize,2012,982.58,23.63,35.241,76.3,Kharif,Subtropical,110.00000000000001
Brazil,Soybean,2014,591.33,29.86,10.849,26.72,Whole Year,Tropical,110.00000000000001
USA,Potato,2011,1285.44,20.4,62.004,249.78,Whole Year,Subtropical,110.00000000000001
Australia,Soybean,2003,924.22,27.55,20.713,33.19,Whole Year,Tropical,110.00000000000001
USA,Sugarcane,2004,656.86,17.95,42.091,637.94,Whole Year,Temperate,110.00000000000001
Australia,Cotton,2010,1923.61,25.5,24.201,21.61,Kharif,Subtropical,110.00000000000001
India,Cotton,2009,1437.57,28.66,9.268,18.47,Kharif,Tropical,110.00000000000001
Argentina,Wheat,2021,759.07,29.52,42.295,25.41,Rabi,Tropical,110.00000000000001
Australia,Cotton,2014,792.8,13.19,57.897,19.19,Rabi,Temperate,110.00000000000001
USA,Soybean,2007,1816.59,27.06,48.513,18.51,Whole Year,Tropical,110.00000000000001
Australia,Soybean,2016,1568.35,31.13,50.667,28.2,Whole Year,Tropical,110.00000000000001
China,Cotton,2016,895.67,26.61,38.642,29.76,Kharif,Tropical,110.00000000000001
USA,Rice,2002,1736.14,29.6,28.704,55.03,Kharif,Tropical,110.00000000000001
Brazil,Potato,2004,2179.76,15.07,33.038,106.84,Whole Year,Temperate,110.00000000000001
Argentina,Barley,2010,2173.88,12.69,2.559,19.08,Rabi,Temperate,110.00000000000001
India,Sugarcane,2005,2199.35,15.91,0.337,281.78,Whole Year,Temperate,110.00000000000001
India,Cotton,2009,1807.7,19.62,4.07,10.54,Kharif,Subtropical,110.00000000000001
Brazil,Rice,2007,2066.87,28.98,21.973,51.85,Kharif,Tropical,110.00000000000001
Australia,Rice,2010,1180.91,20.67,10.633,44.76,Kharif,Subtropical,110.00000000000001
Australia,Rice,2017,1704.74,24.15,46.65,66.59,Kharif,Subtropical,110.00000000000001
Brazil,Sugarcane,2013,1585.67,16.52,1.042,603.18,Whole Year,Temperate,110.00000000000001
Brazil,Sugarcane,2012,1604.05,24.33,51.549,896.35,Whole Year,Subtropical,110.00000000000001
China,Barley,2022,1510.99,19.26,48.353,41.11,Rabi,Subtropical,110.00000000000001
Argentina,Sugarcane,2018,1950.89,24.51,23.922,688.7,Whole Year,Subtropical,110.00000000000001
Australia,Potato,2019,1246.3,25.55,35.338,290.54,Whole Year,Subtropical,110.00000000000001
Argentina,Rice,2017,750.29,14.48,43.96,29.49,Rabi,Temperate,110.00000000000001
Australia,Maize,2017,1587.03,12.28,29.208,54.4,Kharif,Temperate,110.00000000000001
India,Rice,2004,1211.59,31.67,12.448,26.04,Kharif,Tropical,110.00000000000001
USA,Wheat,2003,1926.83,24.81,5.027,21.97,Rabi,Subtropical,110.00000000000001
Argentina,Sugarcane,2006,1075.56,23.36,26.979,875.87,Whole Year,Subtropical,110.00000000000001
Australia,Cotton,2022,565.13,15.35,22.938,20.9,Rabi,Temperate,110.00000000000001
China,Potato,2008,2123.48,17.56,3.648,124.18,Whole Year,Temperate,110.00000000000001
Argentina,Wheat,2018,1375.41,29.41,21.018,25.73,Rabi,Tropical,110.00000000000001
China,Cotton,2022,1694.23,12.81,32.402,11.04,Kharif,Temperate,110.00000000000001
India,Barley,2003,649.57,19.17,20.093,33.47,Rabi,Subtropical,110.00000000000001
Brazil,Barley,2007,1439.08,14.95,13.875,29.85,Rabi,Temperate,110.00000000000001
Argentina,Wheat,2020,1242.61,27.3,50.724,31.33,Rabi,Tropical,110.00000000000001
USA,Soybean,2010,1973.37,31.15,11.67,17.65,Whole Year,Tropical,110.00000000000001
Argentina,Sugarcane,2009,1446.53,16.08,47.874,570.48,Whole Year,Temperate,110.00000000000001
Argentina,Soybean,2019,1195.44,29.0,11.599,26.79,Whole Year,Tropical,110.00000000000001
USA,Rice,2006,1320.11,30.3,3.35,64.88,Kharif,Tropical,110.00000000000001
Brazil,Wheat,2018,2072.17,12.62,46.869,19.62,Rabi,Temperate,110.00000000000001
Australia,Cotton,2008,1090.81,24.62,48.693,26.27,Kharif,Subtropical,110.00000000000001
China,Sugarcane,2008,2133.19,31.67,7.078,760.39,Whole Year,Tropical,110.00000000000001
China,Cotton,2009,1722.53,12.93,48.179,15.28,Kharif,Temperate,110.00000000000001
India,Soybean,2008,1631.13,19.09,30.613,20.01,Whole Year,Subtropical,110.00000000000001
USA,Potato,2016,1558.77,18.53,44.84,251.55,Whole Year,Subtropical,110.00000000000001
USA,Sugarcane,2014,1003.4,13.34,52.049,555.34,Whole Year,Temperate,110.00000000000001
USA,Wheat,2019,1877.84,19.79,13.365,31.22,Rabi,Subtropical,110.00000000000001
India,Wheat,2021,1885.21,13.88,22.082,17.71,Rabi,Temperate,110.00000000000001
Argentina,Cotton,2003,634.73,16.7,37.14,14.38,Rabi,Temperate,110.00000000000001
USA,Wheat,2022,1994.83,29.27,30.488,22.05,Rabi,Tropical,110.00000000000001
Argentina,Rice,2001,1607.39,31.04,24.888,60.93,Kharif,Tropical,110.00000000000001
Argentina,Rice,2008,635.67,24.74,40.722,41.01,Rabi,Subtropical,110.00000000000001
USA,Soybean,2011,831.03,23.92,37.411,36.5,Whole Year,Subtropical,110.00000000000001
Brazil,Maize,2018,1992.16,28.55,47.566,39.79,Kharif,Tropical,110.00000000000001
Argentina,Maize,2020,1814.06,23.02,6.665,58.6,Kharif,Subtropical,110.00000000000001
Australia,Wheat,2023,716.59,30.41,43.841,39.62,Rabi,Tropical,110.00000000000001
Argentina,Rice,2010,1006.98,22.33,48.142,42.72,Kharif,Subtropical,110.00000000000001
Australia,Maize,2001,1418.61,12.72,5.328,49.7,Kharif,Temperate,110.00000000000001
Australia,Soybean,2007,1460.49,16.66,47.101,26.08,Whole Year,Temperate,110.00000000000001
USA,Soybean,2019,1835.57,16.57,10.497,24.74,Whole Year,Temperate,110.00000000000001
Australia,Soybean,2014,751.11,18.52,56.342,44.82,Whole Year,Subtropical,110.00000000000001
Brazil,Potato,2004,1778.79,28.31,1.71,91.66,Whole Year,Tropical,110.00000000000001
India,Rice,2002,1848.97,22.66,35.077,26.42,Kharif,Subtropical,110.00000000000001
Brazil,Rice,2018,1985.66,15.98,19.368,37.85,Kharif,Temperate,110.00000000000001
USA,Soybean,2020,1882.07,31.6,49.395,24.52,Whole Year,Tropical,110.00000000000001
Argentina,Cotton,2008,1670.69,24.05,23.108,22.6,Kharif,Subtropical,110.00000000000001
Argentina,Barley,2001,581.42,28.91,38.796,22.52,Rabi,Tropical,110.00000000000001
Australia,Barley,2003,539.37,23.63,56.986,39.54,Rabi,Subtropical,110.00000000000001
China,Barley,2010,991.53,21.6,49.858,37.55,Rabi,Subtropical,110.00000000000001
USA,Potato,2023,447.32,30.22,20.638,214.14,Whole Year,Tropical,110.00000000000001
India,Wheat,2002,1749.71,30.48,29.037,11.34,Rabi,Tropical,110.00000000000001
Brazil,Rice,2021,1534.77,24.66,41.989,54.86,Kharif,Subtropical,110.00000000000001
Brazil,Rice,2001,674.27,29.25,23.139,38.22,Rabi,Tropical,110.00000000000001
Argentina,Potato,2023,448.84,31.43,48.807,155.18,Whole Year,Tropical,110.00000000000001
USA,Wheat,2015,1877.25,14.32,13.088,25.48,Rabi,Temperate,110.00000000000001
Australia,Potato,2000,1280.03,20.85,13.503,186.82,Whole Year,Subtropical,110.00000000000001
Argentina,Maize,2006,2169.21,27.94,40.413,41.31,Kharif,Tropical,110.00000000000001
India,Potato,2012,989.84,18.31,1.518,141.98,Whole Year,Subtropical,110.00000000000001
China,Soybean,2006,1988.69,28.96,14.461,18.1,Whole Year,Tropical,110.00000000000001
Argentina,Maize,2020,1232.77,20.13,27.804,78.96,Kharif,Subtropical,110.00000000000001
Australia,Wheat,2022,1036.53,24.28,30.656,44.87,Rabi,Subtropical,110.00000000000001
USA,Sugarcane,2009,435.82,30.49,56.034,591.28,Whole Year,Tropical,110.00000000000001
Argentina,Rice,2022,1524.71,12.58,26.218,43.2,Kharif,Temperate,110.00000000000001
China,Soybean,2018,905.34,22.14,3.244,30.99,Whole Year,Subtropical,110.00000000000001
Brazil,Cotton,2021,863.84,30.88,45.312,32.83,Kharif,Tropical,110.00000000000001
China,Potato,2010,617.06,22.33,25.544,205.21,Whole Year,Subtropical,110.00000000000001
India,Cotton,2001,894.94,16.57,37.718,15.79,Kharif,Temperate,110.00000000000001
USA,Barley,2020,599.87,22.0,54.755,53.17,Rabi,Subtropical,110.00000000000001
China,Rice,2022,2091.09,14.69,41.766,38.68,Kharif,Temperate,110.00000000000001
Australia,Rice,2015,1131.88,15.18,20.872,43.54,Kharif,Temperate,110.00000000000001
USA,Sugarcane,2005,2032.26,26.32,19.154,680.23,Whole Year,Tropical,110.00000000000001
Argentina,Rice,2005,1887.54,22.06,6.15,35.89,Kharif,Subtropical,110.00000000000001
Australia,Rice,2004,843.96,16.68,17.888,33.55,Kharif,Temperate,110.00000000000001
Argentina,Rice,2009,1219.66,22.77,38.081,60.11,Kharif,Subtropical,110.00000000000001
Argentina,Potato,2008,528.95,19.28,1.567,166.32,Whole Year,Subtropical,110.00000000000001
India,Maize,2016,1837.86,22.86,37.497,45.97,Kharif,Subtropical,110.00000000000001
USA,Barley,2020,1596.97,18.11,18.025,47.66,Rabi,Subtropical,110.00000000000001
China,Soybean,2022,469.96,22.39,9.555,37.86,Whole Year,Subtropical,110.00000000000001
Brazil,Sugarcane,2012,754.06,14.69,33.051,456.75,Whole Year,Temperate,110.00000000000001
India,Cotton,2015,546.09,28.52,42.433,20.4,Rabi,Tropical,110.00000000000001
Australia,Barley,2014,627.18,27.56,20.246,28.32,Rabi,Tropical,110.00000000000001
China,Rice,2005,2017.23,17.98,22.273,41.33,Kharif,Temperate,110.00000000000001
China,Barley,2014,1099.32,27.48,7.435,31.0,Rabi,Tropical,110.00000000000001
Argentina,Barley,2022,505.36,26.1,30.192,26.96,Rabi,Tropical,110.00000000000001
Argentina,Soybean,2020,1973.43,22.36,9.473,24.74,Whole Year,Subtropical,110.00000000000001
Australia,Cotton,2012,1235.55,27.82,10.045,31.11,Kharif,Tropical,110.00000000000001
Australia,Barley,2005,2180.67,26.35,62.036,20.31,Rabi,Tropical,110.00000000000001
Brazil,Wheat,2008,648.43,12.87,0.74,26.84,Rabi,Temperate,110.00000000000001
Brazil,Potato,2013,2195.18,13.23,23.8,74.71,Whole Year,Temperate,110.00000000000001
USA,Maize,2003,1108.66,30.8,26.719,61.04,Kharif,Tropical,110.00000000000001
Argentina,Wheat,2007,1290.7,12.67,40.231,30.59,Rabi,Temperate,110.00000000000001
Australia,Sugarcane,2000,1163.1,27.61,2.012,883.86,Whole Year,Tropical,110.00000000000001
Brazil,Cotton,2006,619.87,28.74,21.3,23.62,Rabi,Tropical,110.00000000000001
USA,Potato,2008,1023.13,20.11,8.037,290.97,Whole Year,Subtropical,110.00000000000001
India,Potato,2014,840.98,14.67,4.638,177.14,Whole Year,Temperate,110.00000000000001
USA,Wheat,2013,1559.22,28.88,37.483,27.44,Rabi,Tropical,110.00000000000001
Australia,Soybean,2002,1584.35,29.94,48.897,21.97,Whole Year,Tropical,110.00000000000001
China,Wheat,2000,1860.27,22.27,2.259,24.9,Rabi,Subtropical,110.00000000000001
Australia,Sugarcane,2009,1979.8,13.6,34.618,656.19,Whole Year,Temperate,110.00000000000001
Australia,Cotton,2010,517.73,21.98,15.504,19.7,Rabi,Subtropical,110.00000000000001
Argentina,Rice,2010,557.28,14.17,38.437,31.96,Rabi,Temperate,110.00000000000001
Australia,Cotton,2011,1144.73,16.05,40.93,22.58,Kharif,Temperate,110.00000000000001
USA,Soybean,2015,1650.96,12.49,8.927,18.19,Whole Year,Temperate,110.00000000000001
Australia,Rice,2000,780.52,24.99,14.114,38.08,Rabi,Subtropical,110.00000000000001
China,Wheat,2003,655.83,29.69,19.473,27.75,Rabi,Tropical,110.00000000000001
China,Soybean,2020,1869.25,15.14,56.192,16.36,Whole Year,Temperate,110.00000000000001
Australia,Soybean,2015,2102.25,16.64,8.999,19.33,Whole Year,Temperate,110.00000000000001
Argentina,Rice,2012,1833.44,23.21,11.281,46.11,Kharif,Subtropical,110.00000000000001
Argentina,Sugarcane,2011,1489.39,28.11,56.206,869.33,Whole Year,Tropical,110.00000000000001
USA,Maize,2002,904.4,22.84,47.776,97.23,Kharif,Subtropical,110.00000000000001
Australia,Barley,2023,1392.87,26.97,45.318,37.4,Rabi,Tropical,110.00000000000001
China,Rice,2019,662.99,12.89,9.165,31.01,Rabi,Temperate,110.00000000000001
Australia,Wheat,2005,1514.4,26.51,17.666,26.94,Rabi,Tropical,110.00000000000001
Brazil,Sugarcane,2005,1772.93,29.95,40.498,736.39,Whole Year,Tropical,110.00000000000001
China,Wheat,2020,1581.7,22.19,13.621,34.81,Rabi,Subtropical,110.00000000000001
China,Cotton,2011,445.29,31.12,4.079,22.13,Rabi,Tropical,110.00000000000001
Brazil,Rice,2017,1906.18,30.83,16.929,43.04,Kharif,Tropical,110.00000000000001
USA,Soybean,2012,2036.08,26.99,58.452,20.95,Whole Year,Tropical,110.00000000000001
USA,Soybean,2001,644.09,12.77,16.472,24.81,Whole Year,Temperate,110.00000000000001
China,Barley,2007,1005.34,23.45,2.45,37.32,Rabi,Subtropical,110.00000000000001
India,Maize,2000,452.0,27.62,22.137,34.33,Rabi,Tropical,110.00000000000001
Brazil,Soybean,2004,1909.14,23.87,6.362,16.04,Whole Year,Subtropical,110.00000000000001
India,Potato,2015,976.59,28.81,15.801,119.75,Whole Year,Tropical,110.00000000000001
China,Wheat,2017,646.12,25.55,3.394,28.19,Rabi,Subtropical,110.00000000000001
India,Wheat,2009,942.58,31.96,32.232,21.18,Rabi,Tropical,110.00000000000001
India,Barley,2016,1135.97,30.05,12.568,16.53,Rabi,Tropical,110.00000000000001
Argentina,Barley,2014,1508.18,25.84,5.655,32.6,Rabi,Subtropical,110.00000000000001
India,Sugarcane,2020,1322.89,19.24,36.746,532.75,Whole Year,Subtropical,110.00000000000001
Australia,Soybean,2009,1654.27,28.41,10.937,23.45,Whole Year,Tropical,110.00000000000001
USA,Potato,2010,1145.97,29.05,65.597,266.11,Whole Year,Tropical,110.00000000000001
USA,Potato,2004,1145.71,15.87,50.775,270.03,Whole Year,Temperate,110.00000000000001
Argentina,Maize,2012,420.75,20.29,3.846,53.34,Rabi,Subtropical,110.00000000000001
Argentina,Rice,2018,1839.74,22.58,36.669,50.78,Kharif,Subtropical,110.00000000000001
Argentina,Sugarcane,2006,1214.92,14.47,38.865,624.1,Whole Year,Temperate,110.00000000000001
Brazil,Rice,2006,2166.43,30.54,53.459,33.17,Kharif,Tropical,110.00000000000001
Argentina,Rice,2002,1526.49,24.48,22.465,42.7,Kharif,Subtropical,110.00000000000001
Argentina,Potato,2002,1703.26,28.52,15.356,122.09,Whole Year,Tropical,110.00000000000001
India,Soybean,2015,2008.85,13.92,17.486,11.36,Whole Year,Temperate,110.00000000000001
Australia,Wheat,2004,1466.13,27.37,61.26,34.0,Rabi,Tropical,110.00000000000001
Brazil,Wheat,2021,1180.79,18.85,11.697,38.68,Rabi,Subtropical,110.00000000000001
India,Soybean,2018,514.79,25.81,27.389,23.83,Whole Year,Subtropical,110.00000000000001
USA,Cotton,2010,510.51,28.34,14.567,28.42,Rabi,Tropical,110.00000000000001
India,Maize,2004,1394.39,23.6,13.579,49.81,Kharif,Subtropical,110.00000000000001
Argentina,Sugarcane,2000,1786.34,12.39,42.97,431.09,Whole Year,Temperate,110.00000000000001
India,Wheat,2014,1306.82,24.79,27.189,24.38,Rabi,Subtropical,110.00000000000001
Australia,Soybean,2014,408.25,15.08,59.426,33.54,Whole Year,Temperate,110.00000000000001
India,Maize,2017,1978.08,22.47,1.523,27.22,Kharif,Subtropical,110.00000000000001
Argentina,Barley,2007,2074.13,29.69,30.118,19.24,Rabi,Tropical,110.00000000000001
Brazil,Rice,2005,751.82,30.66,17.371,38.51,Rabi,Tropical,110.00000000000001
China,Cotton,2021,1533.28,22.49,40.289,22.66,Kharif,Subtropical,110.00000000000001
India,Sugarcane,2010,1545.21,26.66,22.721,543.43,Whole Year,Tropical,110.00000000000001
China,Sugarcane,2011,1129.93,16.5,1.111,496.12,Whole Year,Temperate,110.00000000000001
India,Wheat,2002,568.32,23.07,29.56,19.97,Rabi,Subtropical,110.00000000000001
Brazil,Maize,2020,1907.89,21.05,41.132,42.84,Kharif,Subtropical,110.00000000000001
India,Soybean,2010,1162.22,26.14,15.77,20.61,Whole Year,Tropical,110.00000000000001
USA,Rice,2015,532.4,17.75,38.445,30.91,Rabi,Temperate,110.00000000000001
China,Barley,2023,965.27,27.91,29.981,29.86,Rabi,Tropical,110.00000000000001
Australia,Barley,2019,1077.81,22.54,45.864,35.79,Rabi,Subtropical,110.00000000000001
China,Soybean,2017,803.05,16.39,10.111,28.92,Whole Year,Temperate,110.00000000000001
Argentina,Rice,2018,1097.22,13.04,28.721,38.95,Kharif,Temperate,110.00000000000001
Argentina,Rice,2021,1298.73,29.2,54.178,74.48,Kharif,Tropical,110.00000000000001
India,Rice,2017,2082.61,23.63,12.211,33.72,Kharif,Subtropical,110.00000000000001
Brazil,Soybean,2018,1519.25,29.96,10.907,16.66,Whole Year,Tropical,110.00000000000001
India,Rice,2021,1436.86,25.98,13.206,46.68,Kharif,Subtropical,110.00000000000001
USA,Wheat,2023,505.11,15.35,27.972,40.28,Rabi,Temperate,110.00000000000001
China,Rice,2002,920.72,18.91,45.238,30.32,Kharif,Subtropical,110.00000000000001
India,Wheat,2000,1671.1,17.82,10.417,17.53,Rabi,Temperate,110.00000000000001
Argentina,Barley,2008,1746.55,17.9,39.151,24.96,Rabi,Temperate,110.00000000000001
India,Sugarcane,2008,448.55,25.25,19.004,473.94,Whole Year,Subtropical,110.00000000000001
India,Wheat,2012,850.08,17.66,35.224,37.84,Rabi,Temperate,110.00000000000001
China,Potato,2009,2198.68,25.44,29.363,144.73,Whole Year,Subtropical,110.00000000000001
Australia,Potato,2013,649.81,29.05,1.718,160.54,Whole Year,Tropical,110.00000000000001
Argentina,Maize,2009,1460.17,28.28,24.44,58.47,Kharif,Tropical,110.00000000000001
USA,Rice,2014,904.53,12.78,0.938,29.62,Kharif,Temperate,110.00000000000001
Brazil,Cotton,2002,956.5,17.63,12.529,21.56,Kharif,Temperate,110.00000000000001
Argentina,Rice,2021,454.0,27.72,31.916,44.41,Rabi,Tropical,110.00000000000001
Brazil,Maize,2002,1882.89,13.6,11.4,26.29,Kharif,Temperate,110.00000000000001
USA,Sugarcane,2019,1703.35,21.9,13.462,901.19,Whole Year,Subtropical,110.00000000000001
China,Potato,2008,759.06,12.22,19.03,136.37,Whole Year,Temperate,110.00000000000001
Australia,Rice,2005,1208.31,20.36,11.338,53.02,Kharif,Subtropical,110.00000000000001
Australia,Cotton,2001,1651.99,19.21,20.07,11.92,Kharif,Subtropical,110.00000000000001
USA,Barley,2013,1326.29,20.7,55.856,46.08,Rabi,Subtropical,110.00000000000001
Australia,Cotton,2017,2011.43,23.14,42.625,18.54,Kharif,Subtropical,110.00000000000001
China,Potato,2014,1480.84,26.63,3.254,175.78,Whole Year,Tropical,110.00000000000001
Australia,Soybean,2008,506.83,21.35,3.651,29.68,Whole Year,Subtropical,110.00000000000001
India,Soybean,2006,1881.13,29.01,27.27,15.02,Whole Year,Tropical,110.00000000000001
USA,Wheat,2002,638.78,17.31,1.771,36.59,Rabi,Temperate,110.00000000000001
Brazil,Wheat,2010,1340.08,27.62,14.741,20.39,Rabi,Tropical,110.00000000000001
Argentina,Barley,2020,1968.4,15.4,51.095,33.43,Rabi,Temperate,110.00000000000001
USA,Cotton,2004,995.28,15.32,10.6,18.3,Kharif,Temperate,110.00000000000001
China,Maize,2014,561.16,30.3,53.216,64.11,Rabi,Tropical,110.00000000000001
Argentina,Rice,2002,567.15,16.87,27.572,31.93,Rabi,Temperate,110.00000000000001
China,Potato,2014,443.4,18.83,39.235,167.84,Whole Year,Subtropical,110.00000000000001
USA,Cotton,2010,1149.76,18.05,5.935,27.15,Kharif,Subtropical,110.00000000000001
USA,Potato,2005,671.39,26.2,48.05,266.99,Whole Year,Tropical,110.00000000000001
Argentina,Rice,2004,527.63,20.59,15.722,28.64,Rabi,Subtropical,110.00000000000001
Brazil,Cotton,2023,698.0,28.41,44.182,30.61,Rabi,Tropical,110.00000000000001
Australia,Cotton,2005,603.66,29.6,9.07,20.49,Rabi,Tropical,110.00000000000001
USA,Barley,2022,1333.96,19.36,66.832,61.14,Rabi,Subtropical,110.00000000000001
Argentina,Rice,2013,1082.51,31.79,58.012,43.48,Kharif,Tropical,110.00000000000001
Brazil,Barley,2018,1135.92,26.79,49.508,29.38,Rabi,Tropical,110.00000000000001
China,Cotton,2012,566.72,21.99,40.73,25.33,Rabi,Subtropical,110.00000000000001
India,Maize,2010,907.12,27.59,16.194,55.08,Kharif,Tropical,110.00000000000001
Australia,Soybean,2019,1989.94,21.1,46.667,19.7,Whole Year,Subtropical,110.00000000000001
Australia,Wheat,2012,522.37,12.12,51.986,28.74,Rabi,Temperate,110.00000000000001
Brazil,Cotton,2008,1828.06,19.61,31.672,14.66,Kharif,Subtropical,110.00000000000001
USA,Potato,2019,1424.72,25.38,50.349,201.65,Whole Year,Subtropical,110.00000000000001
Argentina,Barley,2018,1828.59,27.26,44.403,29.28,Rabi,Tropical,110.00000000000001
India,Cotton,2010,2074.53,17.71,20.009,7.04,Kharif,Temperate,110.00000000000001
Australia,Soybean,2007,947.27,28.22,56.957,26.53,Whole Year,Tropical,110.00000000000001
Australia,Rice,2008,1947.7,22.42,44.22,35.71,Kharif,Subtropical,110.00000000000001
Argentina,Wheat,2006,2035.67,26.61,16.3,17.91,Rabi,Tropical,110.00000000000001
USA,Cotton,2007,1340.56,22.34,14.052,26.14,Kharif,Subtropical,110.00000000000001
Australia,Rice,2021,2075.58,22.56,44.997,58.1,Kharif,Subtropical,110.00000000000001
India,Sugarcane,2000,1420.36,21.73,22.853,545.84,Whole Year,Subtropical,110.00000000000001
Australia,Soybean,2003,849.42,24.33,44.56,42.39,Whole Year,Subtropical,110.00000000000001
USA,Sugarcane,2022,1567.62,27.43,27.385,1495.96,Whole Year,Tropical,110.00000000000001
India,Potato,2009,1127.67,24.36,9.951,175.55,Whole Year,Subtropical,110.00000000000001
USA,Soybean,2019,960.38,23.51,14.072,38.48,Whole Year,Subtropical,110.00000000000001
Brazil,Cotton,2001,1475.99,28.93,12.753,21.9,Kharif,Tropical,110.00000000000001
Australia,Maize,2017,1658.56,18.9,29.682,54.12,Kharif,Subtropical,110.00000000000001
Argentina,Barley,2018,1085.83,16.35,44.629,38.74,Rabi,Temperate,110.00000000000001
Australia,Cotton,2014,1504.91,15.72,9.096,18.89,Kharif,Temperate,110.00000000000001
Brazil,Soybean,2011,1199.99,29.99,19.717,23.65,Whole Year,Tropical,110.00000000000001
China,Sugarcane,2011,838.18,18.5,20.295,666.79,Whole Year,Subtropical,110.00000000000001
Australia,Soybean,2015,2076.37,26.92,16.482,21.66,Whole Year,Tropical,110.00000000000001
Australia,Wheat,2009,729.37,29.49,55.319,25.94,Rabi,Tropical,110.00000000000001
China,Wheat,2021,1615.4,12.2,16.407,23.07,Rabi,Temperate,110.00000000000001
Argentina,Soybean,2002,1866.31,13.59,47.295,17.75,Whole Year,Temperate,110.00000000000001
India,Sugarcane,2009,1485.44,28.5,4.005,749.08,Whole Year,Tropical,110.00000000000001
Brazil,Potato,2018,1307.34,12.39,23.327,179.88,Whole Year,Temperate,110.00000000000001
China,Sugarcane,2011,1337.79,23.78,41.968,762.87,Whole Year,Subtropical,110.00000000000001
Australia,Potato,2003,1298.27,27.21,32.803,154.96,Whole Year,Tropical,110.00000000000001
USA,Wheat,2009,1575.49,23.43,35.655,32.62,Rabi,Subtropical,110.00000000000001
China,Potato,2003,1813.49,14.22,51.471,155.02,Whole Year,Temperate,110.00000000000001
Australia,Potato,2007,560.34,14.27,56.507,199.28,Whole Year,Temperate,110.00000000000001
USA,Barley,2009,893.52,16.44,38.867,49.88,Rabi,Temperate,110.00000000000001
China,Maize,2006,1096.62,26.69,5.908,61.17,Kharif,Tropical,110.00000000000001
China,Cotton,2010,818.12,12.61,48.742,16.66,Kharif,Temperate,110.00000000000001
China,Wheat,2011,1416.98,19.94,15.426,38.19,Rabi,Subtropical,110.00000000000001
USA,Rice,2009,1167.08,28.9,48.173,55.12,Kharif,Tropical,110.00000000000001
India,Barley,2005,734.65,25.64,2.369,21.88,Rabi,Subtropical,110.00000000000001
China,Maize,2015,1015.76,21.55,57.329,76.84,Kharif,Subtropical,110.00000000000001
Argentina,Soybean,2016,1442.9,18.55,19.318,25.75,Whole Year,Subtropical,110.00000000000001
India,Sugarcane,2015,1576.54,12.79,4.5,537.05,Whole Year,Temperate,110.00000000000001
China,Barley,2007,861.51,31.07,12.288,32.4,Rabi,Tropical,110.00000000000001
India,Cotton,2018,1274.22,14.65,4.429,13.63,Kharif,Temperate,110.00000000000001
China,Barley,2000,1298.97,28.06,16.03,23.39,Rabi,Tropical,110.00000000000001
Argentina,Soybean,2000,451.55,15.29,53.717,22.53,Whole Year,Temperate,110.00000000000001
USA,Rice,2023,656.27,30.98,66.551,44.62,Rabi,Tropical,110.00000000000001
USA,Rice,2012,1934.51,18.56,4.644,52.98,Kharif,Subtropical,110.00000000000001
China,Wheat,2005,629.94,16.09,23.463,39.24,Rabi,Temperate,110.00000000000001
China,Sugarcane,2023,1465.48,13.92,27.466,869.13,Whole Year,Temperate,110.00000000000001
Brazil,Maize,2001,1018.67,15.69,1.199,45.42,Kharif,Temperate,110.00000000000001
Brazil,Soybean,2019,1101.55,22.33,0.601,35.77,Whole Year,Subtropical,110.00000000000001
Argentina,Cotton,2014,604.67,17.41,27.413,22.89,Rabi,Temperate,110.00000000000001
Argentina,Soybean,2003,595.88,14.38,18.621,18.98,Whole Year,Temperate,110.00000000000001
India,Wheat,2020,503.71,20.29,26.244,28.58,Rabi,Subtropical,110.00000000000001
USA,Rice,2005,992.64,30.38,31.833,38.61,Kharif,Tropical,110.00000000000001
Brazil,Soybean,2001,685.99,17.71,11.532,25.66,Whole Year,Temperate,110.00000000000001
Australia,Soybean,2021,1239.06,23.99,21.014,26.34,Whole Year,Subtropical,110.00000000000001
China,Maize,2019,533.51,19.49,19.288,80.32,Rabi,Subtropical,110.00000000000001
Argentina,Sugarcane,2011,575.7,28.51,50.419,603.02,Whole Year,Tropical,110.00000000000001
USA,Cotton,2003,626.44,16.3,18.113,20.14,Rabi,Temperate,110.00000000000001
Australia,Wheat,2010,607.66,21.24,32.692,34.42,Rabi,Subtropical,110.00000000000001
USA,Cotton,2009,1029.19,21.49,19.66,29.12,Kharif,Subtropical,110.00000000000001
India,Potato,2004,1821.8,28.28,8.427,88.37,Whole Year,Tropical,110.00000000000001
Argentina,Wheat,2022,1516.25,22.27,6.834,33.22,Rabi,Subtropical,110.00000000000001
USA,Rice,2006,1903.49,21.79,37.994,46.23,Kharif,Subtropical,110.00000000000001
USA,Sugarcane,2014,812.12,28.75,66.608,1115.79,Whole Year,Tropical,110.00000000000001
Australia,Soybean,2019,1701.42,23.04,15.058,23.41,Whole Year,Subtropical,110.00000000000001
India,Cotton,2017,1607.27,26.52,34.387,15.16,Kharif,Tropical,110.00000000000001
Argentina,Cotton,2010,2003.27,20.2,1.614,14.13,Kharif,Subtropical,110.00000000000001
USA,Maize,2015,955.53,16.51,64.646,68.22,Kharif,Temperate,110.00000000000001
Brazil,Sugarcane,2007,1506.05,26.75,40.24,1095.0,Whole Year,Tropical,110.00000000000001
India,Cotton,2006,818.13,21.27,27.273,17.17,Kharif,Subtropical,110.00000000000001
USA,Barley,2006,1015.66,14.68,56.397,58.81,Rabi,Temperate,110.00000000000001
Australia,Barley,2017,1417.49,16.2,34.132,46.96,Rabi,Temperate,110.00000000000001
China,Sugarcane,2003,1124.26,12.43,35.083,479.33,Whole Year,Temperate,110.00000000000001
Brazil,Barley,2008,1731.05,28.17,54.021,19.55,Rabi,Tropical,110.00000000000001
Argentina,Potato,2003,1860.42,16.68,24.595,129.59,Whole Year,Temperate,110.00000000000001
India,Wheat,2008,846.86,15.84,6.721,33.42,Rabi,Temperate,110.00000000000001
Brazil,Maize,2011,1646.38,27.52,1.784,43.97,Kharif,Tropical,110.00000000000001
Australia,Potato,2005,1178.93,19.23,19.728,219.0,Whole Year,Subtropical,110.00000000000001
China,Maize,2001,998.55,19.06,17.755,77.46,Kharif,Subtropical,110.00000000000001
India,Maize,2016,888.31,21.1,40.084,50.1,Kharif,Subtropical,110.00000000000001
China,Cotton,2019,1608.06,26.47,1.797,16.13,Kharif,Tropical,110.00000000000001
Argentina,Potato,2006,840.96,12.09,52.843,183.13,Whole Year,Temperate,110.00000000000001
Brazil,Maize,2000,2119.23,27.86,20.745,22.97,Kharif,Tropical,110.00000000000001
China,Wheat,2012,2085.56,30.54,38.384,17.76,Rabi,Tropical,110.00000000000001
USA,Rice,2008,822.23,28.17,56.292,43.12,Kharif,Tropical,110.00000000000001
Australia,Barley,2001,1572.23,24.85,6.085,26.03,Rabi,Subtropical,110.00000000000001
Argentina,Maize,2017,1444.17,28.52,21.812,50.45,Kharif,Tropical,110.00000000000001
Argentina,Potato,2020,754.4,13.43,2.743,155.59,Whole Year,Temperate,110.00000000000001
Australia,Potato,2023,696.41,17.14,26.629,296.74,Whole Year,Temperate,110.00000000000001
USA,Maize,2007,1677.46,17.43,33.864,45.33,Kharif,Temperate,110.00000000000001
India,Potato,2012,1914.61,25.4,27.265,129.16,Whole Year,Subtropical,110.00000000000001
Brazil,Soybean,2003,1024.04,23.88,32.346,30.95,Whole Year,Subtropical,110.00000000000001
Brazil,Potato,2011,1181.94,23.87,36.92,188.99,Whole Year,Subtropical,110.00000000000001
China,Cotton,2018,1491.66,18.62,24.031,17.08,Kharif,Subtropical,110.00000000000001
USA,Barley,2012,2017.16,16.36,28.76,36.39,Rabi,Temperate,110.00000000000001
China,Soybean,2011,714.02,13.36,11.305,29.67,Whole Year,Temperate,110.00000000000001
India,Barley,2014,716.66,21.3,27.535,31.7,Rabi,Subtropical,110.00000000000001
India,Potato,2009,635.05,12.64,11.621,150.3,Whole Year,Temperate,110.00000000000001
USA,Soybean,2007,726.64,21.34,38.404,37.71,Whole Year,Subtropical,110.00000000000001
Australia,Wheat,2003,1392.62,13.25,23.377,36.12,Rabi,Temperate,110.00000000000001
Argentina,Barley,2021,1461.59,15.07,6.162,36.21,Rabi,Temperate,110.00000000000001
India,Maize,2003,1130.53,14.89,11.783,47.46,Kharif,Temperate,110.00000000000001
USA,Sugarcane,2002,1836.11,21.91,26.225,985.57,Whole Year,Subtropical,110.00000000000001
USA,Barley,2000,893.28,16.78,33.665,44.37,Rabi,Temperate,110.00000000000001
Australia,Potato,2018,1951.05,31.91,57.701,164.19,Whole Year,Tropical,110.00000000000001
Australia,Wheat,2000,1639.06,15.34,9.772,20.86,Rabi,Temperate,110.00000000000001
Brazil,Barley,2021,2161.69,27.17,3.173,17.54,Rabi,Tropical,110.00000000000001
Brazil,Sugarcane,2002,579.87,14.07,21.744,364.53,Whole Year,Temperate,110.00000000000001
Australia,Barley,2011,514.16,15.35,53.58,44.46,Rabi,Temperate,110.00000000000001
Brazil,Cotton,2013,1428.15,21.55,47.253,24.08,Kharif,Subtropical,110.00000000000001
USA,Wheat,2001,1404.49,21.97,40.648,26.42,Rabi,Subtropical,110.00000000000001
Australia,Barley,2004,1060.71,29.62,50.032,40.91,Rabi,Tropical,110.00000000000001
Australia,Soybean,2008,1143.64,24.33,7.331,29.32,Whole Year,Subtropical,110.00000000000001
India,Potato,2020,1272.05,15.53,34.134,132.01,Whole Year,Temperate,110.00000000000001
Brazil,Soybean,2003,1898.6,20.27,35.002,16.46,Whole Year,Subtropical,110.00000000000001
Argentina,Rice,2017,1471.52,24.57,6.691,53.64,Kharif,Subtropical,110.00000000000001
USA,Barley,2021,1909.29,26.04,22.273,32.35,Rabi,Tropical,110.00000000000001
Argentina,Potato,2019,1562.01,13.75,56.617,205.27,Whole Year,Temperate,110.00000000000001
Brazil,Maize,2001,654.48,13.88,18.977,57.01,Rabi,Temperate,110.00000000000001
Argentina,Rice,2023,1418.28,20.48,27.745,54.86,Kharif,Subtropical,110.00000000000001
Brazil,Barley,2014,897.02,29.95,12.994,24.41,Rabi,Tropical,110.00000000000001
China,Wheat,2019,1064.57,18.69,51.116,43.55,Rabi,Subtropical,110.00000000000001
China,Sugarcane,2018,1843.66,14.01,36.588,665.29,Whole Year,Temperate,110.00000000000001
Australia,Rice,2007,1333.29,24.39,59.37,70.3,Kharif,Subtropical,110.00000000000001
Argentina,Potato,2020,1749.56,19.65,49.709,149.87,Whole Year,Subtropical,110.00000000000001
Argentina,Rice,2003,1909.96,19.46,44.714,38.95,Kharif,Subtropical,110.00000000000001
USA,Barley,2014,505.58,19.51,17.587,41.57,Rabi,Subtropical,110.00000000000001
India,Potato,2002,1652.15,30.36,33.391,86.75,Whole Year,Tropical,110.00000000000001
Brazil,Maize,2001,1519.96,29.66,5.562,46.58,Kharif,Tropical,110.00000000000001
India,Soybean,2015,1056.53,28.32,7.752,23.06,Whole Year,Tropical,110.00000000000001
Australia,Wheat,2014,440.37,19.05,43.261,35.85,Rabi,Subtropical,110.00000000000001
Argentina,Sugarcane,2023,2121.75,15.48,32.3,563.51,Whole Year,Temperate,110.00000000000001
Australia,Potato,2011,1591.76,15.09,31.224,195.89,Whole Year,Temperate,110.00000000000001
India,Rice,2003,1266.87,23.36,29.165,26.27,Kharif,Subtropical,110.00000000000001
Australia,Barley,2001,1486.88,31.86,60.258,29.55,Rabi,Tropical,110.00000000000001
USA,Potato,2011,1397.54,30.8,61.29,214.6,Whole Year,Tropical,110.00000000000001
Argentina,Sugarcane,2006,1705.3,31.03,21.83,963.82,Whole Year,Tropical,110.00000000000001
China,Soybean,2003,619.64,26.11,55.896,22.28,Whole Year,Tropical,110.00000000000001
USA,Barley,2001,416.87,13.6,51.917,42.22,Rabi,Temperate,110.00000000000001
India,Potato,2016,1928.78,20.85,11.131,82.96,Whole Year,Subtropical,110.00000000000001
China,Maize,2013,658.82,16.26,20.217,53.63,Rabi,Temperate,110.00000000000001
Australia,Wheat,2001,1404.01,19.0,40.206,35.26,Rabi,Subtropical,110.00000000000001
Argentina,Potato,2003,2008.48,15.85,5.22,121.6,Whole Year,Temperate,110.00000000000001
China,Rice,2006,610.76,23.18,17.277,40.03,Rabi,Subtropical,110.00000000000001
India,Cotton,2018,563.1,18.94,6.757,17.95,Rabi,Subtropical,110.00000000000001
India,Soybean,2008,789.9,30.09,33.632,18.51,Whole Year,Tropical,110.00000000000001
Australia,Barley,2018,959.05,23.3,16.856,54.88,Rabi,Subtropical,110.00000000000001
Brazil,Potato,2009,596.72,17.13,46.072,209.3,Whole Year,Temperate,110.00000000000001
China,Barley,2012,821.72,19.41,21.967,53.4,Rabi,Subtropical,110.00000000000001
Argentina,Maize,2022,1538.22,20.55,15.005,67.5,Kharif,Subtropical,110.00000000000001
Brazil,Barley,2006,1174.96,18.38,52.029,36.66,Rabi,Subtropical,110.00000000000001
Argentina,Barley,2011,632.28,14.16,16.962,40.21,Rabi,Temperate,110.00000000000001
India,Cotton,2012,1807.57,26.91,38.472,13.19,Kharif,Tropical,110.00000000000001
China,Rice,2001,1430.77,31.47,4.593,45.92,Kharif,Tropical,110.00000000000001
Brazil,Sugarcane,2020,1885.39,28.82,41.05,778.07,Whole Year,Tropical,110.00000000000001
USA,Sugarcane,2010,2044.55,16.68,38.989,626.32,Whole Year,Temperate,110.00000000000001
China,Barley,2006,618.49,14.31,7.965,29.74,Rabi,Temperate,110.00000000000001
Argentina,Potato,2011,698.41,22.07,39.129,198.15,Whole Year,Subtropical,110.00000000000001
Australia,Sugarcane,2001,402.8,26.7,54.937,535.37,Whole Year,Tropical,110.00000000000001
China,Potato,2021,1889.3,25.53,27.104,186.1,Whole Year,Subtropical,110.00000000000001
Argentina,Cotton,2022,1590.53,23.47,20.115,19.29,Kharif,Subtropical,110.00000000000001
Argentina,Barley,2009,2007.92,16.79,4.677,26.53,Rabi,Temperate,110.00000000000001
India,Sugarcane,2004,554.25,17.36,13.651,317.91,Whole Year,Temperate,110.00000000000001
India,Potato,2023,1919.83,20.32,15.043,118.55,Whole Year,Subtropical,110.00000000000001
India,Wheat,2006,1477.26,14.59,30.702,22.68,Rabi,Temperate,110.00000000000001
Australia,Potato,2011,1199.29,22.48,24.897,271.65,Whole Year,Subtropical,110.00000000000001
USA,Rice,2020,995.22,15.3,25.536,32.04,Kharif,Temperate,110.00000000000001
China,Soybean,2017,1191.36,26.99,36.816,28.53,Whole Year,Tropical,110.00000000000001
Australia,Maize,2017,445.31,24.07,44.633,84.5,Rabi,Subtropical,110.00000000000001
Australia,Cotton,2001,1387.79,20.02,18.944,18.85,Kharif,Subtropical,110.00000000000001
India,Rice,2014,727.06,14.21,40.076,23.01,Rabi,Temperate,110.00000000000001
India,Soybean,2006,1228.76,12.8,37.783,20.71,Whole Year,Temperate,110.00000000000001
USA,Barley,2010,511.37,24.28,30.245,41.15,Rabi,Subtropical,110.00000000000001
Australia,Barley,2008,1428.49,20.5,15.043,43.93,Rabi,Subtropical,110.00000000000001
China,Wheat,2013,731.28,28.46,12.414,31.38,Rabi,Tropical,110.00000000000001
USA,Rice,2000,1272.46,20.47,35.065,40.51,Kharif,Subtropical,110.00000000000001
India,Barley,2019,1015.1,15.71,7.579,32.74,Rabi,Temperate,110.00000000000001
Australia,Cotton,2012,1552.01,28.39,2.026,24.07,Kharif,Tropical,110.00000000000001
USA,Wheat,2003,1452.1,13.08,60.082,31.38,Rabi,Temperate,110.00000000000001
Argentina,Barley,2000,444.83,13.67,46.581,36.32,Rabi,Temperate,110.00000000000001
Australia,Cotton,2014,1410.04,24.39,61.218,23.14,Kharif,Subtropical,110.00000000000001
USA,Cotton,2007,871.44,24.33,39.418,25.29,Kharif,Subtropical,110.00000000000001
Australia,Sugarcane,2000,732.93,30.26,7.453,649.21,Whole Year,Tropical,110.00000000000001
India,Sugarcane,2012,822.95,20.89,36.862,429.18,Whole Year,Subtropical,110.00000000000001
Brazil,Rice,2022,434.74,16.69,32.327,31.88,Rabi,Temperate,110.00000000000001
Argentina,Barley,2010,1393.73,24.15,1.834,36.5,Rabi,Subtropical,110.00000000000001
Argentina,Wheat,2021,2066.34,16.02,4.881,21.17,Rabi,Temperate,110.00000000000001
China,Maize,2005,424.97,26.61,51.148,46.97,Rabi,Tropical,110.00000000000001
China,Sugarcane,2016,1623.66,29.44,43.762,921.49,Whole Year,Tropical,110.00000000000001
China,Cotton,2000,1440.38,22.67,11.975,14.53,Kharif,Subtropical,110.00000000000001
Argentina,Soybean,2011,839.27,26.76,44.164,29.89,Whole Year,Tropical,110.00000000000001
India,Wheat,2023,1212.94,26.79,25.13,28.75,Rabi,Tropical,110.00000000000001
Brazil,Barley,2003,1576.41,22.79,33.458,28.06,Rabi,Subtropical,110.00000000000001
Brazil,Barley,2020,1148.23,22.64,53.632,31.1,Rabi,Subtropical,110.00000000000001
India,Barley,2014,594.03,16.14,14.506,24.79,Rabi,Temperate,110.00000000000001
India,Cotton,2011,458.06,12.98,32.029,10.56,Rabi,Temperate,110.00000000000001
Brazil,Rice,2021,727.75,23.31,1.651,32.06,Rabi,Subtropical,110.00000000000001
India,Barley,2004,1397.43,24.18,19.978,19.92,Rabi,Subtropical,110.00000000000001
USA,Soybean,2022,1029.2,30.74,37.971,40.75,Whole Year,Tropical,110.00000000000001
Brazil,Maize,2014,1948.12,29.32,17.618,35.98,Kharif,Tropical,110.00000000000001
Australia,Maize,2001,1200.33,26.71,60.105,61.14,Kharif,Tropical,110.00000000000001
Australia,Maize,2019,594.08,17.98,13.22,83.52,Rabi,Temperate,110.00000000000001
Brazil,Barley,2006,992.6,21.29,46.591,48.52,Rabi,Subtropical,110.00000000000001
USA,Rice,2005,2146.74,29.53,16.87,42.56,Kharif,Tropical,110.00000000000001
Brazil,Soybean,2010,1278.38,27.66,45.481,30.76,Whole Year,Tropical,110.00000000000001
Argentina,Barley,2011,1318.05,24.14,45.523,34.54,Rabi,Subtropical,110.00000000000001
China,Potato,2018,1911.06,15.54,38.747,130.51,Whole Year,Temperate,110.00000000000001
Argentina,Soybean,2009,983.92,18.48,19.616,36.75,Whole Year,Subtropical,110.00000000000001
Brazil,Wheat,2020,820.48,30.9,21.189,34.38,Rabi,Tropical,110.00000000000001
Australia,Cotton,2023,785.4,13.7,56.027,28.22,Rabi,Temperate,110.00000000000001
China,Potato,2022,615.43,28.71,23.991,181.46,Whole Year,Tropical,110.00000000000001
India,Barley,2020,1553.51,29.5,28.07,22.73,Rabi,Tropical,110.00000000000001
China,Barley,2002,2163.97,15.07,53.298,21.71,Rabi,Temperate,110.00000000000001
USA,Barley,2019,1137.38,20.37,35.585,38.33,Rabi,Subtropical,110.00000000000001
Brazil,Rice,2007,1043.07,12.97,25.522,33.14,Kharif,Temperate,110.00000000000001
Brazil,Maize,2010,1662.43,23.79,15.44,44.36,Kharif,Subtropical,110.00000000000001
USA,Maize,2017,1636.7,20.32,19.397,64.28,Kharif,Subtropical,110.00000000000001
USA,Rice,2007,843.2,16.51,2.294,39.71,Kharif,Temperate,110.00000000000001
Brazil,Potato,2013,507.64,29.94,29.387,140.38,Whole Year,Tropical,110.00000000000001
Brazil,Wheat,2005,1832.28,25.53,28.004,23.22,Rabi,Subtropical,110.00000000000001
Australia,Potato,2012,1842.57,18.65,9.187,185.12,Whole Year,Subtropical,110.00000000000001
Argentina,Barley,2023,741.96,18.67,31.749,45.68,Rabi,Subtropical,110.00000000000001
India,Soybean,2013,626.59,22.82,12.434,24.94,Whole Year,Subtropical,110.00000000000001
India,Cotton,2001,1216.25,27.17,17.877,14.29,Kharif,Tropical,110.00000000000001
